model,temperature,sequence,sseqid,pident,evalue,entropy,pseudo_perplexity,plddt,ptm,pseudo_perplexity_LARGE
two_stage,1.5,MRLPLRRLFRRLKKIVLWFAGISVGLVLLFRVVPVPFSAVMVERQIGAWLSGDFGYVAHSDWVSLDQISDHMKLAVIAAEDQKFPEHWGFDVEAIEKALAHNERGGSIRGASTLSQQVSKNLFLWSGRSWVRKGLEAWFTVLIEVFWSKERI,tr|A0AAW7G1V5|A0AAW7G1V5_9ENTR,72.848,4.66e-69,3.985837602817464,15.785578004431388,0.7769983818770227,0.754812479019165,4.151945727760192
two_stage,1.5,MSGKHRRPSKAVRVVTLAGVTGAAVAAPLMAAGNASAATASEWDAVAQCESGGNWSINTGNGYYGGLQFSSSTWAAYGGTQYASTANQATKAQQIEIAEKVLASQGKGAWPHCGGPLSSQTPRSAPSTPAAPAAPAAPAAPAAPAAPAAPAA,tr|A0A917QUT1|A0A917QUT1_9ACTN,84.615,4.8799999999999995e-68,3.6739931320805614,8.169751508839099,0.6680920421860019,0.5310498476028442,2.7663773814420725
two_stage,1.5,MKNLSIRRTLGVAAVTGALVAAPLAVAGNASAATTSEWDQVAQCESGGNWSINTGNGYYGGLQFSSSTWAAYGGTQYASTADQASKAQQIAVAEKVLAGQGKGAWPVCGGPLSSSTPRDVPAPAPAPAPAPAPAPAPAPAPAPAPAPAPAAF,tr|A0A1H9RSS9|A0A1H9RSS9_9ACTN,83.962,3.13e-58,3.6630233122397104,6.903337801875234,0.6863122605363985,0.5255074501037598,2.7200213257413313
two_stage,1.5,MFKALITTVATLVASTSVYAQDDLTISSLAKGETTKAAFNQMVQGHKLPAWVMKGGGTSTPAQTVTLGDETYQVMSACKPHDCGSQRIAVMWSEKSNQMTGLFSTIDEKTSQEKLTWLNVNDALSIDGKTVLFAALTGSLENHPDAFNFPAS,tr|A0AAP9SI84|A0AAP9SI84_ECOLX,93.96,7.4e-99,4.044681894445352,12.61516415446192,0.7803070175438596,0.7620625495910645,4.269975006925162
two_stage,1.5,MKNLISKRAIRVAAVTGALVAAPLALATGTASAATDSEWDQVAQCESGGNWSINTGNGYYGGLQFSASTWAAYGGTQYAATADQASKAQQIEIAEKVLAGQGKGAWPVCGGPLSSSTPRDVAAAPAPAPAPAPAPAPAPAPAPAPAPAPAPS,tr|A0A917QUT1|A0A917QUT1_9ACTN,84.259,3.9500000000000004e-58,3.664909698462037,7.262686310169806,0.6885564053537285,0.52626633644104,2.7764515062367305
two_stage,1.5,MKKTLTALLLSAASLSAMAANDQVRVNELLGSDPQYRETWQDTVKGEERLPDWVINLSGTATPMQAVEADGDKYLVGQLCKPHDCGNNRLIVAFSPDKKHAYGLLVEVPEGLPSDKSPTRHADYRWLGKPDDGMKALLQEQLKKDPNWFNFK,tr|A0AAD2WDA2|A0AAD2WDA2_PSEPU,71.711,8.39e-75,4.090232368407254,12.326913869971822,0.7289765100671141,0.7247321605682373,4.796371816602576
two_stage,1.5,MSYRGKHRKMSTAARTVAKVAVAGAVVAAPMALSTATASADSVNWDAIAQCESGGNWSINTGNGYYGGLQFKPSTWSANGGVGSPQNASREEQIRVAENVLQTQGLKAWPKCGPKGLTPASASAPAPAPAPAPAPAPAPAPAPAPAPAAPAD,tr|A0A495XEI4|A0A495XEI4_9PSEU,72.932,1.3e-61,3.7661833458331615,7.483306809223928,0.6800188323917138,0.4992951154708862,3.0241638016351438
two_stage,1.5,MFGKGLVAALLLGGSAMVMANDGQSRVNELLSSAPEYRETWQSVVKKEERLPEWVMNLSGTAEQMNAVTEDGDKYLVGPLCETADTCKSKRLIVAFSLDKEDAYAMLVEVPAGLPADKSPTRHATYRYLGKPDEGMQKLLNEELKKDPNWYY,tr|A0AAJ2KFY3|A0AAJ2KFY3_9PSED,90.0,3.19e-96,4.033590840007812,12.744460873413296,0.7365793918918919,0.7356558442115784,6.61468954544172
two_stage,1.5,MPNLSFKAMAAVLLLGGSASVMAQDDLTINSLAKGETTKAAFNQMVQGHKLPAWVMKGGGTSTPAQTVTLGDETYQVMSACKPHDCGSQRIAVMWSEKSNQMTGLFSTIDEKTSQEKLTWLNVNDALSIDGKTVLFAALTGSLENHPDAFNF,tr|A0A478T640|A0A478T640_ECOLX,91.156,2.57e-95,4.0445119500442805,12.200596875192456,0.7677709251101322,0.7444522976875305,4.347022865574507
two_stage,1.5,MAKHRRPSKATRVLGAAAVTGSLVAVPLALSTGTASAASVNWDAIAQCESGGNWSINTGNGYYGGLQFSASTWAAYGGTQYAATADKATKAQQIAIAEKVLAGQGIGAWPVCGSKGLSTAGWSAPAAPAAPAAPAAPAAPAAPAAPAAPAAT,tr|A0A917QUT1|A0A917QUT1_9ACTN,77.049,8.59e-59,3.602589390337584,6.7837213119164135,0.7425581395348837,0.597834050655365,2.292642478961149
two_stage,1.5,MTKHSKTRRVLGLAAVTGALVAAPLLAAGSASAATASEWDAVAQCESGGNWSINTGNGYYGGVQFSASTWAAYGGTQYAATADKATKAQQIAVAEKVLAGQGKGAWPVCGGPLSSSTPRDVPAAPAAPAAPAAPAAPEAPAAPAAPAAPAAP,tr|A0A917QUT1|A0A917QUT1_9ACTN,78.448,8.13e-59,3.592951191795025,6.754768854178593,0.671368932038835,0.5292657613754272,2.7564209451575685
two_stage,1.5,MKNTRALRTLAVTGALVAVPFGLATGTASAASASTWDKLAQCESGGNWSINTGNGYYGGLQFSASTWAAYGGTAYAATADKATKAQQIAIAEKVLAGQGWGAWPSCSASLGLSSAPTQRSAPAAPAAPAAPAAPAAPAAPAAPAAPAAPAAA,tr|A0A260MEP9|A0A260MEP9_9NOCA,62.319,3.3e-56,3.513268476510643,6.33459024463299,0.6647087378640778,0.5227007865905762,2.4661883935185878
two_stage,1.5,MLFSSKGKHRRPSSTGRTVAKVAVTGAIVAAPLAAATGTASAAPSVNWDAIAQCESGGNWSINTGNGYYGGLQFSASTWAAYGGTAYAATANQASKAQQIAIANKVLAGQGIGAWPVCGPRGLTPGWSAPAAPAAPAAPAAPAAPAAPAPAF,tr|A0A7K3G866|A0A7K3G866_9ACTN,78.992,2.2000000000000008e-59,3.6425018524271713,7.932246198391796,0.7204697986577182,0.5717720985412598,2.793122743932874
two_stage,1.5,MTTNIRKSSRRALGLVAVTGALVAIPLGLSTATASAASVNWDAIAQCESGGNWSINTGNGYYGGLQFSASTWAAYGGTAYASTADKATKAQQIAVAEKVLAGQGIGAWPVCGGKGLSSAPTTRSAPAATPAPAPAPAPAPAPAPAPAPAPAN,tr|Q5YR18|Q5YR18_NOCFA,64.052,7.58e-57,3.662784422343231,7.430008478960665,0.7003753609239654,0.5209721922874451,2.6822762766547252
two_stage,1.5,MFKKLTFAVLSLAGSASVMAQDDLTISSLAHDETTRAAFNQMVKGEAHLPAWVMNGSGTSTPAQTVKLGSDTYLVLSACKPHDCGSQRIAVLWSPKSQQMAGLFSTVDEKTSQEKLTWLNVPDALSIDGKTVLFAALTGSLENHPDAFNYPE,tr|A0A7H4SCF3|A0A7H4SCF3_KLEVA,75.497,9.37e-80,4.044386172675015,11.752247729296675,0.7722834645669292,0.7602498531341553,4.308292382982515
two_stage,1.5,MFGKTLAAALLLGGATAAMAADDGLTFSALPHDATTRAAWNQMVKGEKNLPAWVRKGVGTGTPAQTVTIAGETYQVLSACKPHDCGSERIAVLYSPAKRQMAGLFSTVDEKTSQEKLQWLNVPDALSIDGKTVLFAALSGSLENHPDAFNYP,tr|A0A656BCZ1|A0A656BCZ1_SHISO,70.861,5.789999999999996e-69,4.030166239324483,11.017811638360143,0.7883052351375333,0.759059727191925,3.7131494185799543
two_stage,1.5,MKRLLTALLLSASALSAHAADGQYRLNELAGSEPATRAAWQGMVKGQARLPAWVMKLSGTGTPAQTVNLDGDAYLVLSACKPHDCGSERIAVLYSPAKQQMAGLFSTVDEKTSQEKLQWLNVPDALSIDGKTVLFAALSGSLENHPDAFNYP,tr|A0A7H4SCF3|A0A7H4SCF3_KLEVA,63.816,1.02e-60,4.001221302332335,11.266918465953308,0.7392618629173989,0.7539210319519043,3.9181811436934075
two_stage,1.5,MFKAITLAALLLGGATSAMAQDDLTISSLAKGETTRAAFNQMVQGHKLPAWVMKGSGTSTPAQTVTLGDETYLVMSACKPHDCGSERIAVMWSPKSQQMTGLFSTIDEKTSQEKLTWLNVNDALSIDGKTVLFAALTGSVENHPDAFNFPSS,tr|A0A2T3TL51|A0A2T3TL51_ECOLX,90.0,4.86e-94,4.038466928821939,11.871856995449711,0.768815207780725,0.7550890445709229,4.123062438628366
two_stage,1.5,MIGLKTLAAALLLGSSAAFAADDVTLNSLAGHDHAAKAAWNKMFKGEANLPAWVRKGVGTGTPAQTVKLGSDSYLVLSACKPHDCGSERIAVLYSEKSRQMAGVFSTVDEKTSQERLTWLNVPDALSIDGKTVLFAALSGSLENHPDAFNYP,tr|A0A0H3FST6|A0A0H3FST6_KLEAK,74.667,1.8e-72,4.005169095842359,11.289374262046664,0.7762178919397698,0.7575712203979492,3.889014038250802
two_stage,1.5,MSKGKHRRPSKATRVIAKAAVTGAIVAAPLAISAATASAASVNWDAIAQCESGGNWSINTGNGYYGGLQFSASTWAAYGGTAYAATANQATKAQQIAIAEKVLAGQGIGAWPVCGKKGLSSAPAAPAAPAPAAPAPAPAAPAPAAPAPVSTN,tr|A0A7X1MD41|A0A7X1MD41_9ACTN,80.0,8.16e-62,3.595979381536805,7.185080826122638,0.6895463320463322,0.5189884901046753,2.4719441165468963
two_stage,1.5,MKNTRRTLGVAAVTGALVAAPLAVAGNASAATTSEWDQVAQCESGGNWSINTGNGYHGGLQFSSSTWAAYGGTQYASSANQATKEQQIAIAEKVLASQGKGAWPVCGGPLSSSTPRSAPAAPAPAPAPAPAPAAPAPAPAPAPAPAPAPASS,tr|A0A1H9RSS9|A0A1H9RSS9_9ACTN,80.189,2.4999999999999997e-55,3.623649848188103,6.645096387188016,0.698484555984556,0.5282975435256958,2.6975912326427802
two_stage,1.5,MARHRRPTKATRALGIAAVTGALVAAPLALSTGTASAASVNWDAIAQCESGGNWSINTGNGYYGGLQFSSSTWAAYGGTAYAATANQATKEQQIAIAEKVLAGQGIGAWPVCGGRGLSGAAAPAAPAAPAAPAAPAAPAAPAAPAAPAAPAA,tr|A0A7X1MD41|A0A7X1MD41_9ACTN,75.63,9.88e-58,3.5242373604899,6.174314924552241,0.6820352250489237,0.513867974281311,2.240747189901531
two_stage,1.5,MFKAITTVATLVIATSAMAQDDLTTSSLAKGETTKAAFNQMVKGHERLPAWVMKGSGTSTPAQTVTLGDETYLVMSACKPHDCGSERIAVMWSEKSNQMTGLFSTIDEKTSQEKLTWLNVNDALSIDGKTVLFAALTGSLENHPDAFNYPSA,tr|A0AAP9SI84|A0AAP9SI84_ECOLX,92.617,2.98e-98,4.044021568463558,12.691612453361794,0.7829736842105263,0.7720895409584045,4.514593129416406
two_stage,1.5,MKNILALALLAAPAAAMAQGDVTLNSLAGHDAATRAAFNQMVKGQARLPAWVTKGGTGTPAQRVNIAGEPWLVLSACKPHDCGSERIAVLYSPAKQQMAGVFSVVDEKTSQEKLQWLNVPDALSIDGKTVLFAALSGSLENHPDAFNYPGGK,tr|A0A7H4SCF3|A0A7H4SCF3_KLEVA,75.839,6.18e-79,4.011626771561161,10.913915361622546,0.7459212880143113,0.7374036312103271,3.6226495974925466
two_stage,1.5,MFKTLAAALLLGGSAMVMAANDGQSRANELLSSAPEYRTTWQKTVKKEERLPEWVMNLSGTAEQMNAVEEDGDKYLVGPLCEAHDCLNKRLIVAFSLDKEDAYAMLVEVPAGLPADKSPTRHADYRFLGKPDEGMQKLLMETLKKDPNWYGE,tr|A0A2S9DXU4|A0A2S9DXU4_PSECE,91.333,1.72e-98,4.034766287995456,13.87921329232322,0.7551986475063399,0.7513461709022522,6.82422701226523
two_stage,1.5,MSYRGKHRKPSTTGRTVAKVAVTGAIVAAPFALATGTASAASSVNWDAIAQCESGGNWSINTGNGYYGGLQFSASTWRAYGGTQYASTANGATREQQIAVAERVLAGQGIGAWPVCGRRGLSAGGAAPAPAPAPAPAPAPAAPAPAAPAPAR,tr|A0A7W9KGF5|A0A7W9KGF5_9PSEU,77.119,1.02e-60,3.688870951668648,7.2348463320582095,0.6683538315988646,0.5224074125289917,2.3570323144771255
two_stage,1.5,MSECADNTRTNIRRIAKRGLWLAAVSGALVAVPMALAGGASAASSVNWDAIAQCESGGNWSINTGNGYYGGLQFSSSTWAAYGGTAYAATANGATREQQIAVANRVLAGQGIGAWPVCGGRGLSPAPAAAAPAPAPAPAPAPAPAPANPAPR,tr|Q5YR18|Q5YR18_NOCFA,55.245,9.149999999999999e-48,3.674169656115829,8.194739544293181,0.6804752851711027,0.523338258266449,3.5639552992994243
two_stage,1.5,MKKAITTAALLLASTSAMAADGDTYLNKLAGDDPATRAAFQQMVKGEARLPAWVVKGSGTSTPAQKVTIAGDAYLVLSACKPHDCGSERIAVLYSPQKQQMSGVFSTVDEKTSQEKLTWLNVPDALSIDGKTVLFAALTGSLENHPDAFNYP,tr|A0A7H9K652|A0A7H9K652_9ESCH,68.874,1.2e-68,4.01395564521154,11.062169059923711,0.7701064773735581,0.7590757608413696,3.8288109098960916
two_stage,1.5,MSYRGKHRRPSKAVRAIAVAGVTGALVAAPMAISTGTASAASVNWDAIAQCESGGNWSINTGNGYYGGLQFSASTWAAYGGTAYAATADKATKAQQIAVAEKVLAGQGIGAWPVCGRKGLSAAPAPAPAPAPAPAPAPAAPAPAAPAPAPAS,tr|A0A7X1MD41|A0A7X1MD41_9ACTN,76.423,1.55e-61,3.624779671401345,6.851869536232097,0.696859344894027,0.5208395719528198,2.433354596830526
two_stage,1.5,MKAIITAAALVVSASAIAAQDDLTISSLAKGETTKAAFNQMVQGHKLPAWVMKGGTYTPAQTVTLGDETYQVMSACKPHDCGSQRIAVMWSEKSNQMTGLFSTIDEKTSQEKLTWLNVNDALSIDGKTVLFAALTGSLENHPDAFNFPASWK,tr|A0A5F1G686|A0A5F1G686_9ESCH,94.521,9.61e-101,4.054279073142558,11.982422997617112,0.762014010507881,0.7568107843399048,4.5223854499183895
two_stage,1.5,MSKGKHRRPSKAARNIARVAVTGAVVAAPLAISAGTASAASVNWDAIAQCESGGNWSINTGNGFYGGLQFKPSTWTANGGVGSPANASREQQIAVAENVLQTQGLKAWPKCGPRGLTPASWSAPAAPAAPAAPAAPAAPAAPAAPAAPAPAN,tr|A0A7I7UN90|A0A7I7UN90_MYCPV,70.968,4.6200000000000004e-58,3.653974589460884,7.207437233898454,0.6687725975261657,0.5046431422233582,3.105368905698039
two_stage,1.5,MTSFKTLAAALLMGGSAMVMAAGTGTNELLSSAPEYRTTWAKVVKKEERLPEWVMNLSGTAEQMNAVTEDGDKYLVGQLCKPHDCASKRLIVAFSLDKEDAYAMLVEVPAGLPADKSPTRHATYRYLGKPDEGMQKLLNETLKKDPNWYPPE,tr|A0A9X0KTN5|A0A9X0KTN5_PSESX,85.621,1.28e-89,4.028457325152366,13.094024574915212,0.7329401709401709,0.7268439531326294,6.449457471893602
two_stage,1.5,MNRTLVKGAVFAAIAGASVALATGTASAAPASTWDQLAQCESGGNWSINTGNGYYGGLQFSSSTWAAYGGTAYAATANQASKAQQIAIAEKVLAGQGWGAWPSCSSSLGLSSAPTPRTAPAPAPAPAPAPAPAPAPAPAPAPAPAPAPAPAP,tr|A0A318K9W1|A0A318K9W1_9NOCA,71.212,1.77e-56,3.508327948890726,5.845722639928887,0.6786323957322987,0.5136112570762634,2.5009326461779904
two_stage,1.5,MAKHRRPSKSARAVARVAVTGALVAAPLAISTGTASAASVNWDAIAQCESGGNWSINTGNGYYGGLQFSASTWAAYGGTQYAATANQATKAQQIAIAEKVLAGQGIGAWPVCGGRGLSSAPASAPAAPAPAAPAAPAAPAAPAAPAAPAAVR,tr|A0A7X1MD41|A0A7X1MD41_9ACTN,77.966,4.98e-59,3.5696417783446286,6.993821837694398,0.684704743465634,0.5162180662155151,2.4542289422015497
two_stage,1.5,MLLHSSKGRHRRPSKAGRTVAKVAVTGAIVAAPLAIATGTASAAPSPNWDAIAQCESGGNWHINTGNGYYGGLQFSSSTWAAYGGTAYASTANQATKAQQIAVANKVLAGQGIGAWPVCGRRGLTPWTKPAPAPAPAPAKPAKPATPPILPR,tr|A0A1H9RSS9|A0A1H9RSS9_9ACTN,73.95,2.900000000000001e-58,3.8051919826301415,9.125140603311262,0.677773689052438,0.5163805484771729,3.286446139622431
two_stage,1.5,MTARNRKISTRALGWAAVTGALVAVPLAVSTGTASAASVNWDAVAQCESGGNWSINTGNGYYGGLQFSASTWAAYGGTAYAATANQATKAQQIAVAEKVLAGQGIGAWPVCGGPLSSSTPRSAPAAAPAPAAPAAPAAPAAPAAPAAPAAPA,tr|Q5YR18|Q5YR18_NOCFA,66.423,7.76e-56,3.5312641314707705,6.943810580103462,0.6479941577409932,0.4969385862350464,2.6262715306160667
two_stage,1.5,MSKGKHRRPSAAARNVARVAVTGAVVAAPLAIATGTASADSVNWDAIAQCESGGNWSINTGNGYYGGLQFSSSTWAAYGGTQYAATADQATKEQQIAIAEKVLAGQGIGAWPVCGGRGLSSAPTTRSAPAPAPAPAPAPAAPAPAPAPAPAS,tr|A0A7X1MD41|A0A7X1MD41_9ACTN,78.333,1.0200000000000001e-58,3.704329355728004,7.620579701530186,0.6735114503816794,0.5142402648925781,2.6007916040188244
two_stage,1.5,MKISTRTLALAAVTGALVATPLTAAGSASAATTSEWDQVAQCESGGNWSINTGNGYQGGLQFSASTWAAYGGTQYAATADKATKAQQIAIAEKVLAGQGKGAWPVCGGPLSSSTPRDVPATPATPATPATPATPATPATPATPATPATPTTP,tr|A0A917QUT1|A0A917QUT1_9ACTN,80.556,2.8e-56,3.609710622889928,6.350815204593662,0.6428038277511962,0.5248193144798279,2.8362476348578194
two_stage,1.5,MSALKTLAAALLLGGSASAMAADDLTPSSLIQGEEYKAAWQNMVKGEERLPEWVMNLSGTATPMQAVTEDGDKYLVGQLCKPHDCANHRLIVAFSWDKDDAYALLVEVPEGLPSDKSPTRHADYRWLGKPDDGMKKLLMEQLKKDPNWKDFK,tr|A0A2S9DXU4|A0A2S9DXU4_PSECE,71.812,5.3700000000000006e-70,4.034785426428563,11.7231308701532,0.7302290076335878,0.7250117659568787,5.417814270932221
two_stage,1.5,MKNSRSIRTVARIAVTGAVVAAPLAIAAGTASAATDSEWDQVAQCESGGNWSINTGNGYYGGLQFSSSTWAAYGGTAYAATADQATKAQQIEIAEKVLAGQGKGAWPVCGGPLSSSTPRSAPAPAPAPAPAPAPAPAPAPAPAPAPAPAPAS,tr|A0A917QUT1|A0A917QUT1_9ACTN,79.464,4.84e-57,3.632568635166213,6.6688886941367045,0.6921517771373679,0.5212869644165039,2.6421276826646944
two_stage,1.5,MKPLKTLAAALLLGGAAAAMAADDRTNSSLLADPQYRETWQGMVKKEQLPEWVMNLSGTAEQMNAVTEDGDKYLVGPLCETADTCLNKRLIVAFSLDKEDAYAMLVEVPAGLPADKSPTRHADYRFLGKPDEGMQKLLMETLKKDDPNWYDF,tr|A0A0D0TKW4|A0A0D0TKW4_PSEFL,86.842,4.08e-91,3.988135267460914,12.5623874385222,0.740068085106383,0.7205209732055664,6.698171966778524
two_stage,1.5,MLVRSEGNHDMKNLRRTLVKAAVTGAFVAAPLALSTGTASAAPSPNWDAIAQCESGGNWHANTGNGFYGGLQFKPSTWAANGGVGSPANASREEQIRVAENVLRTQGLKAWPKCGAAGGLPIGWYSHPAQGIKEIINGLIQGAIAGVASLPR,tr|A0A1A2J047|A0A1A2J047_9MYCO,75.188,1.1399999999999999e-69,3.9699596844175913,11.66693440595338,0.614855072463768,0.5146501064300537,5.075897674738055
two_stage,1.5,MFVKALAAALLLGGSAMAMAANDGQSRANELLSAPEYRTTWAKVVKKEERLPEWVMNLSGTAEQMNAVTEDGDKYLVGPLCETADTCKSKRLIVAFSLDKEDAYAMLVEVPAGLPAADKSPTRHATYRYLGKPDEGMQKLLNEELRKDPNWY,tr|A0A9X0KTN5|A0A9X0KTN5_PSESX,90.132,4.06e-96,3.988096357759792,13.229064512781624,0.7318499573742541,0.7202224731445312,6.717556957761974
two_stage,1.5,MSYRGKHRRPSTAARNIAKVAVTGALVGAPLAISAGTASAASVNWDAIAQCESGGNWSINTGNGYYGGLQFSSSTWAAYGGTAYAATADKATKAQQIAIAEKVLAGQGIGAWPVCGKKGLSSAPTTRSAPAPAPAPAPAPAPAPAPAPAPAG,tr|A0A853B247|A0A853B247_9PSEU,74.797,1.8e-58,3.686945947384566,7.5923147999125,0.6815281757402102,0.5392146110534668,2.6306092128343734
two_stage,1.5,MFKAITTVLLSASATVMAAQPDDLTISSLAKGETTKAAFNQMVQGHKLPAWVMKGGTYTPAQTVTLGDETYQVMSACKPHDCGSQRIAVMWSEKSNQMTGLFSTIDEKTSQEKLTWLNVNDALSIDGKTVLFAALTGSLENHPDAFNFPSGE,tr|A0AAP9SI84|A0AAP9SI84_ECOLX,93.243,3.05e-98,4.066230820784353,12.62363425564128,0.7613199300699302,0.7472328543663025,4.692842092521142
two_stage,1.5,MKAVLILGLVLLSVTVQGKVFERCELARTLKKLGLDGYRGVSLANWLCLTKWESSYNTKATNYNPGDKSTDYGIFQINSHYWCNDGKTPGAVNACGISCSALLQDDITQAVACAKHIVSEQGITAWVAWKSHCRDHDVSSYVEGCTLGTPSG,tr|A0A4W2DCL0|A0A4W2DCL0_BOBOX,85.034,5.729999999999999e-94,4.105028001676695,15.655100790066466,0.8582785467128027,0.8217398524284363,2.0900753684313202
two_stage,1.5,MSNSARHRKPTTTTKSRKTRALWVAAVTGALVAAPMAISGTASSAASPNWDAIAQCESGGNWHANTGNGFSGGLQFKPSTWAANGGVGSPANASREQQIAVANNVLATQGLEAWPKCGAAGGLPIGWYSHIAQGIKEIINGLIQAAQPVGFH,tr|A0A1A2TBH1|A0A1A2TBH1_MYCNT,74.046,3.97e-62,3.9133667538747385,12.932977509741017,0.6323583180987202,0.5029260516166687,6.237251866749903
two_stage,1.5,MSYRGKHRKPSKAYRAIAFAAVTGAVVAAPLAISTATASAASVNWDAIAQCESGGNWSINTGNGYYGGLQFSASTWAAYGGTAYAATANQATKAQQIAIAEKVLAGQGIGAWPVCGGRGLSSAPAAPAAPAAPAAPAAPAAPAAPAAPAAPA,tr|A0A7X1MD41|A0A7X1MD41_9ACTN,78.049,5.75e-61,3.552942285866495,6.899430953030229,0.6900482625482625,0.5273805856704712,2.5006143326279244
two_stage,1.5,MTNISKTRRILGVAAVTGALVAAPLAVAGSASAATTSEWDQVAQCESGGNWSINTGNGYHGGLQFSPSTWAAHGGTAYASSADQATKAQQIAVAEKVLASQGKGAWPVCGGPLSSSTPRTVPAPAPAPAPAPAPAPAPAPAPAPAPASSSSS,tr|A0A1H9RSS9|A0A1H9RSS9_9ACTN,78.182,2.8400000000000007e-56,3.661403535880168,6.569228466428404,0.6818489835430785,0.5340160131454468,2.709444753646342
two_stage,1.5,MKNTSARRTLRLAAVTGALVAAPLMAAGNASAATTSEWDAVAQCESGGNWSINTGNGYYGGVQFSASTWAAYGGTQYAATADQATKAQQIEIAEKVLAGQGKGAWPVCGGPLSGSTPRDVPAPAPAPAPAPAPAPAPAPAPAPAPAPAPAPA,tr|A0A917QUT1|A0A917QUT1_9ACTN,81.818,1.55e-59,3.6306188430282567,6.738114747367331,0.6871017274472169,0.5258491039276123,2.647752145675198
two_stage,1.5,MKNSISKRNIAKIAVTGAVLGAGSIALAGQASAATDSEWDQVARCESGGNWSINTGNGYYGGVQFSSSTWASHGGTQYAATADLATKEQQIAVAEKVLATQGKGAWPVCGGPLSSSTPRNIAPAPAPAPAPAPAPAPAPAPAPAPAPAPAPA,tr|A0A1B9DAL6|A0A1B9DAL6_MYCMA,77.612,5.4199999999999996e-67,3.7330317509856017,6.723829970586094,0.6655916030534351,0.5177541971206665,2.8584423146274958
two_stage,1.5,MKKAIVTAALLLASTSAIAADDLTINSLAHGEATKASFNQMVKGQANLPAWVTKGGTGTPAQTVKIGTDTYQVLSACKPHDCGSERIAVLWSEKSKQMTGLFSTVDEKTSQEKLTWLNVNDALSIDGKTVLFAALTGSLENHPDAFNYPAAK,tr|A0A7H9K652|A0A7H9K652_9ESCH,80.405,2.92e-85,3.986276134712431,11.699563178535174,0.7643833185448092,0.7482367157936096,3.6953197056125657
two_stage,1.5,MLINKSKHRRPSKAVRLIALAGVTGAAVALPLMGATGASAASSVNWDAIAQCESGGNWSINTGNGYYGGLQFKPSTWAANGGVGSPANASREEQIRVAENVLQTQGIKAWPVCGKKGLTPASAAPAPAPAPAPAPAPAPAPAPAPAPAAPSS,tr|A0A1I5QNK7|A0A1I5QNK7_9PSEU,57.792,1.85e-52,3.736872308800792,7.58532413090132,0.6932796208530806,0.5112624168395996,3.265276215994134
two_stage,1.5,MKKTLIAASLLLASAPALAQDVTLNDLAGHEPAKRAAFNQMVKGHQLPAWVRKGVGTSTPAQTVKLGSESWQVLSACKPHDCGSERIAVLYSPAKQQMAGVFSTVDEKTSQEKLTWLNVPDALSIDGKTVLFAALTGSLENHPDAFNYPAGK,tr|A0A7H4SCF3|A0A7H4SCF3_KLEVA,76.667,7.86e-78,4.020449099927292,10.897943266665555,0.7515580985915494,0.7360399961471558,3.5915790851480778
two_stage,1.5,MASYRGKHRKPSTTGRTVAKVAVTGAIVAAPLALATGTASAAPSVNWDAIAQCESGGNWSINTGNGYYGGLQFSASTWAAHGGTQYAATANQASKAQQIAVAEKVLASQGIGAWPVCGGRGLSSASAPAPAPAAPAPAAPAPAPAPAPAPAS,tr|A0A370FC77|A0A370FC77_9NOCA,67.143,2.94e-59,3.645429834228397,7.243734673885608,0.6984749034749034,0.5236066579818726,2.366551473808544
two_stage,1.5,MKAVLILGLVLLSVTVQGKVFERCELARTLKRSGMDGYRGVSLANWVCLAKWESGYNTRATNHNTDGSTDYGIFQINSRWWCNDGKTHTKNACNIPCSALLQDDVTVAINCAKRIVREQGITAWVAWRSHCRNRDVSSYVRGCNVRAKRDNV,tr|G3R692|G3R692_GORGO,76.351,6.04e-78,4.087350984963958,16.202480380953084,0.8317391304347826,0.8075615167617798,2.1970921791084117
two_stage,1.5,MSGRALLAALLLGGSAAAMAADDTLTTSALPHDAATRAAFDQMVKGEAHVPAWVVKGTGSPAQRVQLGADTYQVLSACKPHDCGSERIAVLWSPAKQQMAGVFSTVDEKTSQERLTWLNVPDALSIDGKTVLFAALSGSLENHPDAFNYPGS,tr|A0A7H4SCF3|A0A7H4SCF3_KLEVA,70.27,3.28e-71,3.974215038420268,11.49787325214036,0.7650134770889488,0.7468659281730652,3.9119258800005023
two_stage,1.5,MLFSGKGKHRRPSKAVRAIAVAGVTGAAVAAPLMAATGTASAASVNWDAIAQCESGGNWSINTGNGYYGGLQFSSSTWAAYGGTQYASTADRASKAQQIAIAEKVLAGQGIGAWPVCGGKGLSPSGWTPPAPAPAPAPAPAPAPAPAPAPAP,tr|M3BK75|M3BK75_9ACTN,80.315,1.44e-67,3.711423980528992,7.398412257188129,0.6991204588910135,0.5255114436149597,2.72291915849764
two_stage,1.5,MAKHRKPSTTGRTVAKVAVTGAIVAAPLMAAAGSASAATDSEWDQIAQCESGGNWSINTGNGYHGGLQFSPSTWAAHGGTQYASSAELATKEQQIAVAEKVLASQGKGAWPVCGTGGLSSTPREVPAPVPAPAPAPAPAPAPAPAPAPAPAT,tr|A0A9X4M5P0|A0A9X4M5P0_9ACTN,69.925,2.24e-63,3.746399122457228,7.719388217439563,0.6530190476190477,0.4942065179347992,2.9050444569211984
two_stage,1.5,MSGRHRKPTTTGRTVAKVAVTGAILGGAGIALSTATASADSVNWDAIAQCESGGNWSINTGNGYYGGLQFSQSTWAANGGVGSPANASREEQIRVAENTLQTQGIRAWPVCGPRGLSPSSWSAPAAPPAPPPAPPPPPPDAPPPPPPPPPPP,tr|A0A1X0JSV8|A0A1X0JSV8_9MYCO,64.8,8.3e-53,3.754000066138899,8.31098443351419,0.6588661710037175,0.4849708080291748,3.2048433096366464
two_stage,1.5,MKSIRILWVAAVTGAVVAAPLALAGNASAATTSTWDQLAQCESGGNWSINTGNGYYGGLQFSSSTWAAYGGTAYAATANQASKQQQIAIAEKVLAGQGWGAWPSCSSSLGLSSAPTERSAPAPAPAPAPAPAPAPAPAAPAAPAPAAPAPAA,tr|A0A7X6R1U8|A0A7X6R1U8_9NOCA,71.774,6.77e-56,3.5528948462612475,6.959413893036116,0.6709980806142035,0.5165607333183289,2.739043710351178
two_stage,1.5,MRSVFVFLLLVTVASAKVFERCELARTLKRSGMDGYRGVSLANWLCLTKWESSYNTRATNYNPSDQSTDYGIFQINSRYWCNNGTPTSNACHISCSALLQDDVTVAINCAKHIVREQGITAWVAWRSHCRDHDVSSYVEGCGVPFLSSLSSF,tr|L8IA93|L8IA93_9CETA,71.034,5.84e-77,4.136003159929929,15.793261555616311,0.8167587939698493,0.7931877374649048,2.623817198324089
two_stage,1.5,MSLKTLAAALLLGGSAMAMAANDGQARVNELLSSDPQYRETWQKTVKKEERLPEWVMNLSGSAEQMNAVTEDGDKYLVGQLCEAHDCLNKRLIVAFSLDKEDAYAMLVEVPAGLPADKSPTRHADYRFLGKPDEGMQKLLMEQLKKDPNWYR,tr|A0A2S9DXU4|A0A2S9DXU4_PSECE,89.474,2.67e-98,4.030914356516772,12.547512033417345,0.7303532380151386,0.7240782976150513,6.2472984367813424
two_stage,1.5,MKGIITAAALVLSASAMAQGDLTLNSLAHDAATRASFDQMVKGQARLPAWVRKGVGTSTPAQRVAIGGEQWLALSACKPHDCGSERIAVLWSPAKQQMAGLFSTVDEKTSQERLTWLNVPDALSIDGKTVLFAALSGSLENHPDAFNYPAGK,tr|A0A7H4SCF3|A0A7H4SCF3_KLEVA,74.497,4.95e-76,4.015306169380923,11.834078502228046,0.771190053285968,0.7701284289360046,3.8673958705687825
two_stage,1.5,MFKAITTVAALLVGSTSAIAQDDLTISSLAKGETTKAAFNQMVKGHKDLPAWVMKGGTYTPAQTVTLGDETYQVMSACKPHDCGSQRIAVMWSEKSNQMTGLFSTIDEKTSQEKLTWLNVNDALSIDGKTVLFAALTGSLENHPDAFNYPSE,tr|A0AAP9SI84|A0AAP9SI84_ECOLX,93.96,5.08e-101,4.068018190220421,12.341416268184814,0.7731239092495636,0.755024254322052,4.373568801824947
two_stage,1.5,MRSVFVFLLLLTVASAKVFERCELAREMSKLGVPRDQLARWTCLAEHESSYNTKATNYNPSSKSTDYGIFQINSKYWCEPPGRPSYNECGISCNQLLQDDITKSVACAKKILSQQGWTAWVTWKKHCQGKTLPDISGCFNSRSSNVDLGNFN,tr|A0A9P9YMI1|A0A9P9YMI1_9MUSC,62.238,1.12e-57,4.181236080901963,15.470290963685246,0.8072712146422628,0.7702508568763733,3.014194356592992
two_stage,1.5,MKGRTLLAALLLAGGTAALAADDGSWTFNALPADPATRAAFDRMLKGQADVPAWVRKGGTSTPAQRVTLGGDAYLVLSACKPHDCGSERIAVLYAPASRRIAGLFSVVDEKTGQERLTWLNLPDALSIDGKTVLFAALTGSLENHPDAFNYP,tr|A0A0H3FST6|A0A0H3FST6_KLEAK,61.074,8.48e-64,3.9246179958493648,9.826732758373888,0.7692184724689165,0.7610480785369873,3.76143519766512
two_stage,1.5,MARHRKSTSNISVAKIAVTGAVLGGAGIALAGNAAAATDSEWDQVAQCESGGNWSINTGNGYYGGVQFSASTWAAYGGTQYAASADQATKAQQIEIAEKVLAGQGKGAWPVCGGPLSSSTPRTAPAAPAPAAPAAPAPAAPAAPAAPAAPAN,tr|A0A1B9DAL6|A0A1B9DAL6_MYCMA,75.362,2.54e-64,3.667905648216001,7.881285235318666,0.686888888888889,0.5394404530525208,2.9119034833853665
two_stage,1.5,MAKHRRPSKAVRVVTLAGVTGAAVAAPLMAAGNASAATASEWDAVAQCESGGDWSINTGNGYYGGLQFSASTWAAYGGTEYAATADQATKAQQIEIAEKVLASQGKGAWPVCGGPLSSSTPRDVPAAPAAPAAPAAPAAPAAPAAPAAPAST,tr|A0A917QUT1|A0A917QUT1_9ACTN,87.069,2.7e-69,3.656793699643605,8.110738899012082,0.6723580365736286,0.5327200889587402,2.8437563662860916
two_stage,1.5,MSVSFRTLAAAALLLGGATAVQAADGQSTANSLIQDPATRETWQKTVKKEERLPEWVMNLSGTAEQMNAVTEDGDKYLVGQLCEAHNCLNKRLIVAFSYDKDDAYALLVEVPEGLPADKSPTRHADYRWLGKPDDGMKALLQEQLKKDPNWY,tr|A0A2T4FUH7|A0A2T4FUH7_9PSED,75.974,3.54e-82,4.053309184662223,12.667592042461482,0.7400423370025402,0.7233647108078003,5.875479614179874
two_stage,1.5,MTARNSNSKISVAKIAVTGAVFGTGGIALAGQASAATDSEWDQVAQCESGGNWSINTGNGYQGGLQFSPSTWASHGGTQYAATANQATKEQQIAVAEKVLATQGKGAWPTCGGPLSSSTPRDVAPAPAPAPAPAAPAPAPAPAPAPAPAANS,tr|A0A1B9DAL6|A0A1B9DAL6_MYCMA,67.532,4.22e-63,3.7263515783781593,8.55735913236417,0.7069157088122605,0.5606947541236877,3.6441588077163587
