model,temperature,sequence,sseqid,pident,evalue,entropy,pseudo_perplexity,plddt,ptm
progen,1.0,FKILLTVLYSVGFTEFYGYISLFESLPPRTYKCIVNVESGGNYLEVAVNGKGNYGLGIRLIALKKGSTSYKTVKEYRKFIVSARRIAKSITYMHYTNYNTERLAVLTYCLGLKGFERTSYIPKAINSVLKYKKVLQVKLAKYGV,tr|A0A5M6IMW3|A0A5M6IMW3_9PROT,24.176,0.011,3.848695359433007,15.914887430269864,0.34793609671848014,0.22761748731136322
progen,1.0,IFIFFFFFLNLFHLFFHKNVYSFYSSEGLFLDQNNISEIEYLTKVMKEVEKGIGLSYGEYNNDTINFAYFKQESLGNGYKISISKIKEKSYYNKLKTSIPDSFKKIYQLSLTKYNIGKELIESILLKESYYYYDNVGSSFDIGYCQING,tr|A0A7S8C9Y4|A0A7S8C9Y4_9BACI,35.294,0.001,3.730520553482908,13.750348984723036,0.458896,0.34571245312690735
progen,1.0,PGGSKVVRRGASGAYRRGRRPRRLRTCGIPMAGAVAMAGISLLVTISTSAEDKRQQPVSAPAVAEPSVSLAAPAADATSDASRPDEVPVASDTAPAPAAAPAPAPAPVVAPAPVTAPSVEESTTDAVSAMIERAAAEHGMDGAMLRAVV,tr|A0A0F2NJK7|A0A0F2NJK7_9FIRM,28.767,0.001,3.516257301198874,8.86458142625039,0.5489524733268671,0.1736910045146942
progen,1.0,DESGSTEQIKDGETTIKVVKQEQQQIDMPSGVCQIQGTVDGQVTNGMSPLVMDIIKNESGYNMSARNQNGGSKDIGIGQINDMHMKYLKMALSEEELENPVTNVQCGVKVLKTHLAKYNRNKKEAALMAATTWYSNFYIFEQATKLVSD,tr|A0A896ZAE0|A0A896ZAE0_SHIFL,44.578,9.61e-10,4.076024690989719,17.698041099716647,0.5820869565217391,0.6080377101898193
progen,1.0,MKKLKIFKIIKRTFTKFSLKSASLVIVAVFVFCIATYYNIKRSLFMEGAPKGLSDLDIEYAKTRSVDPYSLWRISKKKGDSFKTMSKEDQLDKAILYKAKKVGVKVTGIENPAVEEYTLNKASGERKLTYINQLKADELLGTFKVLDHY,tr|A0A2G2M401|A0A2G2M401_9FIRM,38.462,0.71,3.954143410359134,13.909573681184312,0.43842631140716065,0.22310006618499756
progen,1.0,EVVEKIDSLKVRKCKQAIVDSELVEDGKTIENVIKIKGKIEDQVKIINTKINREKSKTKRDIERLREKSRDKKSKIQPVEKEIEILIKGNKRIGIISFVFSILIIILVVIIIIHSKNIMLKKLSSIIKNELESIASQTNISSSSEVEIV,tr|A0A4V3RVL4|A0A4V3RVL4_9BACT,25.0,2.4,3.5207324741450527,12.19546645386181,0.6724349286314023,0.33548808097839355
progen,1.0,IDIKYIVYNQVFAVVGEGEKVSGIATAAQEVNNEAAEELQARIKKETLKSVTAPKEVEKSSENVKVEVNVIIEKTTEGMEKELDKRLIQEFIVHIGSNIENIANLLEQLVAESKTNTKKLDEVTVVVNENIDTMKEVVGKIEKIADYIN,tr|A0A941ZG78|A0A941ZG78_9BURK,30.508,0.41,3.7120296179477306,13.27811397485384,0.5038745704467353,0.3523204028606415
progen,1.0,LKMRKNVLLLLLVLVIATAGYVGLRRALRPMYRDYAVLKFIGRDNILTPEDVDMYARDIRSLDRLVSERKSWIEKHTNVILEKVPLHEKRLAKVKELMEWREEEARAVFEAIETLRGGVLDIRSYVERAYIYKETTTLQRMSLDQLRSL,tr|A0A1M5JVD9|A0A1M5JVD9_9FLAO,26.506,0.79,3.8968937081334665,13.199780059709866,0.4243815683104285,0.229322150349617
progen,1.0,GGSSNPPAAGPKGPDAWRRRFKALFWILRMVAVLFVLLLVWGLMVAIMVPPISTLRQTLARVSGIEIQHDWSDIDTISAQLHRAVVAAEDARFCQHWGFDMTAIRLAMQKNEGGVKQIGASTISQQAAKNVFLWSGRTWLRKGLEAWFT,tr|A0A2G4K8J4|A0A2G4K8J4_9CAUL,50.0,3.97e-38,4.0501149639799605,16.20974661086281,0.6658873720136519,0.4748842418193817
progen,1.0,INSYYYSCNSDYCSIEAGAANGTSSYSKEYIDEALYKELNGKKGENEKFDSGLKGTTYTTEAGAKLGINTQTLIAIVRDGCGADLKIAKKVADEKYVSMNLIDEDIKSKVKNASDKKSNVSSGSSKSNNKKIINAIKKSTYKKSNTNDS,tr|A0A5A9GGC5|A0A5A9GGC5_AZOLI,39.216,2.7,3.6796414870870247,14.41664088945102,0.33307692307692305,0.19543415307998657
progen,1.0,PRSSPLAGAALLVVVAATLLLPRLRPVSTRVTRWDAIAREAARRFAIPAAWVAVVLAAEADGSPNIVGDPGKAGELGPLDLTGCGSELPLRDWVPDGLIDPELLRARGEHLVRRRGPALWAAAVWDAPAPRPQILLVEGPELWQGGPPP,tr|A0A6G4QV49|A0A6G4QV49_9CAUL,40.0,3.76e-07,3.5968229581597533,13.493854521302085,0.3590386343216532,0.29542505741119385
progen,1.0,EIELVKKECYRLGYMVGKYCFKWYVYPYYVDYARGMDDSVKVEAFKANPNSVSSKERYVLYTSIDKDTNIEVELELISAKFTIENEEFATIEESQGYTDEVLQGNSVEINEEITKVEEDSTETKKIVEDLKEKKK,tr|A0A4V3YWT8|A0A4V3YWT8_9BURK,25.676,0.54,3.873400503076061,16.89910473243397,0.3541314131413142,0.1855444610118866
progen,1.0,DQTSPTTPVAPTETPEVTPTPTVAVSTGSTQESRSEDIRVTGDTVIRITAWEKAAKLDYVVLGKIVKVATEPYYANVESASKPVGLKWVKVVADKVKEIAKELQGGTAIIL,tr|A0A2A5HLG3|A0A2A5HLG3_9ALTE,33.824,3.8,3.72502487473308,14.39947695661794,0.32949579831932774,0.17793044447898865
progen,1.0,KKAIKFLMIVCLAYSYAGFGAAGELYMYVDKYGISHYTNKPAGKHYIMYIMEGKENAKKINYNKYAHTFKTRKQKLSTNYSSSGKLTLIRNNVNSNNGAKYIYTRGRSYSNTYKEYGTSIYKLMRYNGETVTNLDRLYSNKMNVIRELR,tr|A0A1F9R0J3|A0A1F9R0J3_9BACT,31.579,2.59e-06,3.884898314606073,15.85418594971172,0.32094185094185096,0.21432505548000336
progen,1.0,FLIYSSQYLPYFEKYAQKYKIDPLLMMAIIKVESSFDPNATSSKGALGLMQLMPETAKLMGVKDIHNPNENMEGGAKYFRQLLDLFNNDLKLALAAYNAGPSKVKEYRGIPPFKETINYIKKVLSIYNSFKYENSK,tr|A0A8X8IBX4|A0A8X8IBX4_CALTT,58.333,1.03e-49,3.9549514700115647,13.787675363408246,0.866021897810219,0.8927528858184814
progen,1.0,EKIKIGSFAMTFSIVTIISIVLSTIPSLHAEGRVNQNKISKSTYTFSVEHVTAKNIKIFNAAVVVKKSEKKAKEKQLKKDRLSKKIKSNKSKKKEKRKKEQAISAATTATKTYTNVTGDSGQKGAYKMINESYKTTDAKLGTTWRIANK,tr|A0A2N1VG86|A0A2N1VG86_9BACT,24.823,2.1,3.758615567167316,14.451860532351102,0.3644892703862661,0.18630264699459076
progen,1.0,LSFFFFFFCFVSIFYAGADLSYLTGERTFICVYDIEKIRNNEVKIYEEEMVSVEKIMDCIEDNNGYLDVFYLDGYIDIIRGSGKKTSTVTRDEQNTLNVLEHGSRDVDIYFYIRAKDFTLKIERESNLLKDFYNKKSKLSKFLVLYLKS,tr|A0A3N5Z3P2|A0A3N5Z3P2_9BACT,36.842,0.99,3.9128096249385385,15.28272878706413,0.3004578313253012,0.15728877484798431
progen,1.0,ASFPSQLKVSFTPTQQSIAVVRYMSQSPKKAANVGLKALGVVVFALAMPILWQFENHIIPLVRSLAGQTHSALVIPVQHPHVPTRTSASSTTAKAASSTATPKNSSLATRSRVTSARVYDMIMKVAQRYGVDEKMITAIAAAESGGRQA,tr|A0A9D1FIB3|A0A9D1FIB3_9BACT,39.024,7.27e-05,3.918758402321487,14.485120891606568,0.4177607913669065,0.1578490436077118
progen,1.0,LMIFGVVLLISLFAKIITTKILSWNSLMVGMSIQVPKKFVILMIAISSGLTDSRNNYILAYKAYNVQLKPYKFSFDNLKKSHRLSTRNAKEIAKHIRKFHSQNKSFHYFGQIVIFESSYNGTGRTNPFMAGHSGNTVMSILGNVTDIEK,tr|A0A7X1HRP4|A0A7X1HRP4_9FUSO,25.714,0.81,4.01181723225473,16.972788244490502,0.31960470984020184,0.20154592394828796
progen,1.0,KSRTVMGRKLLTVVFLLLCGAVHASVTDGYYYILPAASRAAGIDQSEVRVIMRTEILDVQTGANYNGPSPYGYRPSPMGEEIDAIIERWGAKFSVDPHLIAAVIRAESNFNPRAVSPAGARGLMQVMPGTGRDVARSLGLTDYSVEHLF,tr|A0A947YR64|A0A947YR64_UNCXX,55.405,1.85e-20,4.049788141506237,13.984847237010031,0.5462202643171806,0.48369312286376953
progen,1.0,MLFMKIIRLISTFFIPEQISSIINSCCEKYGFLKNIPECFLLMMSYGESIYNYRDPSFLKKYNSKGMKFGVSAATQMHIATEEKYHVTSLSQSLTKNLNFFKSTYSREHRLGFLVRAGVKWRDHKAQQAMAIIAYVNTWGPNSIILLDR,tr|A0A0N1N4C4|A0A0N1N4C4_9PROT,26.316,0.38,4.150461450921808,17.588950180052336,0.33535802469135806,0.2002726048231125
progen,1.0,AGLSGFVTKIETPRSLAISAVPASAPLLDTAGETAVALVVDDVAQAVRDDTTAVLRRCIELVAAYHHVPADVVHAILHTESSHHINATNPTGDFGLMQIMPGTAESLGYTTPEQLIDPWVNINAGAKYLRGKLGEFGGDVTLTVAAYNA,tr|A0A7V3P293|A0A7V3P293_UNCAM,44.248,1.57e-22,3.963045334207844,14.838812915008392,0.5987591240875912,0.6067980527877808
progen,1.0,KINNIVNVVSKNLYGRGVRCDKVNTESNDNSINIKDISKNNNVSLSEILNSEINHNFDKIDEEINNISSQIDNIYSGNNNINNYSNRCKDLSSSTKDMTDKIYYLNNSELNNKKEIIKKIKKVSKEFKCKIKTIYLNITIEEYYYSYKF,tr|A0A9X0CRS9|A0A9X0CRS9_9CNID,23.438,0.094,3.5435303983306508,12.6119990006594,0.38358490566037734,0.2894470691680908
progen,1.0,KRTLMFLISLLIFVSCASKSPPKNQENICDIFKEKRGWYKDSKDAYEKWGMPIHVQMAIMKQESSFKHDAKPPRGKILWVIPWTRITSAYGYAQAKDSTWDWYKDDTGNGSADRDDFADAIDFVGWYCNVSNKKLGISKWDAYNQYLAY,tr|A0A831K2Y9|A0A831K2Y9_9GAMM,65.068,2.2799999999999999e-69,4.1400660445382975,17.08806963885767,0.8083591836734694,0.7978516817092896
progen,1.0,IVGIVEEISSRLLDISETITSINSNITEINQVSEEMSEIVETINKTAKQTEIASKQINRASDDTKEMMEKISDITKQLEIINIILEESKEQMELIKLISRITDETNMIFINIKDLAVKSQELAKKAENTLNKISKITNVTNTITSAVEI,tr|A0A9X0CRS9|A0A9X0CRS9_9CNID,19.868,1.86e-05,3.529302021078822,9.67194388281751,0.853598971722365,0.47287267446517944
progen,1.0,LGAFAVQKLESEMNSLWQVRSLRPELGKRVKVGQLRGVQKSTPIKQTASLLKLGFFFLVLLEINILQLVYVLDHRGGLREELGRYIGNTSLGETDDLIEILKKETGWLEPVYNKFSDLKKLIQVNSELLKRIKSLYNIEEEALEIWLKY,tr|A0A2M8QVM5|A0A2M8QVM5_9SPHN,31.765,0.000387,3.869948008632276,16.238010530129127,0.3718683127572016,0.21572071313858032
progen,1.0,FIFYIHRTLCHCIMLVGVTTIYFLFIVNYLWCFNVNPSSTFLMDIRSQLDESNSAKLKLKQSKSLKIFLTVFMSFFVFDEHAELADISKLQQLSAFSSTPTEEVVTIVEKSTKIDYNILFTTGEETFVSSSNSNTIIGNLSKSSKLLSK,tr|A0A1N6Z9R0|A0A1N6Z9R0_9RHOO,43.75,0.023,3.9363352654483417,15.953488712971463,0.32896147403685094,0.16708558797836304
progen,1.0,ISLPVCFVNTITFENDHFRTTKTEFLSMFVSLFEEYYYKTKHMLIALAILVTIAILLPKTVTAEPTTAAKSTVDTEPVIEAVVEKKAEEDYSASDYLSDATIKLKKAAQDIQEKIKALKEELTPSQKELEEFEAEWKEVEESVLEAYTE,tr|A0A2P8D2T8|A0A2P8D2T8_9BACT,20.792,0.077,3.787024037422595,12.957537307748026,0.4184422110552764,0.2273726463317871
progen,1.0,IVGIFLLIIILIFLGIVVGVLFSSIYLHQYNTSIVYDSEGSVIGVLQVSDKNILINHQDITQVIDKYNSSIRSNAESYNLSWYVFEALIKVESNFRTDIVSSKGAVGLGQLMPATASELQINLRLSEEYSIEDAKNTIKNLEYSLSLYD,tr|A0A2N2HKY6|A0A2N2HKY6_9DELT,30.464,1.73e-14,3.858454024433789,13.85177592434837,0.526062925170068,0.41161447763442993
progen,1.0,GLLIRCLRDIIIPTRLLMIVVAFALGLFALDAAHAERASAPEVLSRADVHEMVERAARRFGVSTAWVMAIMRQESAGDARATSTKGAMGLMQLMPATWSGLTARHGLGTDPFDVRDNILAGTAYLREMHDQYGSPGFLAAYNAGPGRYE,tr|A0A0B4D8B5|A0A0B4D8B5_9CAUL,75.758,7.4e-52,3.947532317918151,13.347096062678617,0.8208761061946902,0.6834641098976135
progen,1.0,LIGIFLVLVILFAFINPPTHIYIAQEDFHVPPYLVSIIIEQESQWDDSAVIVKKNHIYDENIDFVKSWDGNATTTGIDLEMTQVHSWGPTQVGSLYGAFNWNTCTGSNEDTALLLLLEMVNERTISRWVDIEQCSTTSVISGTLY,tr|A0A411Z2S2|A0A411Z2S2_9RHOB,29.114,5.55e-06,4.100898645533907,18.37940812608316,0.3441767764298094,0.32296502590179443
progen,1.0,DGEGGDGGGCSDCGSELSPSSSSGGGDDDIVTEDCDVDEIIDCVGDSMGGETTDEADCAGTCREMASGEEGLPYVMEAATGTFEGDAAFVDGEDPTIRGFAVLEGMHAGDIDLVGLAEIAGAKSGFGGAGCDLRVGWPCKAGRRWHYLS,tr|A0A7Y7D552|A0A7Y7D552_9HYPH,38.028,2.3,3.735950999429429,14.21758739028951,0.3039807692307692,0.1530599296092987
progen,1.0,DDDDGETTTSGTGSSSSGEGSTTDSSTSSSTDSSSSSSSSGSTSSGTSSSGGTGYDAIIKAAAAKYGLSESLVAAVIKAESDFNATAVSPAGAIGLMQLMPGTASYLGVVNAYDPEQNIDAGTSYLSKQLKKFGSVEVALAAYNAGPGN,tr|A0A511Z657|A0A511Z657_9BACL,66.337,8.71e-41,3.564380069282387,8.026728733476777,0.6903652517275419,0.6036563515663147
progen,1.0,EIENQTSEAVQETVYKKPQPQQKKQVQEAVQKVMQEKVDSTKEEYIKALNEVGDGKSAVNNTTGGLYEIVKERVKKEVENWTHEQPDKVETAEKGEEGSMLLIRTNESIVEKIVGIGQRIKEIQDLVKTLEESSEEIGRNGEIIESIAK,tr|A0A433NEI5|A0A433NEI5_9GAMM,35.714,0.038,3.748707760111627,14.390873677807388,0.5580677966101695,0.321248859167099
progen,1.0,IDCKDRYNFFVSEDDITNVIDSIEKYNEEFSERNGEFLEIYLKDGYEYFKLDEKYGFVTKDLKTREILEYFVKDNKTLPRTLFKVLDGEYLKGKSLDKRYEKYFKTSNLGKGVIITCNKYTISQTIKYLKSIKNIDSKLEDKEIITKNE,tr|A0A075R6B1|A0A075R6B1_BRELA,30.952,0.14,3.704908738673959,13.279073720177468,0.3140652346857597,0.24051283299922943
progen,1.0,LNIEINELLIKLTDNIDNIYEMYIIKSVETFKKNNSFEEYNISYEIFYKFVKEELLSYRHTNIKIKNIQDIIYYISNEYKIDPYLITAIAETESDFNPDAVSPSKAIGLMQITSTTGSEVFNEIEKIKYPENNLFSPEKNINIGTIYIS,tr|A0A502GB53|A0A502GB53_9GAMM,53.947,4.2e-20,3.7397889581308985,13.544235699236973,0.5567288961038961,0.5723289251327515
progen,1.0,LGVKTAAIPVTGPLGIPGGLVALQAGGGAPARFAFQRVALLLAGNSTAEAGLFAVIPQSGPVAAQRLVDADLPVLAVETPSAQAVPGSRGRTGLAGGPTLADVRGQIARLREWLAERHGPVTIRTRICEAVLTLGLIGWTTIWPSQRNH,tr|A0A1H8QW02|A0A1H8QW02_9FIRM,25.0,0.33,3.7099528897176,14.139069341951336,0.3697023255813954,0.28100675344467163
progen,1.0,PSAGSNAAPLSTCKSTSPSLSSSGIDVASSFVITRYQCSFAFAKALGVPKSQILRDSELNFAHRYWEGLNNKLTLTSVPLNVNCTRKQIHSLSPTTGSCYGRASTGGMCMISGFAQFLQLSYAMIGTNSTSQCQAAPSSCEGKSFFTLA,tr|A0A7U4RQC7|A0A7U4RQC7_9BACT,24.051,0.6,3.977235906304842,17.38897956913673,0.27995442114858704,0.16001401841640472
progen,1.0,ISSCPSPSKLPPSNTKTTSSSSNSSGIITKGENGTLSFFEEYAGVSFIKTNVLEEMSCKGYPASEAEESAIRGKIEVTWERSQFDSIEEIEMHFGYGTRTVVLQKSSLIEKIEKDLKSRGFSIYDTEAIELFFAHTFRKSREMVETVFR,tr|A0AA42MCI4|A0AA42MCI4_ACIJO,24.324,0.1,3.9428084843869113,15.158063046335563,0.3378260869565217,0.19439132511615753
progen,1.0,MKRIIISSFLFLIAFTLCADIPRHIVEKYKSLYPRKYIHIVEEISERFNIDPFLIQSIIKMESSYDFNATSNKGAIGLMQIMPNTADEYGMSIEEMEYPAENIKTGAKHLKYLINRYRGRWELAVAAYNAGEGNVDRYKGVPPFAETQH,tr|A0A1S2LFZ3|A0A1S2LFZ3_9BACI,44.371,7.38e-38,4.104553210846283,13.881197770077891,0.6937376237623762,0.7218601107597351
progen,1.0,FFVLSFILFRFLQTRTIYYFADSFRLLMSVERLVHDKYLEISGISICASTGMLFGTIVICNSSTSESIKLQKADTVSEMQTVAEYAEKSSKVMREGDDSFERSESEFASLTEMSEKMRKLKLTLSIEYLIVDGITDSILLLEVIAAIMV,tr|A0A2K0Y5T8|A0A2K0Y5T8_9SPHN,31.148,0.39,3.869384408532742,16.8869597257339,0.4074111675126903,0.26073071360588074
progen,1.0,FVYDLPQNLLSAKKVFDRGIIVYSHGDNITFYGLKDDDIKYLLNQTTHETSLLLSLTSGGARYYNEISEILEKHMAGSGEVITSTVNYCTEGYEILGNSVVGIIFLTEYLNKLDKIKKGKYFKSKEIKEVLLLDSEKVKNVYKTYGGYI,tr|A0A7C7NQI3|A0A7C7NQI3_9BACT,27.184,0.51,3.869898238448768,14.58813984242279,0.3222780569514238,0.20734408497810364
progen,1.0,KRKIKSRYCPCRYSCKYKLSSCTCDVPSVSDLMKKSHLNHCLLPAAQVSKISKKAIRCGYETASQDYGIDKYRVKYMLNRDRFDSVFESIFKDIKTKLEPKKVRPNNIYIPSRYHPIFICEAREYGITYSVIFAIIGVESNFSKNVVSY,tr|A0A4Q0QFT3|A0A4Q0QFT3_9BRAD,27.619,1.28e-06,4.017456842441317,17.249444244316187,0.459358024691358,0.3072737157344818
progen,1.0,KIKILIKINNIYNIIIEKRGLYKCNVNILISEVLKESQWEYNVLGDSGRFRMNIDWVRPKPKERKSSGEIFITWLIPKRISIFLSFINIDFVLEELIREKNLQFMYLIFIFFFFFYFFLFCCFSISIENPKNNMFIQYYGYKFYEFYSE,tr|A0A2E9KQV8|A0A2E9KQV8_9GAMM,28.571,4.2,3.8030755409563017,15.083934536176058,0.34397692307692307,0.20521292090415955
progen,1.0,GLMASSAMAQELPVSQYLTMFDTRNVPQGVLEIYVNEGDRVKIDRFRDDPARRSRYLQFYIEEFMLTDLPLEIALLPVLESTYDPHAYSHAVAAGIWQFIPATGEVYGAQQKWYIDERRDVLASTRAALDYLNYLHKKFDSWYLAMAAY,tr|A0A7X1TVD1|A0A7X1TVD1_9PROT,59.596,1.06e-36,4.076912289275096,16.232101548373976,0.6215586546349468,0.635002851486206
progen,1.0,MLARLVLAAVLLASPAALAGAQVYEPLADSVRTGLRVALTDRAVPNLGFPAPVEVAHRVDSDLSRWEAQALKTLADASRGRALAVKIVSTAGPHGSGRFDALIEQAARVHGVPISLVKAVIAVESSFEPNATSPVGAMGLMQLMPGTAS,tr|A0A7C4PTA3|A0A7C4PTA3_9CHLR,42.276,1.98e-17,3.773146350155364,11.320045699464014,0.4720558139534884,0.3745034635066986
progen,1.0,KKKRGFFRKMKRLFFLVIVMALACCGILRTYFPLYWQDALREYWLKHRLDVFASCGGFYRFDAISRYLPEVVWNLDAIARKDEQRSRMAEIAAIKIIARRFEALYRVEGRYGTVFASEYIYHLLPLKVDRSGHKLFFLTHHGLYKLRPE,tr|A0A918KXD7|A0A918KXD7_9DEIO,37.255,0.042,4.029760839922399,16.764179327245873,0.3948973143759873,0.21527326107025146
progen,1.0,GLIGISGGGGDPIKWIQDVMAKYGYSYDIRYINPYAGEYITFPDVGQKISNIMAGTWIYGPAFASPSDMPEEPNTPPPGWGGGGPPGGNADFWLVTQWLYETGGGTTILDQKPYGNSGPYGNPPREGDGNYYGITWSGEDAWEYRGLVG,tr|A0A2I1DPB4|A0A2I1DPB4_9PROT,29.787,1.1,3.8433763427529817,14.757552103525242,0.3044278169014084,0.22847206890583038
progen,1.0,KLKEINVIYNYYVKEGEKKMKEYSEKHDIDPYILCAIISVESSDKNDAKSIKNITGMGLGISKDEWRYNTTSMEEFDEEYLLDKGLLTIEKMCGRNDKLETEICLKLLKNKRKIKIKKILKTIDRFGAIGEYNRIYKNETLENITLKKN,tr|A0A971DYA1|A0A971DYA1_9FIRM,35.135,1.64e-08,3.779013639611864,13.991556593678151,0.33715334420880916,0.27118948101997375
progen,1.0,KKSSYKQLQSGYKPCTYWGYKAILGVMKTFVKFILLMLFIYYLINIKIITKKYLIKTSSRVYGLKIPEYHPIHNLNSINEIDKNLISATILASSKTYPILSSYSKSINYIIYKLSMEYKIDPLFIFAIIKTESNFNPNAQSSVGAQGLM,tr|A0A150FRF4|A0A150FRF4_CLOPD,48.193,1.56e-14,3.858233948214752,15.269226814381884,0.532603305785124,0.32761698961257935
progen,1.0,LLTEIELLIGYITGENEKQKYYFSCTTEEIISTISDIAVRYNLDRSFALALAKTESRFVTHTTSHKGAIGLMQIMPSTAKFLGINIRDTEANIHAGAKYIRELLLKFNNNKEFALAAYNAGPGAVKKYRNSVPAYKETITYVNTILSNY,tr|A0A9D1FIB3|A0A9D1FIB3_9BACT,52.0,1.06e-36,3.9667097415874313,14.156731007795136,0.8450805767599661,0.8392066955566406
progen,1.0,FLSYLYISKFATLRFDKLLSLIDDVAETTNTFDFLTLEVSELQTPILNFTGKYTSRLTILQLPKKLISKIDETTKKLLSMIDQFQNKHSKKELLNLLALYTHGDKYNGIDFEYIFKNIDNLYDLNFPQEVLIKKLSLGSELSSAKQLYT,tr|A0A2W0B2R9|A0A2W0B2R9_UNCAI,25.41,0.24,3.7880070179553673,15.2107370566071,0.3558789860997547,0.2583681344985962
progen,1.0,FFAYDFYDYDGITTTDWLSLNRKPPHVAIAFMVAEGSRAAGAYGHTPNSLYSGESFSSIYGLTNPDITTGWTESFLSHAVKQTSINEGAMAIDNIIVQASQSYGVGLDLYTDASNIILSQDMGRAIGYSYEEVYTAKECSDLIGSIVRS,tr|A0A3D1GBW0|A0A3D1GBW0_9BACT,27.083,0.32,4.044562247963757,16.950122720496278,0.29700174825174824,0.173285111784935
progen,1.0,IFLKSIKVLSLEEAAAKIFQAILAKINSREITENFYYKIKYLIDNQFDENIKNTITPTSETKTAESTEYSTWNDSLNKLLGLASSSNFIFEKAIETIEKFKSDSENIQRIVHSLEKIAKSISSHSNEVNHIASSSQEIANSAQEVANSS,tr|A0A7C6NLW7|A0A7C6NLW7_9FIRM,28.169,0.003,3.715600951884496,11.363238142507724,0.54696352841391,0.3516882359981537
progen,1.0,GGLAVLLGKKALDLVDLALAELARFTQSGDTALLARLKSRFSLSRAASRRVSEIAFATEEIARAAGLPSSFARSMTDDQFSLLTKRKTEGDLRIDTDGTVGSKTIAALGADTDREIKAAFNIIDALAARLSIDYALVLASAVLDEMKPR,tr|A0A3R9RT44|A0A3R9RT44_9GAMM,31.429,0.15,3.655036186810463,13.579608400313392,0.40568345323741006,0.23487605154514313
progen,1.0,FLFFFFFFLFFFLFVFLFAFLFLCGFFFITKLFYSKYTKITQTYQIPKLYISAVILAEDKRFYHHHGIDIQSIIRAFYITLYSGRIVQGGSTITQQLVKTSFVTPQKSITRKLKQIFMAYRIENNFSKNQILELYLNYIYLGYGNYGIL,tr|A0A972TZU3|A0A972TZU3_UNCSY,56.034,1.73e-38,3.8258359131255055,6.782298679294074,0.6829600626468285,0.645258903503418
progen,1.0,EVVEEVVTVVTTTDEVVTEIEEVAEQTQEGGEGAVRVGEGGTGGGSNTSVVVELPEEGIDQVVEVNGFTDVDILPVTDNGITLPIGFEMVVTANTTSQDIVKKTTAEMGELTTQMGEMSSASGIIVSGIVDDMTSNNSSMIFSNILGVA,tr|A0A7W2G233|A0A7W2G233_9CLOT,29.915,0.006,3.607867270076496,12.387982272174844,0.2722408963585434,0.14744946360588074
progen,1.0,IFLSLYILFSKSVPPIMIISTIINENTKYYVHFLDLIHNTEMVAAGDKFSKDISHAFQVLNNKIKKFQTDMNSSKITYDELKDDISNNVNLIESIKDKINSLTKSVKRFSRINTVDKKLIFEIVENLDISKYGDEESITISKISENLSI,tr|A0A7X9GNV9|A0A7X9GNV9_9FIRM,25.743,0.71,3.78178539656998,13.379441408809653,0.4914854771784232,0.3169233798980713
progen,1.0,GMILLTIPPSNTLIFKHRSVERLMAMIKHYSDELTLDPLFIETLIKTESDFHPYVTSHKGAIGLMQLIPETCKAMEVSDIYNEEDNIRAGVRYLRYFLDMYDGDIDFTIAAYNAGEGSLQKYRSEGSYDETEYIQQVTTRYQSELKKHY,tr|A0A2N6DZE6|A0A2N6DZE6_9BACT,46.154,2.31e-34,4.0924087380648215,16.780149428742558,0.7430509868421052,0.7645319104194641
progen,1.0,MKIKPYFLLLLSVILSCGTSTPPSNLVDLCDIFDGNSKWYQTAKDSKKRWGIPIAVQMAIINQESHFNGIAKPERKTLWGIIPWKRPTTAYGYAQALKGTWEEYQKQKGSRWSRRNFYDGSTFFGLGWLANQSHFQKIAKYDVHSHYLY,tr|A0A377GA40|A0A377GA40_9GAMM,47.333,9.28e-44,4.172242393359565,16.120342177479507,0.5665632653061224,0.532329797744751
progen,1.0,MKKRNFKKKKILLIVLFLIIMSSCFMYTIIMFKMKYYQQLSKLESLTGEELAETTIYKTDTISEIGQSYGVKPSIIALIIEVIKKYSKKYNYNIDIIIAMKVMEEYGLTDYVSCSIIHFKYKEEFTYINRIAYTISLIEKQKYYREHII,tr|A0A2M6YZG8|A0A2M6YZG8_9BACT,22.892,0.02,3.815206110578319,14.157964306169305,0.48907199999999995,0.2799641788005829
progen,1.0,MLLAAGLLQPVRVEPPDLRARTVLAATGSGVLTPVLGLEDAATPLLAAPDDAGGETTPASVSGGGAEIVLLRLFCEARAAGRTEMLYVTLDRLLQPWPELRDAMRTVLVQAEAAALPTRLEFELRAGEAAPPVLDTLWRCWARTLADDD,tr|A0AAQ2I0H9|A0AAQ2I0H9_9PSED,32.558,0.046,3.575861620182049,12.110808860457425,0.4302164111812444,0.3464871048927307
progen,1.0,MIRLVFIAIVLVLGGCATSPPRNPENICEIFREKRDWYKEARDVQKKWGVPIHVPMAMMYQESSFKHDALPPRDYLLIGIIPWGRVSSAYGYAQAKTMTWADYQREAGRTAADREDFDDAIDFMGWFITKSSRISGVSKWDAYGQYLNY,tr|A0A2S2E4J9|A0A2S2E4J9_9ALTE,72.483,8.449999999999999e-81,4.182159071635716,15.689452414812434,0.775164744645799,0.768181562423706
progen,1.0,MRFRKSRRPMFVALLLIIAAIAVYSYISKELFQRYQRKSEVIEYTEKYNVKVSQIPELLLAGMLKQEDANFFYRYGVDLKGIFRAFTTNLTTGQVQEGGSTITQQLAKNFFLSSSQNYARKLNEILLALDIESLLSKEEILTLYLNKIY,tr|A0A9D8P0Z1|A0A9D8P0Z1_9GAMM,41.401,2.3300000000000001e-32,3.918708687199151,8.094636885004928,0.7177696078431373,0.6684614419937134
progen,1.0,KKASSYTCHVDAGCSVVRNNSSYSSSLSMCCSYTQSFACSKSSSSSTEKSICSTSSCSTYSGKNGYCGSSNSYCSGCSESRHGGPSSGGISSGGGSSGGGGVGSIISSSVFEDLLTHRNSGGCPGRGFYTHDAFISAAKSFSGFGTTGD,tr|A0AAQ3P866|A0AAQ3P866_VIGMU,47.525,8.38e-22,3.5515774923916217,12.489580198393984,0.23519417475728155,0.12020663172006607
progen,1.0,MLFLICLYLSYCTLQGIDISNYQKNINFSQVRAHGYSFVFIKATEGKTYIDPTFDANWASAKNAGLIRGTYHFFRPGKDPISQANNFLKSVSNLEWGDLPPVLDFEVYNGITAVTTLQQDIRKWLIEVEKETGIRPMIYTYADFWNTTG,tr|A0A6N4T2R6|A0A6N4T2R6_9BURK,48.872,1.23e-44,4.167814432089374,13.969035440050924,0.8177915632754342,0.8254503607749939
progen,1.0,KERTKSEIRKEKPSQKKQEQKRKSESKPPKKIKKKLFLFLTILCFFTLLFMLLSMMGVSTISGNITENELKAVSTSEQVAIDEIVAQTEIAPTSEDMIKNTIHKYAEEYDLDWKLVVAIIKHESNFNPKAVSYCGAKGLMQIMPKYYEE,tr|A0A8J3AQT5|A0A8J3AQT5_9BACI,45.238,4.98e-16,4.0081189238253065,13.91489478217141,0.5629842061512884,0.3534073829650879
progen,1.0,MSIEEEQERGEKIVDERITELRRRIIRWGVVLVLMVCFVVIVLLTWGILPRNPPPNSEIIQREMAESDTTVYIDDETTEIAKMTQMAESGQEVQNNTTSEELTPEQMTKDSIRSVEKTSQEMRKSIEKKKEEKEAKILEERTTNEKRKK,tr|A0A2N6D1V9|A0A2N6D1V9_9GAMM,33.824,0.065,3.8456275809730514,13.029807050444257,0.5506748971193416,0.20945900678634644
progen,1.0,KKELQSIYLKEGYYGNASFGIAKMKQFYISKFGEDDIEKAWLSIHLDVSKLITKNYKNHSILKSLKLTSTLNNFSEEIIIETKNLHENLKYFRYFNITSKAFNKYKYSETNLIKNRLEKFFKGYKI,tr|A0A832JCG5|A0A832JCG5_UNCAM,42.857,0.022,3.737957133389903,14.139881171879876,0.37614084507042256,0.2579038739204407
progen,1.0,MKRKRKRRGLLSITWTIVVIFTTIAYIVLRGSSPLRQMNSIKYPRGIMAYEKEILSEISEKYKIPATLAWCVYDQESAFNIKAVRSHKEGLMQIIPEVHEQAGIKKVQLYDPEKNIKIGIKYLSNLYKRYNGDLDKALAAYNAGHGSVD,tr|A0A150KP12|A0A150KP12_9BACI,49.485,2.5699999999999997e-24,4.069571691899428,14.32230898834368,0.6433139534883721,0.5806241035461426
progen,1.0,FFFFFFLFLFGFIFSFLIGRLYPLHLRKKIIYIKNKDLKVELKELTILLKLEQVFNKEKVLNQISLEIHADLKTRGLDPSLALSLMAQESQFKRNAVSFVEASGMLQVIVSSGRQILSREIAEYIGDKMLKDVSWDIELFSYYKKMKLS,tr|A0A2V8VFE9|A0A2V8VFE9_UNCAI,24.841,1.11e-08,3.882043097186664,13.603126244619707,0.46779304769603886,0.3753344416618347
progen,1.0,AVTVKKSSRKKQRRRRIKKIKILLLILFILLFIYEYRTLIKPRVFKINDYGIRGISVEQESIPMSTLVMVSVAESSAGVADKISVINEYGLYRYITEEALPECGRSYYGYGGYMEATKNNRTFKKIADTWKKTRMKLCYISDRVGFKDY,tr|A0A0R1W7A4|A0A0R1W7A4_9LACO,28.07,0.14,3.9800865463947774,15.291534285970403,0.40526960784313726,0.24311737716197968
progen,1.0,MKFLMITSLFFLALCGITPPTSQEISATQQTVIDYGNDISISEESEDGAGIDVSIHQGSDGSESVSGDIKTTSTSGWRGNSEGQWLVMDSQIEENSEKVELSASDDESGAEGVKPIETETYKESDDISNTVTDEVSSQYSSGVSSSDRI,tr|A0A7U9T7G1|A0A7U9T7G1_9FIRM,42.857,0.032,3.837476894535934,14.484501098991643,0.3269874100719425,0.20785123109817505
progen,1.0,KASVRRFIKDIDSLIDVITDEQDVLRRLSLEVAKIMEQIEKISGEVTVMFNVNRDLTMVGTIAAAVIGGKYGVHNNYIKWISEA,tr|A0A914K7N5|A0A914K7N5_9BILA,25.397,0.26,3.933917682646589,16.783267734603072,0.696928895612708,0.4498184621334076
progen,1.0,MRKIIIFIFGLIALLGVSSAAGWLYFSDPDLERYPELVIRKQVMMLFDRRPVAKDLDAHRNREIALEWIPLTNTSLQEFYSIISAEDARFYDHWGIDWRGIARAMIHNLKAGKIVRGGSTITQQLAKNLYFSQDKSISRKIKEVILSFR,tr|A0A533ZCX2|A0A533ZCX2_UNCNT,54.321,4.06e-27,4.057859117473459,14.631036828884074,0.54430441898527,0.47713813185691833
progen,1.0,IELVSKVSETLYLKYLDSQGVLTIGWGHAINENGFKVTMSDMGFDHKLSMLESEFSKDINKAIEEAVKVVTENYTETNTQYSFGDINQLINAGYTGTTGNADLLSNGHNAQRFGGIMNAGTISEFEGVRVKNYVAQRGLIGNGSITTGD,tr|A0A9X3I9B3|A0A9X3I9B3_9SPHI,28.462,2.56e-05,3.967525535171117,15.775730093657272,0.39585237258347983,0.24514874815940857
progen,1.0,IFMFINSIDLNTKTNFNKIKSFIKNNYNILIINFFSNNYKFYSLKNINSLNEIDCSLNLTLRYFSKKYFLKEDKILNLILNESQKYNLFPSLVMALIKVESNFDPKAISHNGAKGLMQLIPITAEDVAENYIKGYWENNMYDPDYNIKL,tr|A0A2N1D1Y8|A0A2N1D1Y8_9ALTE,43.529,4.29e-18,3.807513458294423,13.690344428215026,0.5640516545601292,0.5615987777709961
progen,1.0,KRGKIKYYVKTGDTLYLLAPEVDPVVRILRLKNLSVWAIKEEYRRLIEIEKDLKYTEPFLLSSSIKYEMDESQMAEGADPSTSSGEMGFGGMFQLNPRHVGSEYGEDADLVVSMIRYENLGIKEGDLILSKYNYRYNKELEKAYSAGER,tr|A0A0K1FHH5|A0A0K1FHH5_9FIRM,26.761,0.31,3.964502895838736,16.753880985902818,0.2763681592039801,0.1685153841972351
progen,1.0,EIKIQPKIVAYFPYDKDFGIVAAEWYPGIFNNLDLKHLKDPNESYSYSWEIYALVRNYLHDYGVETGVVLAIISLETKFYPKAESFVGALGLMQIMPLTERKLSERSDWPIKNLSRIMGEIQFIQRPRLKSEISPIELYFNIANAYNAG,tr|A0A958GMY9|A0A958GMY9_UNCBD,32.45,2.56e-12,4.0705066680727455,18.53767825844905,0.42007364975450084,0.4428485929965973
progen,1.0,LEMERINMTIINIEILNTKYFNREKALNYFIKYKSKTYELKDILNIVDKYFNENVQQVEELLKNTEVLRKEITIIKDNSSLIDDLVNSVSKINTQIEIIRSKSLVIEDRYNRLKNINSLVNEYKDQINHLSEKVREISHNSEVIAKDVK,tr|A0A9X0CRS9|A0A9X0CRS9_9CNID,24.528,0.21,3.677139794692395,11.618536183725292,0.7265489566613161,0.39858299493789673
progen,1.0,AAEQPVEVASQSNEQIGELEKASESLGAGEVTMGGMVEKIQQVAGSGDDIVLDAEDSVEKTKEMLEKVEDGVGKAVRAGLKGKYLDITPVNGGLFEKTAKKAAKQGLIPSGGFFGIPTVDSSERNIVGQEVSVTTVKPVMAGIEEAKAQ,tr|A0A3A8JM18|A0A3A8JM18_9BACT,30.0,0.068,3.777530035482137,14.469790806020258,0.43921369102682706,0.1985923945903778
