model,temperature,sequence
progen,0.5,MKKLLKIFLITVLMVILFVVYCKSDSKKLKINQMSYELNNEIISKNSDLIKLEEIISNYKSIEEKWNSEYELLKKVRNKLEEYSDKYDLYPIKLYSELDYYLNTESIKLDYIVSLYYERNGFYIQKIGIDIKKYDYIIKYYYEKISYIK
progen,0.5,FFAYDFPEELVTTTLTTQLGKRGFFSYLPFNIKFKLYKEEGSEILVKSFEKTENFTLEKLEALYLALKSLYDDKTLPIYFSYYGEILGSYSIVYSPAELIEALIKNLEKFESLFTPYLGKIGIKTSLEYSIYSSLDLKLLAEIYYSKIY
progen,0.5,FLLFFFFVNPPVTWTRKSLLLLDRVALDPRPASLGKKWVRFKDMPFMTWSANFSLELRLFLSLFAPEENLPLLERRLPVLKEVLQYEHLSQLSSLLYTCRLLPEELPKKLGEKIISAEKKWLTYMLYPERVKRLLPYFKKKYQQALLYG
progen,0.5,IFIFFFFFFFFFFFFFFFFFFFFYFFFFFFYPYEYKKLIDYYSKEFKISSKYLLAVIKTESNFDKNAISPKGAVGLMQITPSTFKEINKLYKLDLKDNILYSPEINIRIGSWYLKSLLEEFNGNEVLALAAYNAGRSRVKSWLKNGIKK
progen,0.5,INSSKIVFLLISLILICCILLLKKYITKKIISIYYSINIEYNPYLISTLISIESKNNNIAISNKGAYGLMQIKPFTAKEINNKINYTTKDRTTLINPYINIKLGIFYLKYLYNKFKNPYLALTAYNAGPSIIKKWLSNIKFSKNGIKET
progen,0.5,ELKIIGIEVALVVIVGLSVFFTYIFIRGIYVYNYALGLILPRIVDITVDESELTLKGKIVGLDEYSAGLDEDLLELLLYRQIKYPNEVGEFVDNNSSITIKTVDYNIKLKEAIEELKASLDFCLSKYGYEEDFYLEDLLTEFKYGKGTY
progen,0.5,IFLFFFFFFFFFFFFFFFFFFFFFFFFFFFFFFFFFFFFFFFFFFFFFFFFFFFFFFFFFFFFFFFFFFFFFFFFFFFFFFFFFFFFFFFFFFFFFFFFFFFFFFFFFFFFFFFFFFFFFFFFFFFFFFFFFFFFFFFFFFFFFFFFFF
progen,0.5,DGSGGGGGGGDGGGGGGGGGGGGGGGGGGGGGGGGGGGGGGGGGGGGGGGGGGGGGGGGGGGGGGGGGGGGGGGGGGGGGGGGGGGGGGGGGGGGGGGGGGGGGGGGGGGGGGGGGGGGGGGGGGGGGGGGGGGGGGGGGGGGGGGGGG
progen,0.5,PGGGG
progen,0.5,MKKLLIIVMLSVFLMGCSTTPPKNISNICEIFHEKDDWYDDAKDMREKWGVPIHVPMAMMYQESSFKHNALPPRDYLLWIIPWGRVSTAYGYSQAKTPTWDDYVRETGNSWASRDDFDDAIDFMGWFISKTHQINGVSKWDAYAQYLNY
progen,0.5,EVVEKIDESYEEKAKKYGVPKELVLAIIKIESDFNPKVVSSKGAKGLMQLMPFNSRKLGIKNVWDIGQNIDAGAQYLKDMLNMFNGNIELALAGYNAGPGNVKKYKGIPPFKETQKYVKKVMSLYTK
progen,0.5,IDIKYIVVTIVVIIVVFVVIVLIIVYKLTKEINEELEKLYYTIKSESEKLLNIDDIIEISSENIKVLNNVSIIITNIKKYIEDINELSNEIKEINDIITEINDISNEIKNLVEKTNDISEKVNEISDNINKINEKTKEIKEIAEKIKEI
progen,0.5,IDIEYEVEYLEQKNIETEEEEEELEEEYEEEEETEEETEEEEEEEEEEEEEEEEEEEEEEEEETSESEEESESESSTSVESETTTTEEVTTTETEETTTEEEEETEDETTTTTTTTETVTTEEETTTTEETTTETTTTTTTTTTTTTTT
progen,0.5,IFLFFFLFICLFYSYSHFLSEYSFPFLSQYNFLPYDTKGIFIIDSSITINVISLEEILFLKLLSSYKYSFFEFEIIYTPCGSTTLTTKLPQLSLTATYYNFKFIKLKFIISHIIVIFISKNLTLFLILISIFLLTFSCFFFYFFSKIFK
progen,0.5,ATTTTTTASTTTTTTTTTTTTTTTTTTTTTTTTTTTTTTTTTTTTTTTTTTTTTTTTTTTTTTTTTTTTTTTTTTTTTTTTTTTTTTTTTTTTTTTTTTTTTTTTTTTTTTTTTTTTTTTTTTTTTTTTTTTTTTTTTTTTTTTTTTTT
progen,0.5,INSSYYSYNSYYSACGAYGAGVTTCTSGGSSGTNDSSSEISSLISNSLFDQMLKNRNDGSCEGKNFYTYNAFLSAAKSFSGFGTTGSSDDVKRELAAFFANAAHETGSFCYIEEINKSNSYCQSSTQWPCASGKSYHGRGPLQLSWNYN
progen,0.5,KKRRRIRKRIVICILLILLILIMKPLIKKIYPMKYRDIIVEYSQQNGLDPFFVMAIIKTESNFDKNAKSHKDAIGLMQITPDTGKWIAETLGIEGYSEKKLYNPEFNIRMGCWYLNFLKEEFGDLDLVVAAYNGGRGNVNKWLNDERYS
progen,0.5,PPPPPPPPPPPPPPPPPPPPPPPPPPPGPGGGGGGGGGGGGGGGGGGGGGGGGGGGGGGGGGSGGGGGGGGGGGGGGGGGGGGGGGGGGGGGGGGGGGGGGGGGGGGGGGGGGGGGGGGGGGGGGGGGGGGGGGGGGGGGSGGGGGGGG
progen,0.5,EIEIVKKESKKLGIDPLFILAIIKVESYYDNIAKEKYNNHKTFKSKYKKNKYKKKEEAYYFSSDDAKKMIKNCKNLGKSIKKIYKKWGEYNYGSVKKAKEYLKKFSDYKKNAYKACELLITETAYFFKINKNYKK
progen,0.5,DGDGDGDGDGDGDGDGDGDGDGDGDGDGDGDGDGDGDGDGDGDGDGDGDGDGDGDGDGDGDGDGDGDGDGDGDGDGDGDGDGDGDGDGDGDGDGDGDGDGDGDGGGDGDGDGDGDGGGDGDGDGDGDGDGDGDGGGGDGGDGDGDGDGD
progen,0.5,KKAKSYLKSQYKKKSKKTGKAKKRLKQLQSRYRYVSKSVKYLRNHKIKRFSIIAFGAFLLFIGIFFSIQTTEEQQKQQEQSSSEIISQNTNIENENISIDNINKDLLKSIEEYKYKEYFEEKETTKEIEKIENEKKELEKEEIAKIKKE
progen,0.5,IEEKKEEEEEEKEEEEEEEKTEEEEEEEEEEEESEEEEEESEEEEEEEEEEEEEEEEEEEEESEEEEEEEEEEEEEESSEEEEEEESSEEESESEEESEESSEESEESSDESSSGETISEESEKEIEESEEGEEVKEEESEEIEEVEEE
progen,0.5,IIINNISFIIYNSEEIKLNIKIKNNKINIEIKNNKINLNIIISISKKTNININIIYSNINKIKNINKININIKKIYKFADKNLKKIKIINKKLNKINKIIEENNKLIKNISKISKNISSITKTINKISKESNISIKNIEKSAKDIVSIT
progen,0.5,KKRIILIILLLILVIIVYFKSIHKILYPMKYKEYIYKYSEEYSLDPYLVCAIIKTESKFRKEVVSSKGAIGLMQITPDTGEWIANKLGVKDYSENMLYDPETNIKMGCWYLDFLKEEFNGNIDLVIAAYNGGRGNVQKWLKDEEFSKDG
progen,0.5,EKIKIGSYKDDIKKVYDEWGVVYGISKAMLYDINTACKVSGAYSLYVSYIYTYKNIKEYNAIVVLSKDFVKAQELINENEDLSKEIKSNIENTKEIIKTIESISSETNILSLNASIEASRAGENGRGFAVVATEIKKLASQTKESIDNI
progen,0.5,LSFFFFFFFFFFFFFFFFFFFFFFFFFFFFFFFFFFFFFFFFFFFFFFFFFFFYSYKYYNIINNLSYINNISEYVNLNKVSKNKISSIIFIKIIGTSTINNNISYSCLNCSYYGNYGFELYRNYKTYLTKLSKNNKKKYSLLVSLLLSH
progen,0.5,IIFLKNKKLSLSSTSSSSYYYFDNNKIKKEIEEILKEIKVKYDIDPKLIKALIYAESSFNPKAISPKGAMGLMQLMPDTAKEMGVNNPFDPEENIRGGVKYIKKLLDLFDGDIKLALAAYNAGPNRVRNYKGIPPYKETINYIKKIKKL
progen,0.5,IIIPIKEKILVRKREIILELIKEYGGDIEEMNIQTKKCFKYALEKELDGLFDEDEIKILAVIAYMESKYGNKKMGIYEDKNKYGSYVRSIEELKKIRKIKKEKLSNIIRTKIIKSIKYSKKNIKTLEYYLNEVDLDKELDLIDAAYNAG
progen,0.5,KSRSRKKRKKKSSSRKSSSGKSKRKKTKGKKKILILCLILVGMGIFVFILILLLLIDRSSTPEKQKMQIPEEYIPIYKAAEEEYGVPWYVLAAHHRVETKFSTMDPMLSPVGAEGPMQFMPCTFVGWSHPTCDGNGVGDIPEEDKIDPA
progen,0.5,MKIIIIILLSIFLLNISSIISENNSIKSEIKSLIEKYSKEYNIDPLLIFALIKVESNFKPYSISKNNYGLMQIKLETGEIYKKKLKINYKSSKLLEEPSINIRIGCWYLNYLIKTFKNVKKALDSYNYGENNIKKSYEKIIKKYKKILK
progen,0.5,IDISLLPKKKRKYYSFKEKMGIKEKLLYKLEEELAVIVALLSVSISLFPYTYKELPYYISYIESYKDKYGIINLSELAIQYTGAESKLKILVDLEDITRRFDEEELAEYLSLLKKESKELNIDPYLIAGLIKTESSFNPKAVSPKGAMG
progen,0.5,KINNIVKVIIKYSKKYNVNPNIVLAIIKTESNFKKYVISPKNAIGLMQIKPETGRWIAYKLNYKNYKNINLFDPELNIKIGCWYLKRLKDLFKNNIKMIIAAYNGGSGNVNKWLKDEKYSKDGIDLTNIPFKETSNYIKKVISYYKIYS
progen,0.5,KRTVIKRIRIYILLLIVILFLYQTYIFKKLLYYSKYNTYITTSSLYIDQTDLLYYKDIPEEYILTFVSSEDKRFPIHSGIDISAIKRSIEYSLAYKSIKQGYSIETINAIIATTLETENEFLTKYFGFKIEKYKLTYFRKLFINKMKNA
progen,0.5,IIIPIKEQEIRRKIIPYIDTYFKKKLTLEKLVKEASKEINIPEMLILSIIAQESSLKIKAIKKKKNNFSKYIKEYSKLYNINPSLVYEIIKVESNFNPEATSRSNAMGLMQLMDFTAKEVGVSNPFDPEENIEAGAKYLKQLLDRYDGD
progen,0.5,MKIKNILSIVILSLFSCASINSNNIISSEIYNYKDNINKVVLDNTIKYKTINKYIKEFFSIEKIIIEKSYFKYNNSNYYSYKYYSYKNTCYPYYPGGGSILIGWGNYLEIWYKKSYDLFKLYQPYLYKNISSYIKENQIKYNLINTDYI
progen,0.5,KIFYICSENLDLIITKNENRTINLLSLKYSVNSALIISKNSLKSFSDSLSSSISSKDIIYKSCGEYKFLIYQGSKFAFFEKKVDEIFSLLKGIEKEYGKFFEYYSTSVRVSSNLYTIDSLQLKKKIIEESNNINTIIGIDFIISILDIK
progen,0.5,IFLFFFFFFFFFFFFFFFFFFFFFFFFFFFFFFFFFFYFFFFFFFFYSYLSYFCKFSYYNSINKLSTNLKNLTKTFYFSFAFIFGIFSFSYNCGTNCSSLNIISKKYNISKGLFYITLIFYIGYSVDSFNILNSTTSLKSSSSLKSKIE
progen,0.5,IIIPIKEKIKIKKKKTIKIIKKSSKIIILIIISFILSSCVIYKIYIKYFKTINTLESEKISIKEISDELYITSDESSIIDSKTIIKILKNKSKIINKNEYLKKIKIISKKSGIDPIFILSIIKTESKFNPNIVSPKGAMGLMQIMPETG
progen,0.5,IVGIFLLIIILIFGGPVYFNIDLVSTLHVYNPKISSRLLNSQINWVAVILIVSVIAVVVGISVIRPLSDSIRKFSRPRGRDYISIQITPPISVYADTIAHYAKEYNLDPFLIAAIIKVESSYNPRAVSSKGAIGLMQIIPSTGARFGKY
progen,0.5,GLLLPLLRRLIEPPLSLLEVGLFLEEDLIQLQAEILARSSPESLSRPSGGRDAELALFREVLARFHVDPELALEIVNTESSFRQNVRSPRGAYGLMQLMPATAKSLGVTDPFDPVQNIRAGVRYLRWLLDRFDGNLSLALAAYNAGWRR
progen,0.5,KIKIINNNNILFYNNSKKYGIDYRILMAIGETESNFKPEVISKSKDYGLMQINSINIKELNIKSGKSIDKNYMKDTKLNIKYGVKYLYSLYEKFGDMEVAIAAYNGGIGNVKKLINNTNVKNFNILYIPKETQKYIRKVISYKKLFEFK
progen,0.5,DGEGGDGGGGGGGGGGGGGGGSGGGGGGGGGGGDGGGGGGGGGGGGGGGGGGGGGGGGGGGGGGGGGGGGGGGGGGGGGGGGGGGGGGGGGGGGGGGGGGGGGGGGGGGGGGGGGGGGGGGGGGGGGGGGGGGGGGGGGGGGGGGGGGS
progen,0.5,IFIIYSKEFNISILLQLESSIISINNLSTIIFINEKRILEIEKIFNLIKKINEEFLNLGLKYISKYYSKNRIEFLPYIAKELLISRIGKIESSKIEYIKSPFGYGGLMQIIPSTAKYLNKKYNLSKDLIENIEYLSKIINIIKEKIKKY
progen,0.5,IIIPIKTLTYPKKYFVSKILYYSYSSNLDPYLVSALIKVESNFKANAISSKGAYGLMQIMPDTAKWIGYKNKYNPYENIMAGAKYLRELLNRFDGNLPLALAAYNAGPTKVEKGKRIPPYKETQNYVKKVMTTYKQLTSSSF
progen,0.5,MKIIIISLLIALSLYAGDFGGSYVLNNLYYPIRYSQLVSEYATEYDLDPYLVCAVIKTESNFNPEALSPVGAMGLMQLMPETAEWISKEIGIKPKEEQMLFDPIYNIKIGTYYLTYLIEHYDGDVLLALAAYNAGQGNVNKWLQDPQYS
progen,0.5,KICYKSNTSSCINSYSIYNNCYTSGYCGAGTSRCRLGDSGGCGPTYSPITPTCGCGGGGGGGGSGSGRNIDDIITRIFENSMKHGGFGGFGLILFLFFTGCLGFGSYAACAAKSGSTIVSQEMNITTKDYACAPNGKYSLNGYVECCDS
progen,0.5,IDIKIIYTVGEAIDLKIEVFDMIEKYNSEINIDPYFILAIIAVESSFKEKSISSAGAVGLMQILPSYGEILAKNLGIKWEGDRKLLEPEINIKLGCWYLRELIDKFDNLETVVAAYNGGSGNVQRWLSNGKYSSDGKSLDHIPYKETEN
progen,0.5,KIIYPIIELVGKHDPIMYRESQRYRISPSLVKAVIAAESSFRPEAVSKKGAKGLMQLMPHTAKRLGVKDSFNPTQNIEGGVRYLRYLLDLFKGDLTLALAAYNAGENAVLRYRGIPPYKETQGYVKKVMSFYRKYSASKSGVTKTIVIS
progen,0.5,KIINIVYIISIGETGIKIGSYINQNKVYEYKDIAKEIKANNKLKNIDIIKTIAKNIAKEYGIPPEFIKAIIAVESSGNPYAKGKVGEKGLMQIKPGTAKEMGFKGQTKELYNPAINIKYGVTYLAKILKRSKGDINKALAAYNAGSNAV
progen,0.5,PGAGLRAAALLAGMALLPAAAHADIFAFVDADGVVHFTNAPRDPRYKPLWRSPARSAPGPRAAPARAGLDDFITSHALRHRVDPALVKAVIHTESAFNPRALSPKGAMGLMQLMPDTARLFGVANPFDPEQNIEGGVRYLRYLLDLFNG
progen,0.5,IFLFFFFFFFFFFFFFFFFFFFFFFFFFFFFFFFFFFFFFFFFFFFFFFFFFFFFFFFFFFFFFFFFFFFFFFFFFFFFFFFFFFFFFFFFFFFFFFFFFFFFFFFFFFFFFFFFFFFFFFFFFFFFFFFFFFFFFFFFFFFFFFFFFF
progen,0.5,MKKLLIIIFLSFSLFFFNTAFAESYYIKSDYLPIKGCPKLGNDIKVGQDYGKSVSALNTISKSINIKKVAIQYGADFELIGEIVKIPIKENDIVGAVAVQIAVLRSRVLKTVGINPIIYYSQIYRYIKGGNLDVYSLLKILNEERLKRY
progen,0.5,IFLFFFFLFLFFFFFFFFYFVFIFLFIKSLNPLSSSFLSETIYHSKILKKYDKLVTLENFVKKYNNLHKKQLAIWYKSKYFFKLNINKLSKKYNKYIKYFSYKYSLEPMLIYSIINTESLFYYNAINYEKNGLISLDYIIKEAIKEKIK
progen,0.5,KKRIFRRIRYIIIILIVAFLSSCFLLSKGFTTYKAAYAQTTIIYRIDILYNPEFVSTNRHFVSAVILAEDQRFYSHNGIDFKSMGRAIFKTIQKGETVQGGSTITQQVAKNFFFSNEQSIFRKIKELFVAFKIESELDKTEILNLYLNS
progen,0.5,EKKQKQQQKQKKQQQQQKQQQQQQQQQQQQQQQQQQQQQQQQQQQQQQQQQQQQQQQQQQQQQQQQQQQQQQQQQQQQQQQQQQQQQQQQQQQQQQQQQQQQQQQQQQQQQQQQQQQQQQQQQQQQQQQQQQQQQQQQQQQQQQQQQQQ
progen,0.5,EIIEKRIEELSSKISEIEGRIKEIKDIVDIIQEIADQTNLLALNAAIEAARAGEQGRGFAVVADEVRSLAEKTQKSTKEITETIKNIQQETKEAVETMEKGREKVEEGVKLAKEAGEKFKEIFDTIDKIAEQLKQISSASEEQTAGSEE
progen,0.5,KRKIKKRIIYICIILLLAACSTTPPKNIKNACEIFSEKYYWFKDAKDVEKEWISPERVVLFMAQESSGKGHKRPPERTVLGIIPWKRPSSAYGYAQAIDETWSEYKIKTGNSRADREDFADAVDFIGWYTNQSQKRLGISKWDAENQYL
progen,0.5,KIKIKIKYINNKYIKIFKDSLNKNKYYILYIFPKIEKNIINNYLKFSISFYNKKKNYKILIGESEIYNYNNIILLAVLKIESNLNKYIISYSGAGGLIQFMPKTAKLIFIKDNIFNPYELIKKYINKYNNKLNKNINSLKLTFEEYNYG
progen,0.5,KISYLSCMSNTKFESEIKRMLITETGSSFSLETKMIFSNIKKSSIIFDVSEKQNIPVEILIAIIKTESNFNPYALRYENKNKTLSIGLMQVSPKTALSLTKEKNLNKESYYKPYNPLLLGLLYLNKMFNKYGNLTDAIKCYNAGRGSLN
progen,0.5,MKIIIIILIAFLYTYSAYIYLKKINIIKYLKTIAYCESTNCYGDINKVSPKGVATGIYQISKQEYIDKNAIKNNNTIKKYSNCYNVDPALICAIISKESRFNINAKNRSGALGLAQLMSKNARRYSKEKGITDYKNIHDTIKIIDIIKK
progen,0.5,KKKRGFFGLIFLLIFCVVVFYRFITPPGGFLMADNPHYKLYEPLYKKKFSRFISLNDIERLARQIISNIDRVAKFKYVNPKLVRAIALTESEGNPIAISGKGALGVMQIMPGTYKDMGIKKLYDPYHNIQGGVKYLKKLLDMFQGNLWL
progen,0.5,MKIIFSKISYINEKNNSIIISKKEYYYKISEILNTINNINKDIDKELKKINSLNDIKKYINKFSKEKKSSIIIISKINNKNKYYSDINNINNYYYKINLIELNKKIDIINKKINGNSINYKRYIKKSSNKYNINKEIIESIKKISKEYN
progen,0.5,KRKKIFLIILICLIIIIPKKISAQNCLFILASKEEKKVISSLSDERKVKIIKIITEYNSKLSKDYNIKIINKYREKDRELELKISKLMGIIKKESNFNPYTESKAKAKGIMQIIYGTFHGEKYYDIEDISESIKIGIIYLKENLDLFKN
progen,0.5,IIIDKIITISIKYIKENNILLKIAKEISYLNSNSINQIEKIEKIIISTSENISSIEEIIDYIKENSKDINIISKIIKSITKISNENNKEIEEINKISNEIKKAIEIINKISDEIKSISEIISSISEQTNLININASIISENINNASEII
progen,0.5,KKSSSSSSSSSSSSSSSSSSSSSSSSSSSSSSSSSSSSSSSSSSSSSSSSSSSSSSSSSSSSSSSSSSSSSSSSSSSSSSSSSSSSSSSSSSSSSSSSSSSSSSSSSSSSSSSSSSSSSSSSSSSSSSSSSSSTTTTTTTTTTTTTTTT
progen,0.5,MKKIIFFIALLIFSLTACSKEKTPSQEKMKNEEEEEISIEDDIVYVKKYIDEYSDEYDLDYILILAIIEVESGFDNIIIGKKGEKGLMQIKAKIAEEIGIDYDEIFHLEENIKIGVKYLAKYLKKFNNDLILALAAYNAGPGAVRKYNS
progen,0.5,LLTEIELKIEQLKIEEEVQEEITSTTTEEEITTESTTEVTTTTTEETTTETTTTEETTTTETTTTTTTTTTTTTTTTTTTTTTTTTTTTTTTTTTTTTTTTTTTTTTTTTTTTTTTTTTTTTTTTTTTTTTTTTTTTTTTTTTTTTTTT
progen,0.5,KRSIIYICLLLILCGCYVPSKCFDCARDVYGIESDQLWYTTAKKEKKWKIPLPVQMAIIHQESKFDAKARPERTKLLGIIPWKRPSTAYGYAQALDGTWDHYKDKNGNSFASRADFGDAVDFVGWYTDQSHKKARIKSSDAYNLYLAYH
progen,0.5,LSIGLLLFVILFSFTAILSSLLCGSIFCSALSDGVKVKVTDLVKKILVSNGISEKELRAILNQIAYESGRFSYDVESIGGSTYYYSQICKYEGCELDQYLTSAPWERCLTTYANGLFLGLSKFNYPDYSTEEWHIKIEDKTSKGVATES
progen,0.5,IFLKSIYPIEYEDIIKKFSQEYGIDPYLIAAIISVESKYGKSIGKNSVLNTLATLAYDSNKKEFYITQLELFLTFIEEELIKTDIKYFMASAKNIGTKYVSIRASSKGITGLTEEITEGSLSSIKSIVNTINCFNNSKLLSRSSKKVIH
progen,0.5,KKSKKK
progen,0.5,IFFFFFFFLFFFLFIFLFFFLFSFFFFRFIYPIKYKDLVIKYSQQNNIDPFLIMSIIKVESNFKEDAISKKEAKGLMQITDITGEWAAKEIGIKDFSLDKLFEPEVNIRIGCWYLKKLKDEFNENLELVLAAYNGGSGNVSKWLKDEKY
progen,0.5,EIKIIIDKINKIADENKVSLNKILDSLQGKVNKNKLNLKGGINKINNKNKDFEKIKNSFKKYSKRIEIKSDIIKKINNINIKLNIKNIKKINIIKKSIKKIEKIIKSINEISTKINILNNNIEIINSEINKIKSEIDSIKKKSNIIKDK
progen,0.5,IFLFFFFFFFFFFFFFFFFFFFFFFFFFFFFFFFFFFFFFFFFFFFFFFFFFFFFFFFFFFFFFFFFLFIFFFFFFFFFFFFFFFFFFFFFFFFFFFFFFFFFFFFFFFFFFFFFFFFFFFFFFFFFFFFFFFFFFFFFFFFFFFFFFF
progen,0.5,GLLLLPLLLFSSLWWYGQSVPDAAALARWDVPLSGLILQGDSEDSGGGLTETASLEVPSSAAPSSGLITGTSQSSSTSSSSSSSSSSSSSSSSSSSSSSSSSSSSSSSSSSSSSSSSSSSSSSSSSSSSSSSSSSSSTSSSSSSSSSSS
progen,0.5,MKIIIISLLLASVIGDCATSTTTTGSVTTTTTTTTTTTTTTTTTTTTTTTTTTTTTTTTTTTTTTTTTTTTTTTTTTTTTTTTTTTTTTTTTTTTTTTTTTTTTTTTTTTTTTTTTTTTTTTTTTTTTTTTTTTTTTTTTTTTTTTTTT
progen,0.5,MKKLLIITLTICMLFVTTADMTVQKCLDCICLHESGCKPIKCQWGAGNDSCGYGFIQVNSRYNCGLSKAGLDFDITKKACADILKKYKAIYNSGSNAASNNSLNGGQTGYLYSHTLSVLSSWVGLPSAGFHYHAISTVNALINGKTLCN
progen,0.5,MKKLMIIILLITLFVSCNISSKSITKYKEIIEKYSKEYGVDKNIITAIIKVESNFKKETVSYKGAKGLMQIMDSTGKYIKKKKGISETEIKYPEINIKAGIEYLNYLLTKYKDIDEALAAYNAGEGAVDKYAKSGIKTEKKYAKLVMEE
progen,0.5,ILLSKISFNIEKIIEETLRSIHELEITSEQFGTTITDISDKINSSLEKIDEISNIINDISEQTNLLKLNASIEAKRAKEFGKISSFISKITEQTNLLGINSSIEAARVGEFGAGFSVVAKEIRNLATQSKDSINKINETLKEIEKEIKK
progen,0.5,KIIYPIIEHLYPKYGIDWRQIAALIYMESRFDVEAVSPKGAMGLMQIMPDTQKYIGEQDPFDIEENILAGVKYLKACIDRFKDVVDALAAYNAGPDTVRRYKGIPPFQETRDYIRKVMKYYTTYKTKSGSSSRKIVLISEPKEKLEPPK
progen,0.5,MKKIIFFIALLIFAISANAQIYKYVAPDGRVYYTDTPKHKHYKRIIYKHPKSYKASDAKVTDNKKKYYQHIDRHASYHKVDHALVKAVIKAESNYNPRAVSRKGARGLMQLMPSTAQRYGVHDSFDPEQNIEGGVKYLRDLLKMFNGNL
progen,0.5,KKAKSYLKSYSKYFKSWLSYFKSCGIVAFSLLVTISFLFSVINPKKNSYIVESTIKYSLYKGKVSQYVSENKYNSLNSLSSILDYFSIYTSDGFKYSNCKPSIDIKKGGKYTSLDPVLIKSVIKKESGFRKDAISKKGAIGLGQIMPET
progen,0.5,KRIIKIITIIIVFTSILSCSSINSKSNNNNNNNNNNSNNNIKKTNDINKLKNIKIKNINKYSYYKYDCKNINDINFYIDKYINKYNKYNLEFLKAIKTISTEEKKKYNYYSDSIITNKKSIENYYKNYKKIKKSKKNYFNIKK
progen,0.5,MKIIIIILLTIIILNISSIKKANEINISFENFISSINSSSIKINEKIIPYSDEFYKSLNSAINSTFSKFSKEYEISFKNYSKEFLGKNKSISISIYKYYLKKAKSNIENIECKEYLDKYKNKFKYIYPFYSDYINKLNSIKNKINKIIN
progen,0.5,KIIIKSIINKKSIIYFSNIKKYINEILIFIIINYSLDFNFIKLLLSEEYNLIKSSKLFDISENIYSENIYYYYDIDDINIIKIYSDIKSSKIISYIPYKNIDKIIKSSNYSINSKYNIKINIDYNYNISYINYIINIIYINYKILYDLN
progen,0.5,MKIIIIILLGVCLLYSRGYDVYRNVSNSGAVVLTNVPSDSGWKKYSRESSGYVISINSRVNTSSYITINTIKIDKNIYDYSDYIDNQSSPSSSLDELNSLIDTLSSHTKSSIIDKDKLYSLAYKEAPKYNIEPALILAIMSTESGFNPK
progen,0.5,KKELKSIYPKIKKYSKLFFKEYKIIFEKASKEGIDPYFVKALIIGESAFNPKAISSKNASGLTQIMPGTAKMLGVENPWDLEENIYGGLKYLREKLNYFKDKYKLILAEYNAGPNAVLKYKKGTAIKTSKEILANFKKLKEEEYIKKII
progen,0.5,KKRKKKKRSRISPKKTIILKCCRLRGKKIILSFLLILSLSWALLHIIGKIINEELIEEKIIEYRISDYKGKLYSSLTWYGLDSSTSTIKGLFLGHSEHESINPYFVDNFISTENSKKIDPYLIETMIRSESKFKPEKISSQGAVGLMQL
progen,0.5,MKKIIFLILTICMLILICERNITFDELKSIIKIKNEKNKVYKIFEEILPKEERVVLKEISENIYFYSKLFDIDPYLILAIISTETKFRKKIKGKKGAYGLMQIMPEVAEWLSKRSGLSIEEEENIFDPELNIKLGTLYLSYLMKKFKDM
progen,0.5,KRRIKKYSCLFFLFSLICLGTYYFLAFDDLSKIITKKFLISTTSKKIDISAYQISTFEEISPNIKINLISSMAKNGIKISDKNPLSSEGSIELKDEKTKIYSLWDSKIEKIWLKLKEKYNYLIKKTVDENKINKLIIKAITKTESKYGQ
progen,0.5,MKKIIIFLLLITFLFGINAASFDCSTDTNKLEITICSDSSLKKLDEKLAKVYKKVITNLSKSKKQKLIEAQRSWIKSRNKSCKEEACLKQSYEEQIEYLSCFIDELESRFETLDALETKNKIKKDELKKKEDKIKKEKEIIIKKLKSKS
progen,0.5,KIIIPVIILYNNNSIIINNLNEKLKIINIKSIKIIIILFVIILSIILIYFNNNYIKNKYPTISIIEEIQKKNDKLNIKINKIYTKTKNIWISIGNVINETLNKTLNLENIKKIIEDISKEYGIDPSLIKAIIKVESNFNPYAISSKGAK
progen,0.5,MRIIKITIIILIIILFSSCSFKNINNISSSSSISSIKSIISQKISSNNSISNINNIYYKKNNIIISKNIKKINITYKNNIKSLSNKYNIPSELIYAIIKVESNYNPYAIGKTNNVGIMQIKPSTAKYMGYKNKNKIIPEKNIIFSINMI
progen,0.5,IIIPLKILFFAAFFLLGSTLLLNILNPPFTFTRIFLVCAVAFWLFYSFAFHTSPLSAQINGQLKRMLKLHTELNYVAKKLYLALTSSDLINNPELVEKTINLLRQYSLNHSQKLDYNLLLERGLTTGQRVFLYNYTRLLKGKDSFEKYK
progen,0.5,KTTTTTTTTTTTTTTTTTTTTTTTTTTTTTTTTTTTTTTTTTTTTTTTTTTTTTTTTTTTTTTTTTTTTTTTTTTTTTTTTTTTTTTTTTTTTTTTTTTTTTTTTTTTTTTTTTTTTTTTTTTTTTTTTTTTTTTTTTTTTTTTTTTTT
progen,0.5,IFLFFFSFLFFFSCSSLSSYSFSKNNYSHLKLFEKEMEDLYISLNSLNSWVSNKYYSNLLEIINNKSYFYFKDSTENIKYINSLSINSFSNSINYNSLFYKLSDSYNIDPYLILSIMAVESNYNPYTISNKAVSVDYIYTKAVGLSQIY
progen,0.5,KRIYFISCVLILTSCCLLAPEKDDAVKKSVNKTIYKKIIKEKKGKKNIKRYINEYRPEEKKESEEYYKKCIKKLDKKRFKSLSSGEKAWLGVFEKVGSKYGVEPLLIASIVGIESDYGNFTGIYSVFNVLTSMYFLYQRKRFFAKYLEE
progen,0.5,EIKIIPKKNEKIEKDKNIKIIKKISKERGIDEKIILAIIKVESDFNPKEVGKKGEIGLMQIKPETAKELGIKNPWNIKENIEAGVEYFKKYLKMFKGNIELALAAYNAGPTKVKRRGYKPKSPEQIKRIKRIFETYKK
progen,0.5,IIIPRIIFLIIPLYINPLGLILMTKTLWSNNSPINKLISENLTITLFKNNNKITTIKSENIYGIDISKWQGDIEIKEIKSAGIKFVFIRATQGTTYIDPQFKKNWEEAQKVGLIRGAYHFFRPDDPIKQANNFLRTVKLKKEKLPPVLD
progen,0.5,AAEKKVRIVSKSGKKIGVDPAYILAIIKKESRFNPKAVSPKNARGLMQLIPPTAKRMGVNKNFDPEQNIDGGTRYLRYLLNLFNGDITLALAAYNAGEKAVARYGGIPPYRETQNYVKRVLSYYNSYRYPPSSTTVKRVRH
progen,1.0,GGGSSSSGSSSGSGSSSGGTSTGSSSGGSSGSSGSGSSSGSGGGSGSGSGSGGGTGSGGCCPGPSTVESCVLEKGQDGLKEKMSCYVPNYKITLTSGENACLVGVSDHIDSCSDSYSSRPGTPGGGDGGGGGRGRYQCYDSDEIDFNCG
progen,1.0,FKILLTVLYSVGFTEFYGYISLFESLPPRTYKCIVNVESGGNYLEVAVNGKGNYGLGIRLIALKKGSTSYKTVKEYRKFIVSARRIAKSITYMHYTNYNTERLAVLTYCLGLKGFERTSYIPKAINSVLKYKKVLQVKLAKYGV
progen,1.0,FDLEKIVVNLMVIVVILVAGVIGIKTKKIIKKKV
progen,1.0,IFIFFFFFLNLFHLFFHKNVYSFYSSEGLFLDQNNISEIEYLTKVMKEVEKGIGLSYGEYNNDTINFAYFKQESLGNGYKISISKIKEKSYYNKLKTSIPDSFKKIYQLSLTKYNIGKELIESILLKESYYYYDNVGSSFDIGYCQING
progen,1.0,PGGSKVVRRGASGAYRRGRRPRRLRTCGIPMAGAVAMAGISLLVTISTSAEDKRQQPVSAPAVAEPSVSLAAPAADATSDASRPDEVPVASDTAPAPAAAPAPAPAPVVAPAPVTAPSVEESTTDAVSAMIERAAAEHGMDGAMLRAVV
progen,1.0,ELGGIVTGVSEKVVQDTSTSEDIVGTVDDISDIIDEVLEDSDDSSTDIEEVSDETTSVSETTEEAVEDVDSIVESVDETTDEIEDISDEVEEIEESVDEMVSTIDEIESKSEEITNIVDEINDLADQTNLITLNVSSIATQIKSLSESL
progen,1.0,INSIELNTVNNFNQINSTVEENTSFAEKIQSVATNLSKISEDVTTLIKNINGIVSESDSSIKQSIELIENSENIGKEITTINEKSESILSSTVNIKNLTDEIINKANQINKIADEINTIVSSINTIADNAEMLSLNASESAAIAEECRK
progen,1.0,DESGSTEQIKDGETTIKVVKQEQQQIDMPSGVCQIQGTVDGQVTNGMSPLVMDIIKNESGYNMSARNQNGGSKDIGIGQINDMHMKYLKMALSEEELENPVTNVQCGVKVLKTHLAKYNRNKKEAALMAATTWYSNFYIFEQATKLVSD
progen,1.0,PGGGG
progen,1.0,MKKLKIFKIIKRTFTKFSLKSASLVIVAVFVFCIATYYNIKRSLFMEGAPKGLSDLDIEYAKTRSVDPYSLWRISKKKGDSFKTMSKEDQLDKAILYKAKKVGVKVTGIENPAVEEYTLNKASGERKLTYINQLKADELLGTFKVLDHY
progen,1.0,EVVEKIDSLKVRKCKQAIVDSELVEDGKTIENVIKIKGKIEDQVKIINTKINREKSKTKRDIERLREKSRDKKSKIQPVEKEIEILIKGNKRIGIISFVFSILIIILVVIIIIHSKNIMLKKLSSIIKNELESIASQTNISSSSEVEIV
progen,1.0,IDIKYIVYNQVFAVVGEGEKVSGIATAAQEVNNEAAEELQARIKKETLKSVTAPKEVEKSSENVKVEVNVIIEKTTEGMEKELDKRLIQEFIVHIGSNIENIANLLEQLVAESKTNTKKLDEVTVVVNENIDTMKEVVGKIEKIADYIN
progen,1.0,LKMRKNVLLLLLVLVIATAGYVGLRRALRPMYRDYAVLKFIGRDNILTPEDVDMYARDIRSLDRLVSERKSWIEKHTNVILEKVPLHEKRLAKVKELMEWREEEARAVFEAIETLRGGVLDIRSYVERAYIYKETTTLQRMSLDQLRSL
progen,1.0,GGSSNPPAAGPKGPDAWRRRFKALFWILRMVAVLFVLLLVWGLMVAIMVPPISTLRQTLARVSGIEIQHDWSDIDTISAQLHRAVVAAEDARFCQHWGFDMTAIRLAMQKNEGGVKQIGASTISQQAAKNVFLWSGRTWLRKGLEAWFT
progen,1.0,ATTTTTTATTTTTTTTTTTTTTTTTTTTTTTTTTTTTTTTTTTTTTTTTTTTTTTTTTTTTTTTTTTTTTTTTTTTTTTTTTTTTTTTTTTTTTTTTTTTTTTTTTTTTTTTTTTTTTTTTTTTTTTTTTTTTTTTTTTTTTTTTTTTT
progen,1.0,INSYYYSCNSDYCSIEAGAANGTSSYSKEYIDEALYKELNGKKGENEKFDSGLKGTTYTTEAGAKLGINTQTLIAIVRDGCGADLKIAKKVADEKYVSMNLIDEDIKSKVKNASDKKSNVSSGSSKSNNKKIINAIKKSTYKKSNTNDS
progen,1.0,GITIPANMLITGGGELILQPLPGGPSDLLYKMTGGGRVIFESPPVQSGDRTVQLLPQAGGGNAQTSESSGSSSSVTSSSASSSSSSSSSTSGPSGESGAGSGSGSSSSSGASSKASAGSGSGSGSSGGSSSSNTSTAKSGGSSSSGSSS
progen,1.0,PRSSPLAGAALLVVVAATLLLPRLRPVSTRVTRWDAIAREAARRFAIPAAWVAVVLAAEADGSPNIVGDPGKAGELGPLDLTGCGSELPLRDWVPDGLIDPELLRARGEHLVRRRGPALWAAAVWDAPAPRPQILLVEGPELWQGGPPP
progen,1.0,EIELVKKECYRLGYMVGKYCFKWYVYPYYVDYARGMDDSVKVEAFKANPNSVSSKERYVLYTSIDKDTNIEVELELISAKFTIENEEFATIEESQGYTDEVLQGNSVEINEEITKVEEDSTETKKIVEDLKEKKK
progen,1.0,DQTSPTTPVAPTETPEVTPTPTVAVSTGSTQESRSEDIRVTGDTVIRITAWEKAAKLDYVVLGKIVKVATEPYYANVESASKPVGLKWVKVVADKVKEIAKELQGGTAIIL
progen,1.0,KKAIKFLMIVCLAYSYAGFGAAGELYMYVDKYGISHYTNKPAGKHYIMYIMEGKENAKKINYNKYAHTFKTRKQKLSTNYSSSGKLTLIRNNVNSNNGAKYIYTRGRSYSNTYKEYGTSIYKLMRYNGETVTNLDRLYSNKMNVIRELR
progen,1.0,FLIYSSQYLPYFEKYAQKYKIDPLLMMAIIKVESSFDPNATSSKGALGLMQLMPETAKLMGVKDIHNPNENMEGGAKYFRQLLDLFNNDLKLALAAYNAGPSKVKEYRGIPPFKETINYIKKVLSIYNSFKYENSK
progen,1.0,IENEKEVVTTETKEEKKEEESEKEEAEEEEEKENKIEEYIDEIYDDEDTEYEDEFKEYCDKWDNDLDKYLNELKEKVEADKLKEETKEKVLELITDEVRKEETIETFKMIYSVLNKISDSYGEIGVLEVIGYNIIKIELKSLYDIVKKL
progen,1.0,AAATTTTTASSTTTTSVATSSSASTSTTTTTTTTTTTTTTTTTTTTTTTTTTTTTTTTTTTTTTTTTPTTTTTTTTTTTTTTTTTTTTTTTTTTTTTTTTTTTTTTTTTTTTTTTTTTTTTTTTTTTTTTTTTTTTTTTTTTTTTTTTT
progen,1.0,EKIKIGSFAMTFSIVTIISIVLSTIPSLHAEGRVNQNKISKSTYTFSVEHVTAKNIKIFNAAVVVKKSEKKAKEKQLKKDRLSKKIKSNKSKKKEKRKKEQAISAATTATKTYTNVTGDSGQKGAYKMINESYKTTDAKLGTTWRIANK
progen,1.0,LSFFFFFFCFVSIFYAGADLSYLTGERTFICVYDIEKIRNNEVKIYEEEMVSVEKIMDCIEDNNGYLDVFYLDGYIDIIRGSGKKTSTVTRDEQNTLNVLEHGSRDVDIYFYIRAKDFTLKIERESNLLKDFYNKKSKLSKFLVLYLKS
progen,1.0,ASFPSQLKVSFTPTQQSIAVVRYMSQSPKKAANVGLKALGVVVFALAMPILWQFENHIIPLVRSLAGQTHSALVIPVQHPHVPTRTSASSTTAKAASSTATPKNSSLATRSRVTSARVYDMIMKVAQRYGVDEKMITAIAAAESGGRQA
progen,1.0,LMIFGVVLLISLFAKIITTKILSWNSLMVGMSIQVPKKFVILMIAISSGLTDSRNNYILAYKAYNVQLKPYKFSFDNLKKSHRLSTRNAKEIAKHIRKFHSQNKSFHYFGQIVIFESSYNGTGRTNPFMAGHSGNTVMSILGNVTDIEK
progen,1.0,KSRTVMGRKLLTVVFLLLCGAVHASVTDGYYYILPAASRAAGIDQSEVRVIMRTEILDVQTGANYNGPSPYGYRPSPMGEEIDAIIERWGAKFSVDPHLIAAVIRAESNFNPRAVSPAGARGLMQVMPGTGRDVARSLGLTDYSVEHLF
progen,1.0,MLFMKIIRLISTFFIPEQISSIINSCCEKYGFLKNIPECFLLMMSYGESIYNYRDPSFLKKYNSKGMKFGVSAATQMHIATEEKYHVTSLSQSLTKNLNFFKSTYSREHRLGFLVRAGVKWRDHKAQQAMAIIAYVNTWGPNSIILLDR
progen,1.0,AGLSGFVTKIETPRSLAISAVPASAPLLDTAGETAVALVVDDVAQAVRDDTTAVLRRCIELVAAYHHVPADVVHAILHTESSHHINATNPTGDFGLMQIMPGTAESLGYTTPEQLIDPWVNINAGAKYLRGKLGEFGGDVTLTVAAYNA
progen,1.0,KINNIVNVVSKNLYGRGVRCDKVNTESNDNSINIKDISKNNNVSLSEILNSEINHNFDKIDEEINNISSQIDNIYSGNNNINNYSNRCKDLSSSTKDMTDKIYYLNNSELNNKKEIIKKIKKVSKEFKCKIKTIYLNITIEEYYYSYKF
progen,1.0,KRTLMFLISLLIFVSCASKSPPKNQENICDIFKEKRGWYKDSKDAYEKWGMPIHVQMAIMKQESSFKHDAKPPRGKILWVIPWTRITSAYGYAQAKDSTWDWYKDDTGNGSADRDDFADAIDFVGWYCNVSNKKLGISKWDAYNQYLAY
progen,1.0,IVGIVEEISSRLLDISETITSINSNITEINQVSEEMSEIVETINKTAKQTEIASKQINRASDDTKEMMEKISDITKQLEIINIILEESKEQMELIKLISRITDETNMIFINIKDLAVKSQELAKKAENTLNKISKITNVTNTITSAVEI
progen,1.0,LGAFAVQKLESEMNSLWQVRSLRPELGKRVKVGQLRGVQKSTPIKQTASLLKLGFFFLVLLEINILQLVYVLDHRGGLREELGRYIGNTSLGETDDLIEILKKETGWLEPVYNKFSDLKKLIQVNSELLKRIKSLYNIEEEALEIWLKY
progen,1.0,FIFYIHRTLCHCIMLVGVTTIYFLFIVNYLWCFNVNPSSTFLMDIRSQLDESNSAKLKLKQSKSLKIFLTVFMSFFVFDEHAELADISKLQQLSAFSSTPTEEVVTIVEKSTKIDYNILFTTGEETFVSSSNSNTIIGNLSKSSKLLSK
progen,1.0,ISLPVCFVNTITFENDHFRTTKTEFLSMFVSLFEEYYYKTKHMLIALAILVTIAILLPKTVTAEPTTAAKSTVDTEPVIEAVVEKKAEEDYSASDYLSDATIKLKKAAQDIQEKIKALKEELTPSQKELEEFEAEWKEVEESVLEAYTE
progen,1.0,MIIPSKLIIDINQDILEIKSNIKIKIEDDIIKCTINSSKNIEKIKIKIEDIEKVKKIVKMIKKGETDKNQIEILYSSCIAKETNKYGLKRKILIIIINEYYKTIKEIIKEAGYDIAEKYLDTIETIMEYYKIINIGGYI
progen,1.0,IVGIFLLIIILIFLGIVVGVLFSSIYLHQYNTSIVYDSEGSVIGVLQVSDKNILINHQDITQVIDKYNSSIRSNAESYNLSWYVFEALIKVESNFRTDIVSSKGAVGLGQLMPATASELQINLRLSEEYSIEDAKNTIKNLEYSLSLYD
progen,1.0,GLLIRCLRDIIIPTRLLMIVVAFALGLFALDAAHAERASAPEVLSRADVHEMVERAARRFGVSTAWVMAIMRQESAGDARATSTKGAMGLMQLMPATWSGLTARHGLGTDPFDVRDNILAGTAYLREMHDQYGSPGFLAAYNAGPGRYE
progen,1.0,LIGIFLVLVILFAFINPPTHIYIAQEDFHVPPYLVSIIIEQESQWDDSAVIVKKNHIYDENIDFVKSWDGNATTTGIDLEMTQVHSWGPTQVGSLYGAFNWNTCTGSNEDTALLLLLEMVNERTISRWVDIEQCSTTSVISGTLY
progen,1.0,DGEGGDGGGCSDCGSELSPSSSSGGGDDDIVTEDCDVDEIIDCVGDSMGGETTDEADCAGTCREMASGEEGLPYVMEAATGTFEGDAAFVDGEDPTIRGFAVLEGMHAGDIDLVGLAEIAGAKSGFGGAGCDLRVGWPCKAGRRWHYLS
progen,1.0,PGAGASVGSGGASAGSGSSSSSSSSSTSTSSSSSSTSTSTTTSSTTSTSTTTTTTTTTTTTTTTTTTTTTTTTTTTTTTTTTTTTTTTTTTTTTTTTTTTTTTTTTTTTTTTTTTTTTTTTTTTTTTTTTTTTTTTTTTTTTTTTTTTT
progen,1.0,DDDDGETTTSGTGSSSSGEGSTTDSSTSSSTDSSSSSSSSGSTSSGTSSSGGTGYDAIIKAAAAKYGLSESLVAAVIKAESDFNATAVSPAGAIGLMQLMPGTASYLGVVNAYDPEQNIDAGTSYLSKQLKKFGSVEVALAAYNAGPGN
progen,1.0,EIENQTSEAVQETVYKKPQPQQKKQVQEAVQKVMQEKVDSTKEEYIKALNEVGDGKSAVNNTTGGLYEIVKERVKKEVENWTHEQPDKVETAEKGEEGSMLLIRTNESIVEKIVGIGQRIKEIQDLVKTLEESSEEIGRNGEIIESIAK
progen,1.0,PPPAPVATSVPAASSSAPVASTPDPAATTPRSGASTTDPTAGRGTEGPGPTTCRRDGPGGRRGPGTDRRRCRPSRSSRADRPRRRGRRRTALRRCPRGATCLAVTVAISLGATAIFPSVGPLRPVTRLPADEDPDPHPSLTEAAELDFE
progen,1.0,IDCKDRYNFFVSEDDITNVIDSIEKYNEEFSERNGEFLEIYLKDGYEYFKLDEKYGFVTKDLKTREILEYFVKDNKTLPRTLFKVLDGEYLKGKSLDKRYEKYFKTSNLGKGVIITCNKYTISQTIKYLKSIKNIDSKLEDKEIITKNE
progen,1.0,LNIEINELLIKLTDNIDNIYEMYIIKSVETFKKNNSFEEYNISYEIFYKFVKEELLSYRHTNIKIKNIQDIIYYISNEYKIDPYLITAIAETESDFNPDAVSPSKAIGLMQITSTTGSEVFNEIEKIKYPENNLFSPEKNINIGTIYIS
progen,1.0,LGVKTAAIPVTGPLGIPGGLVALQAGGGAPARFAFQRVALLLAGNSTAEAGLFAVIPQSGPVAAQRLVDADLPVLAVETPSAQAVPGSRGRTGLAGGPTLADVRGQIARLREWLAERHGPVTIRTRICEAVLTLGLIGWTTIWPSQRNH
progen,1.0,PSAGSNAAPLSTCKSTSPSLSSSGIDVASSFVITRYQCSFAFAKALGVPKSQILRDSELNFAHRYWEGLNNKLTLTSVPLNVNCTRKQIHSLSPTTGSCYGRASTGGMCMISGFAQFLQLSYAMIGTNSTSQCQAAPSSCEGKSFFTLA
progen,1.0,ISSCPSPSKLPPSNTKTTSSSSNSSGIITKGENGTLSFFEEYAGVSFIKTNVLEEMSCKGYPASEAEESAIRGKIEVTWERSQFDSIEEIEMHFGYGTRTVVLQKSSLIEKIEKDLKSRGFSIYDTEAIELFFAHTFRKSREMVETVFR
progen,1.0,MKRIIISSFLFLIAFTLCADIPRHIVEKYKSLYPRKYIHIVEEISERFNIDPFLIQSIIKMESSYDFNATSNKGAIGLMQIMPNTADEYGMSIEEMEYPAENIKTGAKHLKYLINRYRGRWELAVAAYNAGEGNVDRYKGVPPFAETQH
progen,1.0,FFVLSFILFRFLQTRTIYYFADSFRLLMSVERLVHDKYLEISGISICASTGMLFGTIVICNSSTSESIKLQKADTVSEMQTVAEYAEKSSKVMREGDDSFERSESEFASLTEMSEKMRKLKLTLSIEYLIVDGITDSILLLEVIAAIMV
progen,1.0,ASASATATTVSTTASSTSSTTTTTTTTTTTTTTTTTTTTTTTTNTTTTTTTTTTNTTATTTTTTTTTTTTTTTTTTTTTTTTTTTTATTTTTTTTTTTTTTVTTTTTTTTTTTTTTTTTTTTTTTTTTTTTTTTTTTTTTTTTTTTTTT
progen,1.0,EKQQKQQQKQKSQGQSQSSEPREQQEQQPQQEQTQQQQQTQEQQQAQQAQPEQQQQTQGQQSQQQQQSQPSNSQSSGPSYVITQIKSAVSDADQQLSAKYGVSQLKVEAKISSESDKSKWEDEVLNNAQGAVITDSALIQYQSPWEKYR
progen,1.0,FVYDLPQNLLSAKKVFDRGIIVYSHGDNITFYGLKDDDIKYLLNQTTHETSLLLSLTSGGARYYNEISEILEKHMAGSGEVITSTVNYCTEGYEILGNSVVGIIFLTEYLNKLDKIKKGKYFKSKEIKEVLLLDSEKVKNVYKTYGGYI
progen,1.0,KRKIKSRYCPCRYSCKYKLSSCTCDVPSVSDLMKKSHLNHCLLPAAQVSKISKKAIRCGYETASQDYGIDKYRVKYMLNRDRFDSVFESIFKDIKTKLEPKKVRPNNIYIPSRYHPIFICEAREYGITYSVIFAIIGVESNFSKNVVSY
progen,1.0,KIKILIKINNIYNIIIEKRGLYKCNVNILISEVLKESQWEYNVLGDSGRFRMNIDWVRPKPKERKSSGEIFITWLIPKRISIFLSFINIDFVLEELIREKNLQFMYLIFIFFFFFYFFLFCCFSISIENPKNNMFIQYYGYKFYEFYSE
progen,1.0,GLMASSAMAQELPVSQYLTMFDTRNVPQGVLEIYVNEGDRVKIDRFRDDPARRSRYLQFYIEEFMLTDLPLEIALLPVLESTYDPHAYSHAVAAGIWQFIPATGEVYGAQQKWYIDERRDVLASTRAALDYLNYLHKKFDSWYLAMAAY
progen,1.0,MLARLVLAAVLLASPAALAGAQVYEPLADSVRTGLRVALTDRAVPNLGFPAPVEVAHRVDSDLSRWEAQALKTLADASRGRALAVKIVSTAGPHGSGRFDALIEQAARVHGVPISLVKAVIAVESSFEPNATSPVGAMGLMQLMPGTAS
progen,1.0,KKKRGFFRKMKRLFFLVIVMALACCGILRTYFPLYWQDALREYWLKHRLDVFASCGGFYRFDAISRYLPEVVWNLDAIARKDEQRSRMAEIAAIKIIARRFEALYRVEGRYGTVFASEYIYHLLPLKVDRSGHKLFFLTHHGLYKLRPE
progen,1.0,GLIGISGGGGDPIKWIQDVMAKYGYSYDIRYINPYAGEYITFPDVGQKISNIMAGTWIYGPAFASPSDMPEEPNTPPPGWGGGGPPGGNADFWLVTQWLYETGGGTTILDQKPYGNSGPYGNPPREGDGNYYGITWSGEDAWEYRGLVG
progen,1.0,KLKEINVIYNYYVKEGEKKMKEYSEKHDIDPYILCAIISVESSDKNDAKSIKNITGMGLGISKDEWRYNTTSMEEFDEEYLLDKGLLTIEKMCGRNDKLETEICLKLLKNKRKIKIKKILKTIDRFGAIGEYNRIYKNETLENITLKKN
progen,1.0,PPPDPPPPPEPPPPPP
progen,1.0,KKSSYKQLQSGYKPCTYWGYKAILGVMKTFVKFILLMLFIYYLINIKIITKKYLIKTSSRVYGLKIPEYHPIHNLNSINEIDKNLISATILASSKTYPILSSYSKSINYIIYKLSMEYKIDPLFIFAIIKTESNFNPNAQSSVGAQGLM
progen,1.0,EATETTTTTTTDTTTTTATTTTTATTTTTTTTTTTTTTTTTTTTTTTTTTTTTTTTTTTTTTTTTTTTTTTTTTTTTTTTTTTTTTTTTTTTTTTTTTTTTTTTTTTTTTTTTTTTTTTTTTTTTTTTTTTTTTTTTTTTTTTTTTTTT
progen,1.0,LLTEIELLIGYITGENEKQKYYFSCTTEEIISTISDIAVRYNLDRSFALALAKTESRFVTHTTSHKGAIGLMQIMPSTAKFLGINIRDTEANIHAGAKYIRELLLKFNNNKEFALAAYNAGPGAVKKYRNSVPAYKETITYVNTILSNY
progen,1.0,FLSYLYISKFATLRFDKLLSLIDDVAETTNTFDFLTLEVSELQTPILNFTGKYTSRLTILQLPKKLISKIDETTKKLLSMIDQFQNKHSKKELLNLLALYTHGDKYNGIDFEYIFKNIDNLYDLNFPQEVLIKKLSLGSELSSAKQLYT
progen,1.0,FFAYDFYDYDGITTTDWLSLNRKPPHVAIAFMVAEGSRAAGAYGHTPNSLYSGESFSSIYGLTNPDITTGWTESFLSHAVKQTSINEGAMAIDNIIVQASQSYGVGLDLYTDASNIILSQDMGRAIGYSYEEVYTAKECSDLIGSIVRS
progen,1.0,IFLKSIKVLSLEEAAAKIFQAILAKINSREITENFYYKIKYLIDNQFDENIKNTITPTSETKTAESTEYSTWNDSLNKLLGLASSSNFIFEKAIETIEKFKSDSENIQRIVHSLEKIAKSISSHSNEVNHIASSSQEIANSAQEVANSS
progen,1.0,GGLAVLLGKKALDLVDLALAELARFTQSGDTALLARLKSRFSLSRAASRRVSEIAFATEEIARAAGLPSSFARSMTDDQFSLLTKRKTEGDLRIDTDGTVGSKTIAALGADTDREIKAAFNIIDALAARLSIDYALVLASAVLDEMKPR
progen,1.0,FLFFFFFFLFFFLFVFLFAFLFLCGFFFITKLFYSKYTKITQTYQIPKLYISAVILAEDKRFYHHHGIDIQSIIRAFYITLYSGRIVQGGSTITQQLVKTSFVTPQKSITRKLKQIFMAYRIENNFSKNQILELYLNYIYLGYGNYGIL
progen,1.0,EVVEEVVTVVTTTDEVVTEIEEVAEQTQEGGEGAVRVGEGGTGGGSNTSVVVELPEEGIDQVVEVNGFTDVDILPVTDNGITLPIGFEMVVTANTTSQDIVKKTTAEMGELTTQMGEMSSASGIIVSGIVDDMTSNNSSMIFSNILGVA
progen,1.0,IFLSLYILFSKSVPPIMIISTIINENTKYYVHFLDLIHNTEMVAAGDKFSKDISHAFQVLNNKIKKFQTDMNSSKITYDELKDDISNNVNLIESIKDKINSLTKSVKRFSRINTVDKKLIFEIVENLDISKYGDEESITISKISENLSI
progen,1.0,GMILLTIPPSNTLIFKHRSVERLMAMIKHYSDELTLDPLFIETLIKTESDFHPYVTSHKGAIGLMQLIPETCKAMEVSDIYNEEDNIRAGVRYLRYFLDMYDGDIDFTIAAYNAGEGSLQKYRSEGSYDETEYIQQVTTRYQSELKKHY
progen,1.0,MKIKPYFLLLLSVILSCGTSTPPSNLVDLCDIFDGNSKWYQTAKDSKKRWGIPIAVQMAIINQESHFNGIAKPERKTLWGIIPWKRPTTAYGYAQALKGTWEEYQKQKGSRWSRRNFYDGSTFFGLGWLANQSHFQKIAKYDVHSHYLY
progen,1.0,MSEIKYLQEYTDNKKDINAKYEKVLEALEEKNGIYEENDNLYYYSDMNNNIKNIINYDLESEIKEEYYNTIDKLNEENLEELEELKNKYIDIIDIDSIITNLNNQNINKEIKTNKLKEKIMMVIKDSDEKIYIANDEVNKISSEITSKN
progen,1.0,MKKRNFKKKKILLIVLFLIIMSSCFMYTIIMFKMKYYQQLSKLESLTGEELAETTIYKTDTISEIGQSYGVKPSIIALIIEVIKKYSKKYNYNIDIIIAMKVMEEYGLTDYVSCSIIHFKYKEEFTYINRIAYTISLIEKQKYYREHII
progen,1.0,MLLAAGLLQPVRVEPPDLRARTVLAATGSGVLTPVLGLEDAATPLLAAPDDAGGETTPASVSGGGAEIVLLRLFCEARAAGRTEMLYVTLDRLLQPWPELRDAMRTVLVQAEAAALPTRLEFELRAGEAAPPVLDTLWRCWARTLADDD
progen,1.0,MIRLVFIAIVLVLGGCATSPPRNPENICEIFREKRDWYKEARDVQKKWGVPIHVPMAMMYQESSFKHDALPPRDYLLIGIIPWGRVSSAYGYAQAKTMTWADYQREAGRTAADREDFDDAIDFMGWFITKSSRISGVSKWDAYGQYLNY
progen,1.0,MRFRKSRRPMFVALLLIIAAIAVYSYISKELFQRYQRKSEVIEYTEKYNVKVSQIPELLLAGMLKQEDANFFYRYGVDLKGIFRAFTTNLTTGQVQEGGSTITQQLAKNFFLSSSQNYARKLNEILLALDIESLLSKEEILTLYLNKIY
progen,1.0,KKASSYTCHVDAGCSVVRNNSSYSSSLSMCCSYTQSFACSKSSSSSTEKSICSTSSCSTYSGKNGYCGSSNSYCSGCSESRHGGPSSGGISSGGGSSGGGGVGSIISSSVFEDLLTHRNSGGCPGRGFYTHDAFISAAKSFSGFGTTGD
progen,1.0,ETTTTTTTTTTTTTTTTTTTTTTTTTTTTTTTTTTTTTTTTTTTTTTTTTTTTTTTTTTTTTTTTTTTTTTTTTTTTTTTTTTTTTTTTTTTTTTTTTTTTTTTTTTTTTTTTTTTTTTTTTTTTTTTTTTTTTTTTTTTTTTTTTTTT
progen,1.0,MLFLICLYLSYCTLQGIDISNYQKNINFSQVRAHGYSFVFIKATEGKTYIDPTFDANWASAKNAGLIRGTYHFFRPGKDPISQANNFLKSVSNLEWGDLPPVLDFEVYNGITAVTTLQQDIRKWLIEVEKETGIRPMIYTYADFWNTTG
progen,1.0,KERTKSEIRKEKPSQKKQEQKRKSESKPPKKIKKKLFLFLTILCFFTLLFMLLSMMGVSTISGNITENELKAVSTSEQVAIDEIVAQTEIAPTSEDMIKNTIHKYAEEYDLDWKLVVAIIKHESNFNPKAVSYCGAKGLMQIMPKYYEE
progen,1.0,MSIEEEQERGEKIVDERITELRRRIIRWGVVLVLMVCFVVIVLLTWGILPRNPPPNSEIIQREMAESDTTVYIDDETTEIAKMTQMAESGQEVQNNTTSEELTPEQMTKDSIRSVEKTSQEMRKSIEKKKEEKEAKILEERTTNEKRKK
progen,1.0,KKELQSIYLKEGYYGNASFGIAKMKQFYISKFGEDDIEKAWLSIHLDVSKLITKNYKNHSILKSLKLTSTLNNFSEEIIIETKNLHENLKYFRYFNITSKAFNKYKYSETNLIKNRLEKFFKGYKI
progen,1.0,MKRKRKRRGLLSITWTIVVIFTTIAYIVLRGSSPLRQMNSIKYPRGIMAYEKEILSEISEKYKIPATLAWCVYDQESAFNIKAVRSHKEGLMQIIPEVHEQAGIKKVQLYDPEKNIKIGIKYLSNLYKRYNGDLDKALAAYNAGHGSVD
progen,1.0,FFFFFFLFLFGFIFSFLIGRLYPLHLRKKIIYIKNKDLKVELKELTILLKLEQVFNKEKVLNQISLEIHADLKTRGLDPSLALSLMAQESQFKRNAVSFVEASGMLQVIVSSGRQILSREIAEYIGDKMLKDVSWDIELFSYYKKMKLS
progen,1.0,AVTVKKSSRKKQRRRRIKKIKILLLILFILLFIYEYRTLIKPRVFKINDYGIRGISVEQESIPMSTLVMVSVAESSAGVADKISVINEYGLYRYITEEALPECGRSYYGYGGYMEATKNNRTFKKIADTWKKTRMKLCYISDRVGFKDY
progen,1.0,MKFLMITSLFFLALCGITPPTSQEISATQQTVIDYGNDISISEESEDGAGIDVSIHQGSDGSESVSGDIKTTSTSGWRGNSEGQWLVMDSQIEENSEKVELSASDDESGAEGVKPIETETYKESDDISNTVTDEVSSQYSSGVSSSDRI
progen,1.0,KASVRRFIKDIDSLIDVITDEQDVLRRLSLEVAKIMEQIEKISGEVTVMFNVNRDLTMVGTIAAAVIGGKYGVHNNYIKWISEA
progen,1.0,MRKIIIFIFGLIALLGVSSAAGWLYFSDPDLERYPELVIRKQVMMLFDRRPVAKDLDAHRNREIALEWIPLTNTSLQEFYSIISAEDARFYDHWGIDWRGIARAMIHNLKAGKIVRGGSTITQQLAKNLYFSQDKSISRKIKEVILSFR
progen,1.0,IELVSKVSETLYLKYLDSQGVLTIGWGHAINENGFKVTMSDMGFDHKLSMLESEFSKDINKAIEEAVKVVTENYTETNTQYSFGDINQLINAGYTGTTGNADLLSNGHNAQRFGGIMNAGTISEFEGVRVKNYVAQRGLIGNGSITTGD
progen,1.0,FLACVASKYSWASGEDVSTNTLSSADSNTVVVTTTSGTAASSSSTSSSTTTTTTTTTTTTTTTTTTTTTTTTTTTTTTTTTTTTTTTTTTTTTTTTTTTTTTTTTTTTTTTTTTTTTTTTTTTTTTTTTTTTTTTTTTTTTTTTTTTTT
progen,1.0,IFMFINSIDLNTKTNFNKIKSFIKNNYNILIINFFSNNYKFYSLKNINSLNEIDCSLNLTLRYFSKKYFLKEDKILNLILNESQKYNLFPSLVMALIKVESNFDPKAISHNGAKGLMQLIPITAEDVAENYIKGYWENNMYDPDYNIKL
progen,1.0,KRGKIKYYVKTGDTLYLLAPEVDPVVRILRLKNLSVWAIKEEYRRLIEIEKDLKYTEPFLLSSSIKYEMDESQMAEGADPSTSSGEMGFGGMFQLNPRHVGSEYGEDADLVVSMIRYENLGIKEGDLILSKYNYRYNKELEKAYSAGER
progen,1.0,EIKIQPKIVAYFPYDKDFGIVAAEWYPGIFNNLDLKHLKDPNESYSYSWEIYALVRNYLHDYGVETGVVLAIISLETKFYPKAESFVGALGLMQIMPLTERKLSERSDWPIKNLSRIMGEIQFIQRPRLKSEISPIELYFNIANAYNAG
progen,1.0,LEMERINMTIINIEILNTKYFNREKALNYFIKYKSKTYELKDILNIVDKYFNENVQQVEELLKNTEVLRKEITIIKDNSSLIDDLVNSVSKINTQIEIIRSKSLVIEDRYNRLKNINSLVNEYKDQINHLSEKVREISHNSEVIAKDVK
progen,1.0,AAEQPVEVASQSNEQIGELEKASESLGAGEVTMGGMVEKIQQVAGSGDDIVLDAEDSVEKTKEMLEKVEDGVGKAVRAGLKGKYLDITPVNGGLFEKTAKKAAKQGLIPSGGFFGIPTVDSSERNIVGQEVSVTTVKPVMAGIEEAKAQ
progen,1.5,GGGNSGAGSSTGSGSASGGTYDMASNTGSGGASMDYMLKLYNGTNPSSYDAGLTTNLNMWVANADTVEEGYLSNKVYGVSSSTSLGDSTNAINDYVDNNYTTNGESITADVVSGSTYNSGQTTGSNNGYDAVTKQYYYSMS
progen,1.5,FKALSCGSHSERDTLFDQVIRYESAANPRALSKRGNRGLGQGDPANRSRGKAGLMQIIAATALRSGSTSAKLVKIETHFEKVARTQRALLVGSWYWKKKMERLLVLGDFDQLEPVHRRHIERCQRRLALRRVSRRD
progen,1.5,FDLEKIVVNLMVIVVILVAGVIGIKTKKIRKLKVAQKIVLKYETGMGIYSEGEIYLLDNEDLDFYIEELRKLLTYRESGKGKTLVYSLKNKDGLFLQKALESAKLENKTTKEEIENIVELVRKKGAYGISQLMITKSGFYSMQIREMKR
progen,1.5,ILIKLLFPINYIHNIDMISRQIEYVSDLNELIDYFNKEILYLTKEAKINEKKILASIGSIVNDTGNTNYFKIFPLPNVTVGSISSEENKLVVYSLKTSIKDSFNKIEQFEYSVYINTSESPEIIESERSYSYDVVSSKVFDEIFTTSSK
progen,1.5,PGGSKVVRRNAYGAYGNHPRMLKLYKQKMARLTGWAAAAVISFGHISFAIEDKLFSPVSAMAVAGGSGGSGFSFGCASHTLDMSREVTRTIDGQTRYGYGSVMAISADKGQLIHIMNSFMERYCLAVSAMINRKL
progen,1.5,ELGSPPT
progen,1.5,INSIELNTVSNFQKVISSVMKETKEAVKILSMSTNVSKEVICVTDKTKTINGKVSPGFGCIKASSTLERLYENSTREITTTMGMSESGFSSTSQSIALKTYSDSIELQVNKFITPANFESYGLDGQGNLAMCKEVKLTEQKLNGITSRY
progen,1.5,DESGSTEQIKDGETTIKVVKRGGAKGVSEGGVTQINRTVIAPSRNSSLPHVGDTKGRTMGPRSSARGLLFTVLRRGRGRVVDMVRAVTRAALRALAIETGPEPPLPPVAPAITAVAPPSAGAPGPATRAQMTPSAASVLERGATPSAAG
progen,1.5,PGGGG
progen,1.5,MKKLKKFLVVASTIMIAGCASTKSPPQAEFVDGPTTQAAVQQEVETVKKPDESASLEIEGNKTDESSDKVLSKSQYKKYDSCDMESREKERQKARAYKTAIDKAKKTYQIWKNVEERTMDLASAELKNEYEAQWKASEKMGKLKVSKTS
progen,1.5,EVVEKIDSLKVRKCKQAIVDSKKYECSKTIKNVIINKVVQIDQDGNNITKKNIITSGDDRVIAEDAIKSRMQCGKSIPVEILIESISSIADEIIKISYYDKSLEIKRVERISRKMKNIDLTVYMSTFAMNLVSEAEKMNIELMIEVERM
progen,1.5,IDIKYYVYSQVVPETGEVVGVEYIALWLTGERVSRKNGLQGTIISEDGKLVTTDREVLKMSENVKVSVMVTHPKDTIGQIRELIGPLKGSFKKFNISEQELILILLLEDGYFHKTNTKSPNATTFPGVLKGDGMFYVGVGFIAKSRCAE
progen,1.5,LKMRKNVLLLLMVLVIATAYGKSNTEKFTPQMRTYKSTDGIYRNNILVDNGRSMDSINSMSSTTSTLKNEYEIEKLENHYLEKYTCNEVIRAKTCENRVGCLEKTRAEKIDTDFLADRVTEELEYKVFQYIKTIKKVIQSYSEDTSDSD
progen,1.5,GGSSNPGAIMRLQPKADRLSPARMAALLQHIAEEAGTHEPQGAMSAARYYGKLPAALTFAKVPGSGIDCQLSASAMESGLKHLALLMRNYKAECTITAYRIGDCSLARFGNRPPTKKCGIGLANWLARQVAPALSALRWLKPGAPKQDP
progen,1.5,ATTTTTTAPTTTTTTTTTTTTTTTTTTTTTTTTTTTTTTTTTTTTTTTTATTTTTTTSTVDTTTTGHNGHEAYTEKLGNNSTTITRIIDTGTKNETAELLKASETTWKTLEQEGAKITKIITDDVSNNIKLWKDLITTQGASKIATLRF
progen,1.5,INSYYYSCNSDYCSIEAINGGYASSYSNAYWDTTWYKYLNGWKPYNESTDVKEKGTKYTTEASAKALINTTTVYAAVRDSNGALEISGILVNTNCKSSAGEIDEVYKSWNGINSGKLPITQYSAKGISGSDGINAEGKITYKK
progen,1.5,GITIPANDLITFKEKKALTMLLNIGEDLSYKFKDEGRWSVESFGSGMGVGFSNYNEYARVICAVYSGSLFVPMIVTNSRASRILSKDGAYELKYYKDVKGRTIGQNCMYRAKYFRNKYSGKGSCNMLVYIDSNTDARKRINISSKGYQI
progen,1.5,PRSSPLAGAALLVMVWACTPAPAWRGTGTTVTISQAEFDRAFARCQAFAASLAEYEMFLADGSAQGVLAPRLAAELKTALSGLAGSSGWLRGDLQIDWHLLEHHLAARVGAVQPRAPAPSPAPASPPAAPPPAPAPVETPSPSASGSPT
progen,1.5,EISLVITICDRYNGTVTPSCIKSNVELSIQDIARHLIDAVKKWADDIGGYSVMSADETVSGTSKDGKLFESCELNDSMVRAVKVEICHATSVINSIYTNLDLNLNSVYQLEEKDHCEIFAGSTCKIWEDLGMKDYVSKIKDEEEIADEI
progen,1.5,DQTSPTTPVAPTETPEVTPTPDVAVDDGPNQVQRVEPAGVGYATAEAFTAAEEAAKLGMAVDGLIVKVAPEAQPANLRVQNATAGAETRKLDLAAEVQTASRVYGLPESIVFAIAKTESGFSSDITLRHGDASYGLLQVLAGTWAGMAV
progen,1.5,KKAISRKRAQRLRKRYIPGLTALCLMMLLACQSRSTTTVEETSEVSSPVTQEEAVQAPVEDDAKAISIEKTITQKILEEENILVEIVLEGNNVNMEPLLKYITHRLYSSQNYRKAYDTLLYKKKLWLKERKPEEKRESEIKELVDIAKR
progen,1.5,FLVHHSDCIDRFHHELLLIKTLLLLLLVLVVAPSSITAATTADIGHLVTTALFNNINPVDSRSEAAAAFKTLTEELASGLSQFEQDNSLSSDELRYASAQASLYLTPLPQRPGGTITWSSRYAVYIERIAQLRNEKAELHQVIERVFGL
progen,1.5,EERVKIVVWTITLLMAGFVLSHHLDAAEWIYGFNHVELLADEILDLEKTIVRFDTNKTVRLEKIKKDKKITSDYEYFLATKLKERTVELVLTESTKMTINPLMARTIKTAYSVLRTGSASYVTIELKDVKLTIKRTAEEYGMDPAVVQT
progen,1.5,AAATATTTTSSGTSYSVYRGSSASIGTGALTMYRNGSYIRITSDTCETADPMTLFVCVMREGQLMSWQAVAGKDGKGIWGMITNMAGPAGGLQAFDQSITRPHNIAVRLRKPGEVRPRLGSSAPVPALPASFASDRDGSLKRKFPALAQ
progen,1.5,EKIKIGSFAMTFKIVDIKSIVFKSIFSQMKTN
progen,1.5,LSFIFFFLCQVIIFPAHATLSFEDYKEAVYFVHDVYKISDNDLKIHELSDKQRYIYKDKNYLKEKVTDLYDQITVEVDIVTEKKLTSLEDRYQKETENYMSSISVLEDDEEYLRKYDFTTKYVKETLKLARDYDQYLKNSKIDELRLAS
progen,1.5,ASFPSQPMYSASPTPASCRAWRPPSTSPQRAPRPGSSARWAGAGARARPSLASPSAHGTPLVRSTAWHTVSALVALVVLGGVWYYTSPSDTAAIARSSTLTAGASSEATPGTQTAAAPGDAEVVTEAVPGIGELRPLVLAAEFELLVDA
progen,1.5,LMIFMKKLLFCLLLTSILYLAGVACQDATNEKIQMEECTHLSINEIDASLFDKHENYLKAVSGDNEIEIHETPIAAYSKKSADSSTVSVSEEAKSIRKILSDELSGMYEPLILKYISKTKSTGETKIFIAECESLYEPEAYKEDPSGEF
progen,1.5,GLDLLVGAIQDQEVREGREGEVTRKVQDITVAITPKAVRADGMDASGVGEYPDPLWDAVARYESQNMESPLGDWYSGGHLGIELIEPRFGVRERYQALASAGCSISAQVLVADRNAAAAGITGKVVRANPGRAVDDSFAAWKVLQENRR
progen,1.5,MLCMKNIMLLVTLISMSSFCSAENSCEEVICQIVAGAEAWNLVSIYYGNDYNCRYEMFKEQLISEYYDSGESGTLADDTIPAELGTVRSQSVQLNKAYSQVMREYNLPTREIMAVFKAVKTRDADALQKERSKWFEQTSGGSYAVELQR
progen,1.5,AGLSGFVTKIEDPRSRKLSAVIAHAEAGGMAGELVVAVVSAENSFSERWDREKRLRAKRFKVAARKQVRGGGRKAGLAFAWTDFTFRTKRTVRDRVFAPMTGEELAMGELEEMYEILKRRTEDAGYPEGLVAYSEVIRGDGLTKKVNVR
progen,1.5,KINKILNVVYKKLKQRIVPEDIVNLISETAKQFGIDPSLIKAVIHAESGYNPRAVSHKGAGGLMNLIPSTLDYFGINNPFDPKENIRGGVAYLSFLLNTFKGDIPHVVAAYNAGEGAVQHWKGIPEYKETIKYVSLIITLMESGYSYGK
progen,1.5,KETAAVVQSSEQLMDRVDLHLYIASEKKKDALVDFSVQSLMNHIAKESGFKAAGISGHASGTVSQSIPGDYPGYGNCRAAKGNTDLGRFQLNTEYESIKAYGFDGIKNPGSNATAGSWYTEKSAYFLMHLGNGLGLAGRGKYSGHHTFS
progen,1.5,IVKIIYLLSSRRLIISKISYWTNSLILSIVGVLLVAIMFVKTPQPAKKITEKAYALIQKLIKDKKVEMVKYSDIYKILEIHRVPKDLIEKIMAYEKEYERFRRMIQNQATMYFIETGGGIMAVIKASRSLNKQMKKINIKNTEFLAKKI
progen,1.5,LGAFAVQKILSESLSLIQSLSDQLQQGVNRYQGQLNQVQKVVAYLQTYSLKISISTTQVLLPIGISTTVGVLCTVGCLADESGRYFGVDPDIMTRMVRTESSFNPRALGSFSAKTSWKPKTDQVNSYLPKLKKTAENIREEALSIGFKY
progen,1.5,FIFYIHRTLCHSDMTENETHEKILNITTYLENVFGMDFNVFLALIHSQLDWVHLHKTKLKNVKKLLEFLENQGTKHGFDEVKLGAFKKKTMQLLHQTGHFAYAAITIWHVRTFRKKPILHTTLMATYASLGAMTGIDGNLIPLSITHSK
progen,1.5,ISLPVCFVNNAQREWIYFRSIDEEFIRENDNLELKYRKTKKYAQDVYDIQREIIALLPETTTQEADTAAKVKVSEEPVIEAVDEKIYGEDIEAYINNIEMGNILKVTTNDLPGITSMFKEERKTFVDRLMEFEYTRGEVIYSPYKDDII
progen,1.5,MIIPSKLTIDQQKLCYEYYSKRKKKLKDLIKKYYSQYSMEDEYCYILAQAMVESGIKEHAKGKGYTIGYLQFERTSWKSVSKTGKEWLKRKYLRETAKYYLKYIMQKIKRNGKAHAEKDYFTHETNMGYATEVAKLLKKGYAKSNDEPV
progen,1.5,IVGIFALTIITPTLGIVVGALVPVVALHVYYGMKVRIEEILPAPAPAMVPIVILIAGRKFDFRAAPLLDHIRDFGRSSSGISGIPDWTPPTGRPTETAPVFDFNYFSGIRPLAGLWSGIVWSGVLSLPSVTGIEINTRRFSWPRAVQRD
progen,1.5,GAPDPCPPPSGQPLEVHECVSIDQLTDLQQNVALALNASTEYVLKYEGGDEWVEQAFFAPVPHYTSVLCDPQQRSRRAGSRTAQMQRITGESPDLDVLFAECPSPERGTAILLRRLSDLLVEYAGVIDVWQREVTGRKPVTGGDFEWLT
progen,1.5,LIGAFNVLMENRAAILARVEQDVADKIAHVRTGGKSGETELVSYYTDSIEWEAMALGGMSMVISFGGADAPGSTQPPAESSTSVSGKPPEEESSLDMTIEKVGRDEFNSDAILSLIIRNESHGKATAPNGESTANGVRHIGMKLGLIFK
progen,1.5,DGEGGDNGPCSDCGPSLSPSSSGGGGGDMISSDTLDQMLKIVEESACPIGATTYNRNQAGDTHEIMMFEVSLSVNMPPALGLLFFKAAFVLSADPLIRGNNISLDRVAMLISLILLCLLLGASVGTRKKEQCKRVGPGGKCPFDCKEGS
progen,1.5,PGAVALRFSVQISYWRRRYIFTSRAGTRTLSVSLRYLDYTGFPHMWLLSLLALLFAGCWYWYASQLHTYMRDATTMKDVWTRLDDRTGISPEVWTVSLKAIEIKELQRHNMVSDSSMGRPGSQLRKPDGGETGLTVRETRPTSDSTLAT
progen,1.5,DDTDDDTTTSGTSSSSSSSGSTTTSSTTTPTDSSTTSVPVTTTTAGTVPSGGTAEVVAAMAEAAQLDAYNLKYCYEKAVPGDKAGTTVANVVSYTLAQSGSEPESESALVGNAGIDTSSGAWGTHDSGAISFEGIQTVAISFIDRTSDN
progen,1.5,EILNQTSEAIVQTLEKASQDVQQGSDTLYQQARSLKEVLDTTTETIKQLESQVHGIIDVFNTTAERAHIVDLIVDIAEQTNLLALNATIEAARAGEAGKGFGIVAQEVRALAKQTTESTDQIRQVLHQIQLASEESVKANDKSQQVMEQ
progen,1.5,PPPAPVATSSEELREEIEVAAEVWHLDVEMLMRVAHHESGFDSDAYNPKDTTGGRPGPGMRAGYGYGRQLDGVSAYNEADSAAGGELERMDLISSPEDTERLYGWLRIKLTTPLSIPETLTYRVVDAAPALETPDRWASLTQQGNGRIS
progen,1.5,IDCKDRYNFFVSEDDMTNVRASIEKYCEEFSGRLREKEISYLPDMVEKFVDIEYYGIVTGDSGTPLRFDKLFKFSSVKKEKRTYIIAGLYEYSLDADDFYTPEFKASMLTKGVNKITDKITKTQRLSNLDSLKTSISSNEDKEIITKSI
progen,1.5,LNIEINECEIKLIDEVLNEISDRIIDISEQIKQISSSVEDITSSVSKTKDVAEESLSRSDTMEKEINELKQMYTIVNEFKKIALEEMNRADSLERNLDDINYLSKEIGAIIETITEISERTMNIESIASQINLKASSSASAVQKTIVIS
progen,1.5,LGVKTAAIPCTTETGIAGQTVTLSAGGWTAQDFQTIINALKARQNSTAEARNALMHEQQEWVTYRTTHCMDAPVLAGGGTGAHAVGASSGVTLAGIARTRARTDKLYLYGRRMRRNLKHQVTGRRPGSRRPRQLKLNGKGRIAWFDERS
progen,1.5,PTAGLNAAMLSTPMSTAAFLCVKTGYVFWTNVSNNTHDHMLRGASLGSAPFTALPSAMMPFGAIETALSASGLTKMSGREVSVPYRYYMSLPVVMSAYDYGGASTDMMVMQCQAADADQLFSAMSYIGSQWNGKAAGSQLDGISSSIMT
progen,1.5,ISSCSSSYTVQYGNTLTTLKAANDSGIKVIIKNTFGRCPESNAFYETKSLNVLEEGLSAGVRLYIAHDSAFAGATEVVAADLIYDKNNEYGTFWPYSMYTFKGDKEGMSHSITKTKSSYASSFGSTCASILFTNTTFYKSKGSVTQVER
progen,1.5,MRRWIISLFLCLPAFACATDIPTRILEVTAEVRAAWEGDEASVGLVIRTVESGRAQTQTVAAAEVVKKVDTTRHAVAPSESGQGGSMGYSYDPVFVEYVASATDTNLGRLLMLIGATKPMTRPVVGPKAAWVQNLRGMTFNEMMAHHWA
progen,1.5,FFVLSFILFRFLQTRTIYYFADSNGVLHFTNCPRNDKYPIFIYESIEDEKPRKHTDYHSYVGYGFYSDYLAKASDCSEWQAGYPLNKKLLSDMHGGLISESTSYSFSYSELNSIILEIMTKWVSSRFHKNHRTIVSFRCLSYGIAAIIV
progen,1.5,ASADATAEVVSRSMNSVASRLNQMAIVIDEQTRLLNLSSRSIQNVVEFGSDSRTQTRATEVILQVIEQISEQIKRNISLSIQQMKRWHDKSQTKEEMGRMAVGTTDGFYSNLLQTTHEMTHTDINALTSKDMIEALDPDFKRDMEYYME
progen,1.5,EKQQKQKQKQLSQGGTTEDIVWEQVEYCDRMEKTDKELRTDFVVVAEKAWDEYVPSFAVYKERYKVWPKPPPKQKKTHSLVITGLLSALLLFTGALIFRYLNMTDLVIRGYSLNMVKSYLETVTELEAEYEKITDSQRVQIQAGESKER
progen,1.5,FVYDLPTPLLVAIAVVENGHPRNLHYLVPIAYGDKVKVISSSTVQSVRECLELISNTSKTACHYVKCSANLGFHQNRLGKVIGATVFSRGGFGAILRFWGYGMAPSTWAVKVHHKFLLNSYRGDVECMEQGLRLGKSRKQVDKTFQQKV
progen,1.5,ERMMNSVLRWLGLACVLAFLSCGREVSAEDALQMTSDSQVCILPAADDIKRSYKAMLEGLNTAYQDSPSFKIHVFEGDFRIEFEKCFEDQDCIRMTLNEEGTTYPQVAYSIERTDERQILLALLSDITYSDRTKGQLEWMQGLDELVRD
progen,1.5,KIKILIKINNIYNIIIEKRGLYKCNVNILEIENKMQSFDENNVLWQSISKSRNKYNYSIKQVERVSSIEQFITSKYPQRISLLERKINDYFNLIENIREVNNQQLATIEIDEAVSYVSTDIKTEISIENEILVKDIESLKSVEVYFKSN
progen,1.5,GLMASSAMAQDPSVTASLKSLITSTASATSLGQSSAYGARTSSDIPRDVVARMKEYAVQYDLELELLLALLQVESGFNPDATSPKDALGLMQVIEASGKRMAKMLSLEWQHKVPEQLRDPQDNIHYGIRFLAYLQRQFPEQRGMIAYYA
progen,1.5,MLARAVLAFFLLTFATACDRAATRGIPLSSLSQKAIVKPAFFDETTLNQWICLYQMHVVIEDASYQEQIDPKLLAAIMYKESRARSDKISKGNDGLFQIKDGAVNKTMVSFGVKKSSDDVCAGERSVEVASTAIKKGIEYAFRNAGGKG
progen,1.5,KKKRGFFRKMMRLFFLVIVMACACCCGWRMLFTIPIHMAQYEQLYKKIRNVKISQDWVALGEDQSFALQLSVCSDDASIRYYQDVSAMPGGMARRIIAARKQAEYHVTSSFGWHLKEEYVKLLISLHGDREGQKLARLYNDYCYKTGPE
progen,1.5,GLRCFARGGYRVYKDRAGAMYWMSCRGVHREALGRALRYGDTPDMHRMLSAHRWDPWQRRAVFVFDCDMDGFDVCVAENEGSTPMLLTGADATAVTRVLPETGAPVTILFTLPTGASIPYTRTERMSDGIRLVETLSDEEGAEVFVEVL
progen,1.5,KLKEINVIYNYYVDEGEKKYKGLSEKRFIELIQSEMMVELKNSDIRMRKIIKNIMTMNEGKKYDENRYNIVRMMEKSGGRFEYIQGYNEIQFTGNRVKEEWESYTHLYISTTYIKEVMEKFKSIQSEINMFTNVIKQYEVLQGKITKKN
progen,1.5,PPPDPPPPGEG
progen,1.5,KTSSYKQCQFDYMDTTYVCYNDILDVVKAKVKGNKYVLKNNDYRKTKGGYNFYLQKNSVRENNLKITEKDMGGSKYSVVGYDMISGYDSAYIGAKNCEGYQSLSKVIKSNIEILKSCIKENGIYENKDDMGYKNFNAMAGQWWLKKDLE
progen,1.5,EATETGEQTTGDVTITLDGDGIRQVGTSTTEIAELLELQMLDKQTAAAEQAALAAELQAVDLNLLKTRLRATA
progen,1.5,LLTELAALDQQITLLLEAQKVYTSTLTSLCIMYSSFDLVRYNNLSSAAKEYQQKLNTVLTQNTYYQMFDNQQTLYNSNANFGSSGIRQESTQILRLKMSKNEHNLLTGLNKEFKNGNKTLIVSDFYTAEESWGAYEKYNYVTSEAKYNK
progen,1.5,FLSYLYAEELPTTEKMLTRSLEKALAELESKQPFWTPWYRKLSTPTFHKTITPFSYSMSVGLGGYLISNGFEDNEKSLSEMYSLTRKFSKDTLSNELTLKLEKMKEKVEMIKDVFKNTTYLKDTEGENAVLSKYLNEISRLSNVKQGFY
progen,1.5,FFAYNFYFDYNSFNTAVLSGLDKLIAFKSAPADMGLLIATILRMPTSVSLSGFEVRNRLDREDFSLLWLPDNPETLKLKVSQTVNAEILAKIENEYAIKLTSYHFSFFKDTVQEEFCTVKRRHFLFKGLLEEFGKKEEVRRSIGFIVQS
progen,1.5,IFLKSKEIIPLELSVAKNTNEILAKELSIEIYPNNYDNIILSITNQEGVNIKNTIYSTSLGKVFESTEYKEYNTILGGRNGKAIIYNITKDKEIAITELLNSYSNYYGDIDLVIEKNKQSFSSVYSGSYYIYRGNNEIKEAGGSKANAT
progen,1.5,GGLAYYLCKKAKQLSYCLLEILYLAILYPRQNMLIRTKSIYIVYKAASRRVVAGFFLGSSILYDKGLMSIHHVAWTDDPKFLRTARKALGFLFTVTDGTWVSKTLWHADHWQWQESLLAQHSLDTTLARCPKRTLKTTVSAVADLKPST
progen,1.5,FLFFFFFFLFFFLFVFLFAFTPKFYTHRITKLFVSMDLKMKVKRLVNKESEFLGILNNSKTSLKDIQKWIENKQVLFKDIISSFTGYQIEPFFADNIVQISDKHSVDPIMFTLVAIIESSCNPHVFSPKGALGPWQLYYNAVYKYGLQL
progen,1.5,EVVSEVDTVATTTQEVTVEIEEVAEQAQEGGEGAVRVGEGGTEGIEATIEMVESIAERIKQVVERMGQITEIIGNITEIVNVINIIAEQTDMAVTESTAIVESVTAGMGEITTGSGEMRSGIGQINSSIVDTSTSIDSIMNGINSYADA
progen,1.5,IFLSLYIEQLKSWHLDAASLESFNKLEKLEQDFLTLQHRTEDVEEFWKWMKKQLPTKQQLNVTIKFKLEEMEYHQKEYDNLKDLPSEYVALAIFFALKIPLQTKSGHRFITNQYVAKKLDNEKVETAYSLKYGVNLEIFSDTIFVIEDI
progen,1.5,GMILLTIPPSNTLIFKHRSVTGNMNITKLDSDELRLEPLIDEYIKTSIDHQCRKIRVIISEFFRKKDIGKISYAEETSEIRQESDKYTTPVRVGMIKGIATSMYQFETFSFSRHAGSLSSMLSTTVSIGHLEIIVGQTAATTTETTTQS
progen,1.5,MKFLSVVLLLAVAGCSVGEGMNLVGLVQDTRAAMALHLNAWTMPDLTPASLFERSEEKTAKNLSPLMQGISKSQTRLDYIARPAEARGLSRDVAFEAKGVIASTIEIKGIVRKTATVYTGTTWLGSGLLAAQLMMGDTAPADILSTDLL
progen,1.5,FYYLKYNYLNTNNYSLILLKMLKVLYFRHYFLYSYLFTVNHTIYSTLYNYGITGFNGYNAMLACIENPDCIIKNNAGASTLSAELPNLPNAIYASLSNGGSSHYSNSATYNYSQTTIVTNQMTQLIQLIQSSNTGCNGNTQIYKKTSTN
progen,1.5,MKKRNFKNKYIKLIVSFFICMSSYCMAQEIGYKYFHYVFPHKFHQIQIYETVGTRYKVTYEKVEQLIEEKKHIHDIMLEKAKQKVSSIKRVVVIDSIGIKKVAGAYSLATCGSRTATIKIYNSLFKYINETAKSLIEIEKDNVYSESII
progen,1.5,MLCAMGFLLICLVPPPPARPIAVQAATSSQVLTYDDGSELTATPRAAARDDDIPELTVAVLETVPAKPVLLSEIRDTRINQKREWVAKQYTRVKQPLSFLREDSRIVDKQMEELGLTTEKEVAFKVTEGIPPSLSKIITDDLETHDYDL
progen,1.5,MIRLMIILIVLVSGFSVAGVLFEGEATSTSTTVLGLDDITTPLVGLGTTIGNLYLGSLSNQLLGYNLIAPEYNGCFEEMISNLVVEKEANQMTVYSTMSGLTIDQAGQTEAYIVPEEQEFITTNTAKEAFSSENSDAGSEIAEGLGGTS
progen,1.5,MRFRKSAITMFVYLFFIINFPVEHSCISKIHTQRYDCFSLNIDAILNVFPKEKVYPESAQILSLIENYFADTYHMSKTLLLMFISFESEYTTEEVELKELEDRADFTVEYLSIMQSGYGKAYVAQLTDDDIHLLRVNPEIVAKNMKAIV
progen,1.5,KKASSYTCHVNAIVMIVKTNKSNCLSTSITIIQTKSTGSSRLPRVVTTVIGTSLCTPSLIAISVKSLIKTNISKSGYSQSSVVDYSMISFIIHVESNGKATIKSGASSGAYQACEPSLISGVPCCISLKTNDFDKYYSIGLSYFDKLEQ
progen,1.5,ETTTKKPTTQTKKEKPKPPKSGKYKLCLIIGIVLVAFIFLIILFMQQQRLKVRYIKEGQIVVTQQIQDKELKPVGAGSQTQVFASIKYLGQYSSRGDTKVRSEVISQAITSSSKLNQKVDQESKDKNQEKNKQQDEETVMNKPEQLFEK
progen,1.5,ELSVIVTSTSEITDQISLITAAAEKTYFPEVQIMLRHLAGQEGGNPKPIEDIVEKASYWSYNNKDAKGMTFDLGLMQINPLITDEMGIKSVSDLISPIENIRGAMQVYMDIFQGDPHLYDELKGRNEVVKSAVEYITILKNEYGEKLEQ
progen,1.5,KETTNSNIQMEKIVQVSNEGKRASEEVIKIIKNLSEVSQETGDTISTLERASKSIREISQSSENIAENAQEAVGRSEQLASKAIEAITEIKKMSEDIHKVTDTIDEIENSSNLIKHNCDEIRSAITESSQTVTIINIITDFVYRLRDEL
progen,1.5,MSIERRHERGEKYVQTRQGMLRIVLILLGVLLVLMVLFAVINPPTTPYLIQGELRAGDINQTWMALSDTSVYIDKANGESALSKENEDSPWELLNNVTSSEDTRGLMHEGRVVSKDEDAQGRRKSQQHKNEEKEDKIIIARTTTPPRKK
progen,1.5,KKELQSIYLDGKGGSGAFDMNAKLKEFKIEKEKLSDIEKKKLKQELDPKRGKTKEIIDQITNSSENLGSIDNNGFPVRKIEEKSFDELLKLMEYENITYEELGKLFDDKLKLELMPKEYSSKILQTTMPFELLESNIRSLEKIIQFYLD
progen,1.5,MKRKRKRFLLISISFTIVGCFTTTKTIEQYGSSPLSKDDSIKMITDEMAFSAESLILAPEKEKRRITLLLPKASQLLLDEDLVKRGCIEITSSQYSKLFTYAYSRCGQRPVPRRLSSYAKYHYRNTYLYLRDDADGATQRLFMTRYIDQ
progen,1.5,FFFSYVAEYVGAEEKGLCIRNYTDHLRKPGGGCKNFATCVYGDSLKILSVGERVFVSEHVRVQDDFEVLIIYGGEGLGIGLLLVTQGRKVILYRKGGTAYLVSSSYQVIVSSQRSQESAKIVEEIGDKMQKRTSETKTLMSGTKKMLLS
progen,1.5,AVTMKKSLRKKVMVPYFNIIKEYNYDEEINLKKKEYNTLIKAVMMKESFYGKTRINYELNSNLDSFGIMQLRYKVFAKSPDKMSVQELMQPEDNIELGIMYVSNCLYIKSNREKVNFKRVMMNMKTAIKYKKYLEDLR
progen,1.5,MSFWMITSDKAIDPKLKEILNEKDITPGHLLVILYGEDKSIKEIKGMDVGSAKEKIDEGFKKKSVSMISGTSLLIGFIMLSFVISFGSLYTRYTMSEKLAEQATELMAGFEKVKSYEDRRIVELYDDVNLAVRTVMMQTGQESKYSDKI
progen,1.5,FLYTYSHISSTNSYIKYRTYMYYVYIRNMSYLLIIAFICVTTLTITTVTFSVNYIYWEKVTIKYANIIQVKNDQNVYIKEISEVHKRLSVISIVYTESKHYKYTLKFEIDGLEGELIAMYYGGENYGNKLSFIASYNVITYEKITYYFQ
progen,1.5,MRKIWIFFFGLCALLGVCSGEKNEPQSAPTEEIPTLTPIPPQAPPVNPPPPAAKRPNAEASREILPEAITGEITELQENCYSSGFRQADRFTADLYDWSDYLKSELPDSKDEDFVNIRRKWTGYMSEEGNEQYMISIRTGMLEFTFEQR
progen,1.5,ISLVSKKLITLAVAGTISATSFAATSTATVFSTSFNVSMVKMGKDGKISMVETPESAAFMGIDGSADDVYTEVYKCEGYSYSFLKNLQGINASDINHVMNASLQSRQRNANIVGIKNAAGTYSLSTELFVFNYGYTVNNTGNGKNTGGD
progen,1.5,FDLEVRLKTLFVLSLLLSLILPSCATSFGLTLPMNSGIRSSNSLTVGMITPATSLSLTSIAPVTLTSSSTFNGNLSDEQIKLIEKFNETKPVDQIQEEVVSGTDGFAEEVKIIEGLVGKTGIKHSEESGELIMRTAEEYKADYSYIQRL
progen,1.5,ILMRVLPIAAVGITSAVALTIFMLNNYSFLLLRPHSMSQKIYQRSEQIPENMMDLVLGLALVGTSSEDEHRAQNTMIEILNQMQMLDLESKSDNDNSDNSRLDSEKANLKNNEKIIDAVIKTASQKYGVDEALIRSIINMESGGRQEGL
progen,1.5,KRGKDNCYVSNGSIECDGWIERDWDVYISSCKMKKVEKVKEKEVVLGHKEIILFDREIIELWMNIKKNGGVDPMIEAALESISSQVKATGFGVKENNRYVWGCFLEDLSLVLIKYYLPLNDEKEHFLNKSVYEMLLNREKIKENSEKFK
progen,1.5,EIKIQPKYVAYMRSAADEFRMKWGSYPRLASELEKEALKLRYKLDYLKSEIERYARAYGFDWRVVHAVVRAESSWNHKARSPKGARGLMQLIPATARDMEVKNSIVSLKVFNAEYLYMKGGSFIQEERVKFLIRPIAPGHESAEARGWI
progen,1.5,LEMERINMTIINIEILLTKKLNREVELNNQLLTNEKTQLEKVTENLEQFNEELKDISDEVELLNREVQREIGILQKISQSAEDMLDNAKEKINNLEKQIRLKKQVIEIINELVQISNEVNMLAIDAQHKTSNTDRVMKHFSEVAQHIVH
progen,1.5,AGGDEVRVVFQSKPQILAEGGVSLSGGAGEHRRSRRRLLLPPDRISGSGRPLRALFTPERRRTVQAFYEAHRGRARRFLLAGAREEGLSGSEALLWKDIEKAAVVFDRERGFDFRYGQVIGSIRRAQELADSVTRWKPVRHGIPPAERS
