model,temperature,sequence,sseqid,pident,evalue,entropy,pseudo_perplexity
increment,0.5,MKRLLSAAALAALLLLAIGSARADCFDEAGRYQKVNPLILRAIAWQESHNKPDAINRNANGSTDLGLMQINSFHLPRLKRMGISEKHLLSNPCISVYVAAWILRQKMNRYGNTWEAVGAYHSETPALRDKYARQIAAILTKWKLLPAATRSP,tr|A0A3N7ZTK7|A0A3N7ZTK7_9BURK,74.15,5.0700000000000004e-77,4.0219510654145605,13.562815697929816
increment,0.5,MAKVQFKKRESTEAIFVHCSATKPSQNIGVREIRQWHKEQGWLDVGYHFIIKRDGTVEEGRDEMAVGSHVKGYNHNSVGVCLVGGIDDKGKFDANFTPAQMQSLRSLLVTLLAKYEGAVLKAHHDVAPKACPSFDLKRWWEKNELVTSDWGS,tr|A0AAE7KCC5|A0AAE7KCC5_9CAUD,94.702,1e-108,4.170436841078208,16.575929430228474
increment,0.5,MARLAAAALLALALLVIGPARADCFDEAGAYQHVNPLILRAIAWQESHNRPDAVNRNANGSTDLGLMQINSIHLPRLKRFGISEKHLLQDPCLSVYVAAWILRQKMNRYGNTWEAVGAYHSETPALRDRYARQIAAILTKWKLLPASRPSSS,tr|A0A119RS42|A0A119RS42_9BURK,74.306,7.03e-76,4.013018019495964,13.723653042879388
increment,0.5,MKLLPAAIALLALLATGSAHADCFDEAGKMQKINPLILRAIAQQESHMKPGAINHNANGSTDLGLMQINSFHLPRLKKMGISEKQLLQDPCLSVIVAASILRDKMNRYGNTWEAVGAYHSETPSLRDKYARQIAAILTRWKLLPPASSSSSS,tr|A0A3N7ZTK7|A0A3N7ZTK7_9BURK,69.444,1.1799999999999998e-67,4.0172287550027495,13.186988909503327
increment,0.5,MMRKVQFTKRESTEAIFVHCSATKPSQNVGVREIRQWHKEQGWLDVGYHFIIKRDGTVEEGRDEMAVGSHVKGYNHNSVGVCLVGGIDDKGKFEANFTPAQMQSLRSLLVTLLAKYEGAVLKAHHDVAPKACPSFDLKRWWETGELVTSDRG,tr|A0AAE9BPH7|A0AAE9BPH7_9CAUD,94.702,2.16e-107,4.167221674482216,16.702750671027058
increment,0.5,MNRRFLSIALIAAGAWFATGNARADCFDEAAKYQKVNPLILRAIAWQESHNRPDALNKNTNGSTDYGLMQINSIHLPTLSRYGISRDTLMEPCKNVYIAAWHLRQKMNKYGNTWQAVGAYHSETPSLRDKYARQIAAILTQWKLLPPAQSAT,tr|A0A3N7ZTK7|A0A3N7ZTK7_9BURK,93.96,6.08e-105,4.111899629481876,14.336384203799325
increment,0.5,MRRRLSAAALAAAALLAAGSARADCFDEAGKMQKINPLILRAIAWQESHNRPDAINRNANGSTDLGLMQINSFHLPRLKKMGISEKHLLQDPCLSVIVAASILRDKMNRYGNTWEAVGAYHSETPSLRDKYARQIAAILSQWKLLPAGSSSS,tr|A0A103QW16|A0A103QW16_9BURK,73.103,4.73e-74,3.979178793999446,12.992920133594671
increment,0.5,MRLAAALVLAALLFAGSARADCFDEAARRYHINPLLLYAIAQQESGMRPGAVNRNRNGSTDLGLMQINSFHLPRLKRMGISEKQLLQDPCLSVIVGASILRDMMNRYGNTWEAVGAYHSETPSLRDKYARQIAAILTRWKLLQASSSSSPSS,tr|A0AA41EA77|A0AA41EA77_9BURK,68.116,7.89e-62,4.005293249846833,12.123921830594076
increment,0.5,MAKVQFKKRESTEAIFVHCSATKPSQNVGVREIRQWHKEQGWLDVGYHFIIKRDGTVEEGRDEMAVGSHVKGYNSTSVGVCLVGGIDDKGKFEANFTPAQMQSLRSLLVTLLAKYEGAVLKAHHDVAPKACPSFDLKRWWETNELVTSDWGS,tr|A0AAE9BPH7|A0AAE9BPH7_9CAUD,94.702,8.25e-107,4.156742849677475,16.50400795605089
increment,0.5,MPKVQFKKRETTEAIFVHCSATKPSQNIGVREIRQWHKEQGWLDVGYHFIIKRDGTVEEGRDEMAVGSHVKGYNHNSVGVCLVGGIDDKGKFEANFTPAQMQSLRSLLVTLLAKYPDAVLKAHHDVAPKACPSFDLKRWWETNELVTSDWGS,tr|A0AAE9BPH7|A0AAE9BPH7_9CAUD,92.715,4.89e-105,4.195488431158353,16.22847637612447
increment,0.5,MKYLFAIILLMLLSIGSARADCFDEAGKMFHIDPLLLYAIAWQESAMKPGAINHNRDGSTDLGLMQINSFHLPRLKKMGISEKQLLQDPCISVIVGASILSDMMKRYGNTWEAVGAYHSETPSLRDKYARKIAAILTRRKLLPAVSSTEAIN,tr|A0A636VQ75|A0A636VQ75_SALER,69.595,9.07e-66,4.078740767431167,13.625909579229738
increment,0.5,MARRLSWVAIAAAALLAIGSARADCFDEAGAYQHVNPLILRAIAWQESHNKPDAINRNADGSTDLGLMQINSFHLPRLKAMGISEKQLLQDPCLSVIVAASILRDKMNRYGNTWEAVGAYHSETPSLRDKYARQIAAILTRWKLLPPGRSAS,tr|A0A3N7ZTK7|A0A3N7ZTK7_9BURK,70.0,2.88e-71,4.029765566027694,13.47583158471071
increment,0.5,MNRRLSWAALALAALLAIGSARADCFDEAGKYQKINPLILRAIAWQESHNKPDAINRNADGSTDLGLMQINSFHLPRLKQMGISEKQLLQDPCLSVIVAASILRDKMNRYGNTWEAVGAYHSETPSLRDKYARQIAGILTQWKLLPAASSAP,tr|A0A119RS42|A0A119RS42_9BURK,71.429,4.73e-74,4.025022269620208,13.128876493496666
increment,0.5,MKRRLLTAALAAGLLLAAGSARADCFDEAGRYQKINPLILRAIAWQESHLKPDAVNRNANGSTDLGLMQINSFHLPRLKRMGISEKHLLQNPCLSVYVAAWILRQKMNRYGNTWEAVGAYHSETPSLRDKYARQIAAILTRWKLLPRGPRSA,tr|A0A3N7ZTK7|A0A3N7ZTK7_9BURK,74.83,6.960000000000001e-77,4.025959341908883,13.113818844690288
increment,0.5,MRRRLSVAALAAAALLASGSAQADCFDEAAAYQHVNPLILRAIAWQESHNRPDAVNRNANGSTDLGLMQINSIHLPRLKQFGISEKHLLQNPCLSVYVAAWILRQKMNKYGNTWEAVGAYHSETPALRDKYARQIAAILTRWKLLPAGSRAA,tr|A0A2A4FB67|A0A2A4FB67_9BURK,75.172,1.08e-77,4.000670754087149,13.520670105664124
increment,0.5,MFGLGLSLGLGSSSLLLLLSGLGLGSSLSSSGLLLSLSLGLGSSSSLGLLLSSGLGLGSGSSSLLLLLGLGLGSGLLSLSLSLSSLLLGSSGSGLLSSSSSLLGLGLGGSGLLSLLGLGLGLGLSSSGSGLGLGLGLSSSSSGLGLLLGSLS,tr|A0A2P4UJ02|A0A2P4UJ02_9ACTN,22.105,4.0,1.6531140914616174,3.1361015915634183
increment,0.5,MRLLAAALLLAALLSGSARADCWDEAGQRFHINPLLLYAIAQQESGMNPSAVNRNRDGSTDLGLMQINSFHLPRLKRFGITEQRLLSDPCLSVIVGASILADMMARYGNTWEAVGAYHSETPALRDKYARQIAAILERWKLLPAAPSSSSSS,tr|A0A103QW16|A0A103QW16_9BURK,61.224,7.15e-57,3.9701291539267847,12.18479361164367
increment,0.5,MGLRLLVAALLLAALLAAGPARADCFDEAAGYQHVNPLILRAIAWQESHNRPDAVNRNANGSRDLGLMQINSIHLPRLARFGISERRLLQNPCLSVYVAAWILRQKMNRYGNTWAAVGAYHSETPALRDKYARQIAAILTRWKLLPPARRAP,tr|A0A4P7CKI4|A0A4P7CKI4_9BURK,76.596,9.36e-78,3.9132057037248273,13.706255119855069
increment,0.5,MAKVQFKKRESTEAIFVHCSATKPSQNIGVREIRQWHKEQGWLDVGYHFIIKRDGTVEEGRDEMAVGSHVKGYNSTSVGVCLVGGIDDKGKFDANFTPAQMQSLRSLLVTLLAKYEGAVLKAHHDVAPKACPSFDLKRWWEKNELVTSDWGS,tr|A0AAE7KCC5|A0AAE7KCC5_9CAUD,93.377,7.99e-107,4.162378772777552,16.484488863179163
increment,0.5,MKRLLSWAAIAALALLAAGSARADCFDEAGKYQKINPLILRAIAWQESHLKPDAINHNANGSTDLGLMQINSFHLPRLKKMGISEKQLLQDPCLSVIVAASILRDKMNRYGNTWEAVGAYHSETPSLRDKYAQQIAAILTQWKLLPSASSSS,tr|A0A103QW16|A0A103QW16_9BURK,72.414,1.45e-72,4.005146684533589,13.094141929388856
increment,0.5,MKRLLVLALLAAAALAAGPARADCFDEAAAYQHVNPLILRAIAWQESHNRPGAVNRNANGSVDLGLMQINSIHLPRLARFGIGEQHLLQDPCLSVYVAAWILRQKMNRYGNTWQAVGAYHSETPALRDRYARQIAAILTRWRLLPPAGRSSS,tr|A0A6P2R052|A0A6P2R052_BURL3,74.83,8.780000000000001e-79,3.9467902805582895,12.804289601207383
increment,0.5,MNRRLSWAALILLALLAIGSARADCFDEAGKYQKINPLILRAIAWQESHNRPDAVNRNANGSTDLGLMQINSFHLPRLKRMGISEKHLLQNPCLSVYVAAWILRQKMNRYGNTWEAVGAYHSETPSLRDKYARQIAAILTRWKLLPAASSGA,tr|A0A119RS42|A0A119RS42_9BURK,74.15,1.07e-77,4.034869288604788,14.322941008989543
increment,0.5,MAKVQFKKRESTEAIFVHCSATKPSQNIGVREIRQWHKEQGWLDVGYHFIIKRDGTVEEGRDEMAVGSHVKGYNSTSVGVCLVGGIDDKGKFEANFTPAQMQSLRSLLVTLLAKYEGAVLKAHHDVAPKACPSFDLKRWWETNELVTSDWGS,tr|A0AAE9BPH7|A0AAE9BPH7_9CAUD,94.04,1.15e-106,4.165955056884259,16.52607149459307
increment,0.5,MKLLLLLSLLLLLSFAFAEEEEEEELEELEESIEECLEENPEEAKTTLEMKECLEEEYEEADEKLNEAYEELKEKLEEEYEELEEEEEKSILELLKESQRAWIEFRDATCEFETLEFEGGSIEPMLYLSCLIELTEERTKELEEYLELEEEE,tr|A0A8J7F5U8|A0A8J7F5U8_9CYAN,38.255,1.32e-29,3.098911849368544,7.518312972216297
increment,0.5,LELRLELRLEDLNLELELDLEKLELELEEELELELLLEEALDLELELELELELELELLEELGLERELELELELEEELELELELELELELLLELEELLEELLELLKLEEELRLEIELSLEELSEEILELELLDLLEEEELELELLELELELLE,-,0.0,10.0,1.7051398882264988,3.091671463124479
increment,0.5,MAKVQFKKRESTEAIFVHCSATKPSQNVGVREIRQWHKEQGWLDVGYHFIIKRDGTVEEGRDEMAVGSHVKGYNSTSVGVCLVGGIDDKGKFEANFTPAQMQSLRSLLVTLLAKYEGAVLKAHHDVAPKACPSFDLKRWWEKNELVTSDWGS,tr|A0AAE7KCC5|A0AAE7KCC5_9CAUD,93.377,1.8e-106,4.151159053444742,16.40918242541306
increment,0.5,MGARLLSLAALLAVLLAVGSARADCFDEAAAYQHVNPLILRAIAWQESHNRPDAVNRNANGSTDLGLMQINSIHLPRLRRFGISEQQLLQDPCLSVYVAAWILRQKMNRYGNTWEAVGAYHSETPALRDKYARQIAAILTRWKLLPPGGRSA,tr|A0A119RS42|A0A119RS42_9BURK,75.342,2.0600000000000002e-79,3.996716923517485,13.628399161722662
increment,0.5,SRGLRRLLPLLLLLALAIAIGSARADCFDEAAAYQKVNPLILRAIAWQESHNRPDAVNRNANGSTDLGLMQINSIHLPRLAQFGITERHLLQDPCLSVYVAAWILRQKMNRYGNTWQAVGAYHSETPALRDRYARQIAGILTRWKLLPAGER,tr|A0A119RS42|A0A119RS42_9BURK,75.172,1e-78,3.971378894084613,14.751407261484134
increment,0.5,MPKVQFKPRETTEAIFVHCSATKPSQNIGVREIRQWHKEQGWLDIGYHFIIKRDGTVEEGRDEMAVGSHVKGYNHNSVGVCLVGGIDDKGKFEANFTPAQMQSLRSLLVTLLAKYPDAVLKAHHDVAPKACPSFDLKRWWETNELVTSDWGS,tr|A0A9X9JN87|A0A9X9JN87_9CAUD,92.053,3.75e-106,4.208646325895195,16.277684384035343
increment,0.5,MRRRFLSALLALAAWCAAGSARADCFDEAGAYQHVNPLILRAIAWQESHNRPDAVNRNADGSTDLGLMQINSFHLPRLSRFGISEQQLLQNPCLSVYVAAWILRQKMNRYGNTWEAVGAYHSETPALRDKYARQIAAILTRWKLLPPAARSS,tr|A0A103QW16|A0A103QW16_9BURK,75.676,1.4700000000000002e-79,4.031333371639758,13.241328428796058
increment,0.5,MKRRLSAAALVLAALIAAGSARADCFDEAGAYQKINPLILRAIAWQESHNKPDAINKNANGSTDLGLMQINSFHLPRLKKMGISEKQLLQNPCLSVIVAASILREKMNRYGNTWEAVGAYHSETPSLRDKYAQQIAAILSRWKLLPPASSAS,tr|A0AAP5Q5N2|A0AAP5Q5N2_9BURK,71.622,5.01e-76,3.99088192738842,13.370391277698513
increment,0.5,MAKVQFKKRESTEAIFVHCSATKPSQNIGVREIRQWHKEQGWLDVGYHFIIKRDGTVEEGRDEMAVGSHVKGYNHNSVGVCLVGGIDDKGKFEANFTPAQMQSLRSLLVTLLAKYEGAVLKAHHDVAPKACPSFDLKRWWETNELVTSDWGS,tr|A0AAE9BPH7|A0AAE9BPH7_9CAUD,95.364,2e-108,4.175373691602815,16.623722681292513
increment,0.5,MPKVQFKKRETTEAIFVHCSATKPSQNIGVREIRQWHKEQGWLDVGYHFIIKRDGTVEEGRDEMAVGSHVKGYNSNSVGVCLVGGIDDKGKFEANFTPAQMQSLRSLLVTLLAKYPDAVLKAHHDVAPKACPSFDLKRWWETNELVTSDWGS,tr|A0AAE9BPH7|A0AAE9BPH7_9CAUD,92.053,4.9599999999999996e-104,4.191881546383244,16.176016587983135
increment,0.5,MGGRLLTAALAAALWLAAGPARADCFDEAARYQKVNPLILRAIAWQESHNRPDAVNRNANGSTDLGLMQINSIHLPRLKRMGISEKHLLQDPCLSVYVAAWILRQKMNRYGNTWEAVGAYHSETPALRDTYARQIAAILARWKLLPPATRAP,tr|A0A495YHU1|A0A495YHU1_9BURK,77.305,2.25e-78,3.9923903309542728,12.932022284420428
increment,0.5,MALRLLAAALLLAALLAAGSARADCFDEAAGYQQVNPLLLRAIAWQESHNRPDAVGPRNANGSVDYGLMQINSIHLPTLAQYGIGRDTLMEPCKNVYIAAWHLRQKMNRYGNTWQAVGAYHSETPSLRDKYARQIAAILTRWKLLPAARSAT,tr|A0A119RS42|A0A119RS42_9BURK,81.633,1.61e-88,3.974213514900828,14.308131149024424
increment,0.5,MRRRLSAAALALGLLLVTGSARADCFDEAGKYQHVNPLILRAIAWQESHLKPDAINRNADGSTDLGLMQINSFHLPRLKRMGISEKQLLQDPCLSVIVAASILRDKMNRYGNTWQAVGAYHSETPALRDRYARQIAGILSRWKLLPAASRSS,tr|A0A119RS42|A0A119RS42_9BURK,70.068,2.95e-73,4.0045703389961576,12.518605425073057
increment,0.5,MNRRLSIVALALAALLAIGSARADCFDEAGKYQKINPLILRAIAWQESRNRPDAINRNANGSTDLGLMQINSFHLPRLKKMGISEKQLLQDPCLSVIVAASILRDKMNRYGNTWEAVGAYHSETPSLRDKYARQIAAILTQWKLLPPARRAA,tr|A0A103QW16|A0A103QW16_9BURK,75.676,3.3e-77,3.998850480292423,13.599224649617728
increment,0.5,MPKVQFKKRESTEAIFVHCSATKPSMNVGVREIRQWHKEQGWLDVGYHFIIKRDGTVEEGRDEMAVGSHVKGYNSTSVGVCLVGGIDDKGKFDANFTPAQMQSLRSLLVTLLAKYEGAVLKAHHDVAPKACPSFDLKRWWETNELVTSDWGS,tr|A0A481S247|A0A481S247_9CAUD,92.053,1.0299999999999999e-104,4.171117785578194,16.709245312282487
increment,0.5,MPKVQFKKRESTEAIFVHCSATKPSQNVGVREIRQWHKEQGWLDVGYHFIIKRDGTVEEGRDEMAVGSHVKGYNHNSVGVCLVGGIDDKGKFDANFTPAQMQSLRSLLVTLLAKYEGAVLKAHHDVAPKACPSFDLKRWWEKNELVTSDWGS,tr|A0AAE7KCC5|A0AAE7KCC5_9CAUD,94.702,5.31e-108,4.16928270217208,16.63952697559529
increment,0.5,MRLAALLLALALLAPGPARADCWDEAGQRYQINPLLLYAIAEQESGMNPAAVNRNRNGSTDLGLMQINSFHLPRLKRMGITEQRLLSDPCTSVIVGASILRDMMNRYGNTWEAVGAYHSETPALRDRYAQRIAAILTRWKLLPAAPRPPTPT,tr|A0A132CEI9|A0A132CEI9_9BURK,61.268,1.43e-58,3.9671072623858112,11.78431141814555
increment,0.5,MRRRLSAAALAALALLAIGSARADCFDEAGKYQKINPLILRAIAWQESHNKPDAINRNANGSTDLGLMQINSFHLPRLKKMGISEKQLLQDPCLSVYVAAWILRQKMNRYGNTWEAVGAYHSETPSLRDKYARQIAAILTKWKLLPAGERAA,tr|A0A103QW16|A0A103QW16_9BURK,75.172,1.08e-76,4.01083945661289,13.317655706352928
increment,0.5,MAKVQFKKRESTEAIFVHCSATKPSQNVGVREIRQWHKEQGWLDVGYHFIIKRDGTVEEGRDEMAVGSHVKGYNHNSVGVCLVGGIDDKGKFEANFTPAQMQSLRSLLVTLLAKYEGAVLKAHHDVAPKACPSFDLKRWWEKNELVTSDWGS,tr|A0AAE7KCC5|A0AAE7KCC5_9CAUD,94.702,2.55e-108,4.159217121745399,16.512326165072473
increment,0.5,MLRRFSAAAIALAALLAIGSARADCFDEAGKMQKINPLILRAIAWQESHLKPDAVNRNANGSTDLGLMQINSFHLPRLKRMGISEKQLLQNPCLSVIVAASILRDKMNRYGNTWEAVGAYHSETPSLRDKYARQIAAILTQWKLLPPASSSS,tr|A0A3N7ZTK7|A0A3N7ZTK7_9BURK,72.483,4.3399999999999996e-74,4.018114077855824,13.041817467145414
increment,0.5,MPKVQFKKRESTEAIFVHCSATKPSQNVGVREIRQWHKEQGWLDVGYHFIIKRDGTVEEGRDEMAVGSHVKGYNSTSVGVCLVGGIDDKGKFDANFTPAQMQSLRSLLVTLLAKYEGAVLKAHHDVAPKACPSFDLKRWWETNELVTSDWGS,tr|A0AAE7KCC5|A0AAE7KCC5_9CAUD,92.715,2.1500000000000002e-105,4.166808430104157,16.640998895086664
increment,0.5,MPKVQFKKRESTEAIFVHCSATKPSQNIGVREIRQWHKEQGWLDVGYHFIIKRDGTVEEGRDEMAVGSHVKGYNHNSVGVCLVGGIDDKGKFDANFTPAQMQSLRSLLVTLLAKYEGAVLKAHHDVAPKACPSFDLKRWWEKNELVTSDWGS,tr|A0A481S247|A0A481S247_9CAUD,94.04,7.3e-108,4.178494909378865,16.655864259543737
increment,0.5,MRRRLSWAALAAAVWIAIGSARADCFDEAGKYQQINPLILRAIAWQESHNKPDAINKNANGSTDLGLMQINSFHLPRLKKMGISEKQLLQDPCLSVIVAASILRDKMNRYGNTWEAVGAYHSETPSLRDKYARQIAAILTRWKLLPASSSSS,tr|A0A103QW16|A0A103QW16_9BURK,73.793,1.07e-74,4.044749589379768,14.137905165619571
increment,0.5,MAKVQFKKRESTEAIFVHCSATKPSQNVGVREIRQWHKEQGWLDVGYHFIIKRDGTVEEGRDEMAVGSHVKGYNHNSVGVCLVGGIDDKGKFDANFTPAQMQSLRSLLVTLLAKYEGAVLKAHHDVAPKACPSFDLKRWWETNELVTSDWGS,tr|A0AAE7KCC5|A0AAE7KCC5_9CAUD,94.702,4.26e-108,4.168168996522055,16.649137349037773
increment,0.5,MKRRLSIVALVAALLLAAGSARADCFDEAGRYQKINPLILRAIAWQESHNKPDAINRNANGSTDLGLMQINSFHLPRLKKMGISEKQLLQDPCLSVYVAAWILRQKMNRYGNTWEAVGAYHSETPALRDKYARQIAAILTRWKLLPAASSSS,tr|A0A3N7ZTK7|A0A3N7ZTK7_9BURK,73.154,2.93e-78,4.034031775367631,12.99150860356532
increment,0.5,MNRRLSWAAIALAALLAIGSARADCFDEAGKMQKINPLILRAIAWQESHNKPDAINRNANGSTDLGLMQINSFHLPRLKQMGISEKQLLQNPCLSVIVAASILREKMNRYGNTWEAVGAYHSETPSLRDKYARQIAAILTQWKLLPPAPSSA,tr|A0A103QW16|A0A103QW16_9BURK,72.667,2.15e-74,4.022341918278248,13.599137876383818
increment,0.5,MGRRLLSVALAALLLLAAGPARADCFDEAGRYQKVNPLILRAIAWQESHNRPDAVNRNADGSTDLGLMQINSIHLPRLKRMGISEKQLLQNPCLSVYVAAWILRQKMNRYGNTWEAVGAYHSETPALRDKYARQIAAILTQWKLLPPGPRSS,tr|A0A3N7ZTK7|A0A3N7ZTK7_9BURK,76.51,1.2500000000000001e-79,4.023771821418138,12.655069959740567
increment,0.5,MNRRFLSIALIAAGAWFAIGNARADCFDEAAKYQKVNPLILRAIAWQESHNKPDALNKNTNGSTDYGLMQINSIHLPTLSRYGIGRDTLMEPCKNVYIAAWHLRQKMNKYGNTWQAVGAYHSETPSLRDKYARQIAAILTQWKLLPPEQSPT,tr|A0A106N9F0|A0A106N9F0_9BURK,93.96,3.55e-105,4.135624535074194,15.129399780242816
increment,0.5,MARLLLAALLAALALLASPSARADCFDEAAAYQHVNPLILRAIAWQESHNRPDAVNRNANGSTDLGLMQINSIHLPRLKRFGIGEQHLLANPCLSVYVAAWILRQKMNRYGNTWQAVGAYHSETPALRDKYARQIAAILTRWKLLPSGRRAA,tr|A0A6P2M4A9|A0A6P2M4A9_9BURK,76.389,3.85e-78,3.9422060999347575,14.072028288484514
increment,0.5,MRRLLALALALAALLASGPARADCFDEAGAYQHVNPLILRAIAWQESHNRPDAVNRNANGSTDLGLMQINSIHLPRLKRMGISEKHLLHDPCLSVYVAAWILRQKMNRYGNTWEAVGAYHSETPALRDKYARQIAAILTRWKLLPPSSRSSS,tr|A0A119RS42|A0A119RS42_9BURK,75.694,2.8e-78,4.001954373699665,13.17840058211978
increment,0.5,MRRALLAAALAALAALAAGPARADCFDEAAAYQHVNPLILRAIAWQESHNRPDAVNRNANGSTDLGLMQINSIHLPRLKQMGISEKQLLQDPCLSVYVAAWILRQKMNRYGNTWEAVGAYHSETPALRDKYARQIAAILARWKLLPPARRAA,tr|A0A0H3HKQ5|A0A0H3HKQ5_BURP2,72.414,2.16e-76,3.910319278580959,12.220909254417242
increment,0.5,MKRRLLAAALAALALLASGSARADCFDEAAAYQKVNPLILRAIAWQESHNRPDAVNRNANGSRDLGLMQINSIHLPRLAAMGISEQHLLSDPCLSVYVAAWILRQKMNRYGNTWEAVGAYHSETPALRDKYARQIAGILTRWRLLPPASRSP,tr|A0A6P2M4A9|A0A6P2M4A9_9BURK,74.497,1.41e-77,3.9481778772785545,13.042598451777938
increment,0.5,MPKVQFKKRETTEAIFVHCSATKPSQNIGVREIRQWHKEQGWLDVGYHFIIKRDGTVEEGRDEMAVGSHVKGYNHNSVGVCLVGGIDDKGKFEANFTPAQMQSLRSLLVTLLAKYPDAVLKAHHDVAPKACPSFDLKRWWETGELVTSDWGS,tr|A0AAE9BPH7|A0AAE9BPH7_9CAUD,92.053,5.72e-104,4.18577444528504,15.97668783563697
increment,0.5,MARLLLALLALAVLLASGPARADCFDEAAAYQQVNPLILRAIAWQESHNRPDAVNRNANGSVDLGLMQINSIHLPRLARFGISEQHLLTDPCLSVYVAAWILRQKMNRYGNTWEAVGAYHSETPALRDKYARQIAAILVRWKLLPAAARSSS,tr|A0A0H3HKQ5|A0A0H3HKQ5_BURP2,69.799,9.22e-79,3.9489118033171295,13.55224194918795
increment,0.5,MKRRLLAVALAAGALLAAGSARADCFDEAAKYQKVNPLILRAIAWQESHNRPDAVNRNANGSTDLGLMQINSIHLPRLKRMGISEKQLLQNPCLSVYVAAWILRQKMNRYGNTWQAVGAYHSETPALRDKYARQIAAILTQWKLLPPGSRSP,tr|A0A119RS42|A0A119RS42_9BURK,78.082,1.9699999999999998e-82,4.01154473334569,12.744579509481474
increment,0.5,MNARLSLAALVALALLAIGSARADCFDEAGRYQKINPLILRAIAWQESHMRPDAVNRNADGSTDLGLMQINSFHLPRLKRMGISEKHLLQDPCLSVYVAAWILRQKMNRYGNTWEAVGAYHSETPSLRDKYARQIASILTRWKLLPAASSSS,tr|A0A3N7ZTK7|A0A3N7ZTK7_9BURK,72.483,5.84e-76,4.033864498261609,13.550784458492302
increment,0.5,MAKVQFKKRESTEAIFVHCSATKPSQNVGVREIRQWHKEQGWLDVGYHFIIKRDGTVEEGRDEMAVGSHVKGYNSTSVGVCLVGGIDDKGKFEANFTPAQMQSLRSLLVTLLAKYEGAVLKAHHDVAPKACPSFDLKRWWEKNELVTSDWGS,tr|A0AAE7KCC5|A0AAE7KCC5_9CAUD,93.377,1.8e-106,4.151159053444742,16.40918242541306
increment,0.5,MPKVQFKKRESTEAIFVHCSATKPSQNVGVREIRQWHKEQGWLDVGYHFIIKRDGTVEEGRDEMAVGSHVKGYNSTSVGVCLVGGIDDKGKFEANFTPAQMQSLRSLLVTLLAKYEGAVLKAHHDVAPKACPSFDLKRWWETNELVTSDWGS,tr|A0AAE9BPH7|A0AAE9BPH7_9CAUD,94.04,7.02e-106,4.164800917978132,16.585466367290703
increment,0.5,MNRRLSWALLLLALLLAAGPARADCFDEAARYQHVNPLILRAIAWQESHLRPDAVNRNANGSTDLGLMQINSIHLPRLKRMGISEKHLLQDPCLSVYVAAWILRQKMNRYGNTWEAVGAYHSETPSLRDKYARQIAAILTRWKLLPPASRSP,tr|A0A3N7ZTK7|A0A3N7ZTK7_9BURK,76.51,8.87e-78,4.004377384215675,13.515580496334756
increment,0.5,MAKVQFKKRETTEAIFVHCSATKPSQNIGVREIRQWHKEQGWLDVGYHFIIKRDGTVEEGRDEMAVGSHVKGYNHNSVGVCLVGGIDDKGKFDANFTPAQMQSLRSLLVTLLAKYPDAVLKAHHDVAPKACPSFDLKRWWETNELVTSDWGS,tr|A0AAE7KCC5|A0AAE7KCC5_9CAUD,92.053,1.3999999999999998e-105,4.189341507959362,16.20059612831669
increment,0.5,MRLSVAALALGLVFASGSARADCFDEAAAYQHVNPLILRAIAWQESRNNPSAVNRNANGSRDLGLMQINSIHLPRLKRFGISEKQLLSDPCLSVYVAASILREKMNRYGNTWQAVGAYHSETPSLRDKYARQIAAILTRWKLLPSGSRSPSS,tr|A0AAP9ZTU0|A0AAP9ZTU0_9BURK,75.352,8.32e-76,4.001783439804402,13.172383293833327
increment,0.5,MNRRLSWAALALLALLAAGSARADCFDEAGRYQKINPLILRAIAWQESHLKPGAINRNANGSTDLGLMQINSFHLPRLKQFGISEKQLLQDPCLSVYVAAWILRQKMNRYGNTWEAVGAYHSETPSLRDKYARQIAGILTQWKLLPAGSSSR,tr|A0A119RS42|A0A119RS42_9BURK,72.109,7.11e-76,4.026785209934536,12.645464069667169
increment,0.5,MRYWFAIILLMLLSIGSARADCWLQAEKMFNINPELLYAIAQQESAMKPGAIGHNRDGSTDLGLMQINSFHLPRLKKMGISEKQLLQDPCISVIVGASILRDMMNRYGNTWEAVGAYHSETPSLRDKYARQIAAILTQWKLLPAGESLEARN,tr|A0A737BJ07|A0A737BJ07_SALER,71.622,7.23e-71,4.097825442677042,14.28991322432474
increment,0.5,MKYWFAIILLLLLSIGSARADCFDEAGKMFHINPLLLYAIAQQESAMKPGAINRNNDGSTDLGLMQINSFHLPRLKRMGISEKQLLQDPCLSVIVGASILADMMNRYGNTWEAVGAYHSETPSLRDKYAKKIYAILTRYKLLPSSSSSSSSS,tr|A0A636VQ75|A0A636VQ75_SALER,62.987,1.47e-63,4.043805100113711,12.2918965600633
increment,0.5,MRRRLSWAAIALAALLAIGSARADCFDEAGKYQKINPLILRAIAWQESHLKPDAINRNRDGSTDLGLMQINSFHLPRLKQMGISEKQLLQDPCLSVYVAAWILRQKMNKYGNTWEAVGAYHSETPSLRDKYARQIAAILTRWKLLPASSSSA,tr|A0A4R8K7H7|A0A4R8K7H7_9BURK,68.919,3.89e-75,4.028724598039908,13.409363566777992
increment,0.5,MPRALSLAALAAAALIAAGSARADCFDEAGRYQKINPLILRAIAWQESHNRPDAINRNANGSTDLGLMQINSFHLPRLKQMGISEKQLLQDPCLSVYVAAWILRQKMNRYGNTWEAVGAYHSETPSLRDKYARQIAAILTRWKLLPPATRAA,tr|A0A3N7ZTK7|A0A3N7ZTK7_9BURK,75.342,1.64e-78,3.9970450405092888,12.980803519665898
increment,0.5,MARLLSIAAIVALALLAIGSARADCFDEAGKYQKINPLILRAIAWQESHNKPDAINRNANGSTDLGLMQINSFHLPRLKRFGISEKQLLQNPCLSVIVAAWILRQKMNRYGNTWEAVGAYHSETPSLRDKYARQIAAILTQWKLLPPAASGT,tr|A0A103QW16|A0A103QW16_9BURK,76.552,2.1800000000000003e-79,4.033211789784276,14.348839567050524
increment,0.5,MARRLSIAALALAALLAAASARADCFDEAAAYQKVNPLILRAIAWQESHNRPDAVNRNANGSTDLGLMQINSIHLPRLKAMGISEKHLLQNPCLSVYVAAWILRQKMNRYGNTWAAVGAYHSETPSLRDKYAAQIAAILAQWKLLPPAPRPA,tr|A0A102KX85|A0A102KX85_9BURK,76.667,1.07e-77,3.913608664147562,12.953871432606531
increment,0.5,MLRRLSLLALVLAAWLAAGSARADCFDEAGKMQKINPLILRAIAWQESHNKPDAINRNANGSTDLGLMQINSFHLPRLKQMGISEKHLLQNPCLSVYVAAWILRQKMNRYGNTWEAVGAYHSETPSLRDKYARQIAAILTRWKLLPPGSSAT,tr|A0A103QW16|A0A103QW16_9BURK,75.0,1.22e-77,4.055858140462837,13.74373171067678
increment,0.5,MPKVQFKKRESTEAIFVHCSATKPSQNVGVREIRQWHKEQGWLDVGYHFIIKRDGTVEEGRDEMAVGSHVKGYNSTSVGVCLVGGIDDKGKFDANFTPAQMQSLRSLLVTLLAKYEGAVLKAHHDVAPKACPSFDLKRWWEKNELVTSDWGS,tr|A0AAE7KCC5|A0AAE7KCC5_9CAUD,93.377,3.36e-106,4.161224633871424,16.55085355902975
increment,0.5,MARLLAAALALGALLASGPARADCFDEAAARYRINPLLLRAIAWQESRNRPDAVGPRNANGSVDYGLMQINSIHLPTLARYGISRDTLMEPCKNVYIAAWHLRQKMNRYGNTWAAVGAYHSETPSLRDRYARQIAAILTRWKLLPPARSSSA,tr|A0A6P2R052|A0A6P2R052_BURL3,81.69,5.98e-84,3.925843554331879,12.596086092795716
increment,0.5,MKYWFLSILLALLSIGSAHADCWDEAGKMFHINPELLYAIAQQESAMKPGAIGHNRDGSTDLGLMQINSFHLPRLKKMGISEKHLLQDPCISVIVGASILADMMKRYGNTWEAVGAYHSETPSLRDKYAKQIYAILTRWKLLKSTSSSSSSK,tr|A0A657G4A8|A0A657G4A8_SALET,66.234,1.1699999999999998e-67,4.073853297977976,13.86117097048552
increment,0.5,MLRRLSAAALALLAWLATGPARADCFDEAGKYQHINPLLLRAIAWQESHNRPDAINRNANGSTDLGLMQINSFHLPRLKRMGISEKQLLQDPCLSVYVGAWILRQKMNRYGNTWEAVGAYHSETPSLRDKYARQIAAILTRWKLLPAGERGA,tr|A0A0H3HKQ5|A0A0H3HKQ5_BURP2,70.0,3.14e-76,4.034666431459051,13.294872220437652
increment,0.5,MKRLLTAAALLALLLAAGSARADCFDEAGAYQQVNPLILRAIAWQESHNRPDAVNRNANGSTDLGLMQINSIHLPRLKRFGISEKHLLHDPCLSVYVAAWILRQKMNRYGNTWEAVGAYHSETPALRDKYAQQIAAILTQWKLLPAAARLPS,tr|A0AAP5Q5N2|A0AAP5Q5N2_9BURK,75.0,8.58e-80,4.001985033501436,13.59455601553201
increment,0.5,MARRLAIAALLAGALLAIGSARADCFDEAGKYQKINPLILRAIAWQESHNKPGAVNRNANGSTDLGLMQINSFHLPRLKKMGISEKHLLQNPCLSVIVAASILRDKMNRYGNTWEAVGAYHSETPSLRDKYAAQIAAILTKWKLLPPAQRSP,tr|A0A103QW16|A0A103QW16_9BURK,73.649,4.24e-74,4.017620066879795,13.58201953518817
increment,0.5,MPKVQFKKRESTEAIFVHCSATKPSQNIGVREIRQWHKEQGWLDVGYHFIIKRDGTVEEGRDEMAVGSHVKGYNSTSVGVCLVGGIDDKGKFDANFTPAQMQSLRSLLVTLLAKYEGAVLKAHHDVAPKACPSFDLKRWWETNELVTSDWGS,tr|A0AAE7KCC5|A0AAE7KCC5_9CAUD,92.053,2.92e-105,4.176020637310942,16.666538106392473
increment,0.5,MAKVQFKKRESTEAIFVHCSATKPSQNVGVREIRQWHKEQGWLDVGYHFIIKRDGTVEEGRDEMAVGSHVKGYNHNSVGVCLVGGIDDKGKFEANFTPAQMQSLRSLLVTLLAKYEGAVLKAHHDVAPKACPSFDLKRWWEKNELVTSDWGS,tr|A0AAE7KCC5|A0AAE7KCC5_9CAUD,94.702,2.55e-108,4.159217121745399,16.512326165072473
increment,0.5,MRRRLSWVAIALAVLLAIGSARADCFDEAGKYQKINPLILRAIAWQESHNKPDAINRNANGSTDLGLMQINSFHLPRLKKMGISEKHLLQDPCLSVIVAASILRDKMNRYGNTWEAVGAYHSETPSLRDKYARQIAAILTRWKLLPAGESLT,tr|A0A4V2Q1F0|A0A4V2Q1F0_9BURK,68.243,6.8699999999999995e-74,4.066721104019095,14.730068479566434
increment,0.5,MRRRLSAALLVLALLLAIGSARADCFDEAGKYQKINPLILRAIAWQESHNKPDAINRNANGSTDLGLMQINSFHLPRLKQMGISEKHLLQNPCLSVIVAASILRDKMNRYGNTWEAVGAYHSETPSLRDKYARQIAAILTKWKLLPSASSSS,tr|A0A4R8K7H7|A0A4R8K7H7_9BURK,69.595,1.2000000000000001e-74,4.015926653918084,13.836115008052822
increment,0.5,MGRRLLAAALALAALLAAGPARADCFDEAGAYQHVNPLILRAIAWQESHNRPDAVNRNANGSTDLGLMQINSIHLPRLKRMGISEQHLLQDPCLSVYVAAWILRQKMNRYGNTWEAVGAYHSETPALRDKYARQIAAILTRWKLLPAARSAP,tr|A0A119RS42|A0A119RS42_9BURK,74.83,1.83e-78,3.962566992549849,12.854490971519136
increment,0.5,MNRRFSIAALIAAALLAIGSARADCFDEAGKYQKINPLILRAIAWQESHNKPDAINRNANGSTDLGLMQINSFHLPRLKRMGISEKQLLQNPCLSVIVAASILREKMNRYGNTWEAVGAYHSETPSLRDKYARQIAAILTQWKLLPPASSSS,tr|A0A3N7ZTK7|A0A3N7ZTK7_9BURK,75.168,5.24e-79,4.027528388254365,13.65389313498224
increment,0.5,MAKVQFKPRETTEAIFVHCSATKPSQNIGVREIRQWHKEQGWLDVGYHFIIKRDGTVEEGRDEMAVGSHVKGYNHNSVGVCLVGGIDDKGKFEANFTPAQMQSLRSLLVTLLAKYEGAVLKAHHDVAPKACPSFDLKRWWETNELVTSDWGS,tr|A0AAE9BPH7|A0AAE9BPH7_9CAUD,95.364,3.09e-109,4.187333995833338,16.56935065807637
increment,0.5,MARRLLSVAAVAAAWLAIGSARADCFDEAGKYQQVNPLILRAIAWQESHNKPGAVNRNANGSTDLGLMQINSIHLPRLKRMGISEKQLLQDPCLSVYVAAWILRQKMNRYGNTWEAVGAYHSETPALRDKYARQIAGILTRWKLLPPGARAA,tr|A0A103QW16|A0A103QW16_9BURK,77.703,1.17e-80,4.02734729384245,13.252826491845664
increment,0.5,MKYWFAIILMWLLSIGNAWADCWLQAEKMFNIEPELLYAIAQQESAMKPGAIGHNRDGSTDLGLMQINSFHLKRLKKMGISEKQLLQDPCISVIVGASILSDMMKRYGNSWEAVGAYHSETPSLRDKYAKQIAAILTQWKLLKAGMSAEEIN,tr|A0A5Z7ESX3|A0A5Z7ESX3_SALER,77.273,1.13e-78,4.075128936481239,14.184841939800078
increment,0.5,MRRLLVAALAAAALLAAASARADCFDEAAAYQHVNPLILRAIAWQESHNRPDAVNRNANGSTDLGLMQINSIHLPRLKRFGISERHLLQNPCLSVYVAAWILRQKMNRYGNTWQAVGAYHSETPALRDKYARQIAAILSRWKLLPAARPSSA,tr|A0A0H3HKQ5|A0A0H3HKQ5_BURP2,72.0,1.35e-78,3.927499109987549,13.33468827026293
increment,0.5,MKYWFAIIVMWLLSINTAWADCWLQAEKMFNIESELLYAIAQQESAMKPGAIGHNRDGSTDLGLMQINSFHMKRLKKMGISEKQLLQDPCISVIVGASILSDMMKIYGYSWEAVGAYNAGTSPKRSDIRKRYAKKIWENYRKLKGMSAEEKN,tr|A0A5V2B541|A0A5V2B541_SALER,97.333,1.19e-107,4.097209214499102,14.48443365965544
increment,0.5,MGRRLLAAALAAGALLAIASARADCFDEAAAYQQVNPLILRAIAWQESHNRPDAVNRNANGSTDLGLMQINSIHLPRLRRYGISEQRLLQDPCLSVYVAAWILRQKMNRYGNTWAAVGAYHSETPALRDKYARQIAAILTRWKLLPPARSSS,tr|A0A6P2M4A9|A0A6P2M4A9_9BURK,76.667,6.25e-81,3.9253090057193503,13.502815347920953
increment,0.5,MAKVQFKKRESTEAIFVHCSATKPSQNVGVREIRQWHKEQGWLDVGYHFIIKRDGTVEEGRDEMAVGSHVKGYNSTSVGVCLVGGIDDKGKFEANFTPAQMQSLRSLLVTLLAKYEGAVLKAHHDVAPKACPSFDLKRWWEKNELVTSDWGS,tr|A0AAE7KCC5|A0AAE7KCC5_9CAUD,93.377,1.8e-106,4.151159053444742,16.40918242541306
increment,0.5,MGRRLLVAALAAAALLAAAPARADCFDEAARYQKVNPLILRAIAWQESHNRPDAVNRNANGSTDLGLMQINSIHLPRLKRMGISEKHLLQNPCLSVYVAAWILRQKMNRYGNTWQAVGAYHSETPSLRDKYARQIAAILTRWKLLPPARPGP,tr|A0A7U4P129|A0A7U4P129_9BURK,76.19,2.31e-80,3.982452008729666,12.677167641105225
increment,0.5,MARLLSVAAIALGAWFAAGNARADCFDEAAKYQKVNPLILRAIAWQESHNKPGALNKNTNGSTDYGLMQINSIHLPTLSRYGIGRDTLMEPCKNVYIAAWHLRQKMNKYGNTWQAVGAYHSETPSLRDKYARQIAAILTQWKLLPPERSASA,tr|A0AA41EA77|A0AA41EA77_9BURK,89.726,5.5100000000000005e-99,4.090387716218979,15.010061912802358
increment,0.5,MRRIAALLLLLLLSLPSAAADCFDEAGARYHIDPLLLRAIAWQESHLKPGAVNRNANGSTDLGLMQINSIHLPRLKRLGISEKQLLSDPCLSVIVGASILRDMMNRYGNTWEAVGAYHSETPSLRDKYARQIAGILTRWKLLASSPSSSSSS,tr|A0A103QW16|A0A103QW16_9BURK,63.514,8.799999999999999e-62,3.9331316967611465,11.88563904453881
increment,0.5,MNLRRLSIAALVAAAWLAIGSARADCFDEAGKYQKINPLILRAIAWQESHNKPDAVNRNADGSTDLGLMQINSFHLPRLKKMGISEKQLLQNPCLSVIVAASILRDKMNRYGNTWEAVGAYHSETPSLRDKYARQIAAILTKWKLLPAATSG,tr|A0A103QW16|A0A103QW16_9BURK,73.469,2.96e-76,4.047293490119495,13.479478074547194
increment,0.5,MARRLLAAALLLAALIAAGPARADCFDEAAAYQHVNPLILRAIAWQESHLRPDAVNRNANGSTDLGLMQINSIHLPRLKRMGISEKQLLQDPCLSVYVAAWILRQKMNRYGNTWQAVGAYHSETPALRDKYARQIAAILTRWKLLPAAARSP,tr|A0A119RS42|A0A119RS42_9BURK,75.51,3.9400000000000004e-79,3.9332673952953954,12.466529842814433
increment,0.5,MPKVQFKKRESTEAIFVHCSATKPSQNVGVREIRQWHKEQGWLDVGYHFIIKRDGTVEEGRDEMAVGSHVKGYNSTSVGVCLVGGIDDKGKFEANFTPAQMQSLRSLLVTLLAKYEGAVLKAHHDVAPKACPSFDLKRWWETNELVTSDWGS,tr|A0AAE9BPH7|A0AAE9BPH7_9CAUD,94.04,7.02e-106,4.164800917978132,16.585466367290703
increment,0.5,MPKVQFKKRESTEAIFVHCSATKPSQNVGVREIRQWHKEQGWLDVGYHFIIKRDGTVEEGRDEMAVGSHVKGYNHNSVGVCLVGGIDDKGKFEANFTPAQMQSLRSLLVTLLAKYEGAVLKAHHDVAPKACPSFDLKRWWETNELVTSDWGS,tr|A0AAE9BPH7|A0AAE9BPH7_9CAUD,95.364,1.22e-107,4.174219552696687,16.683551127885654
increment,0.5,MPKVQFKKRESTEAIFVHCSATKPSQNVGVREIRQWHKEQGWLDVGYHFIIKRDGTVEEGRDEMAVGSHVKGYNSTSVGVCLVGGIDDKGKFEANFTPAQMQSLRSLLVTLLAKYEGAVLKAHHDVAPKACPSFDLKRWWEKNELVTSDWGS,tr|A0AAE7KCC5|A0AAE7KCC5_9CAUD,92.715,1.18e-105,4.159217121745399,16.489240075663748
increment,0.5,MKLLAALLLLLLLFPGSARADCFDEAGRRYRINPLLLRAIAWQESRLNPSAVNRNANGSTDLGLMQINSFHLPRLKRMGISEKHLLSDPCLSVIVGASILRDMMDRYGNTWEAVGAYHSETPALRDKYAQQIAAILRQWKLLPSAARSSSSS,tr|A0A3E0CR29|A0A3E0CR29_9BURK,63.636,4.8e-64,3.9658841650965657,12.469535988256151
increment,1.0,MPKVQFKKRESTEAIFVHCSATKPSQNVGVREIRQWHKEQGWLDVGYHFIIKRDGTVEEGRDEMAVGSHVKDYNSTSVGVCLVGGIDDKGKFEANFTPAQMQSLRSLLVTLLAKYEGAVLKAHHDVAPKACPSFDLKRWWEKNELVTSDWGS,tr|A0AAE7VVL0|A0AAE7VVL0_9CAUD,92.715,1.09e-105,4.16288055144408,16.676401678584703
increment,1.0,MNRLRLIAVSAITAGAVLASSSARADCFDEAAGYQKVNPLILRAIAWQESRNRPDALNKNADGSIDYGLMQINSIHLPTLSQYGISRDTLMEPCKNVYIAAWHLRQKMARYGNTWTAVGAYHSETPSLRDKYSRQIAGILSKWKLLPAERSS,tr|A0A6P2M2A0|A0A6P2M2A0_9BURK,82.313,3.3299999999999997e-91,4.062555642345595,13.793258991544596
increment,1.0,MRGRVALFIALLASIAISGSARAFCFDEAGKRYHVNPLILRAIAEQESHLVPGAINKNSNGSVDIGLMQINSFHLPVLAQFGISEKHLLTNPCLSVYVAAWILREKMNKYGNTWRAIGAYHSETPSLRDVYASRIQSILRQWGLLSSAPSSS,tr|A0A7Z7B5E6|A0A7Z7B5E6_9BURK,63.889,3.88e-62,4.046190886788675,13.946523703703948
increment,1.0,MAKVQFKKRESTEAIFVHCSATKASQDIGVREIRQWHKEQGWLDVGYHFIIKRDGTVEEGRDENAVGSHVKGYNSTSIGVCLVGGIDDKGKFEANFTPAQMQSLRSLLVTLLAKYEGAVLKAHHDVAPKACPSFDLKRWWEKNELVTSDWGS,tr|A0AAE7KCC5|A0AAE7KCC5_9CAUD,91.391,2.28e-103,4.144321365298049,16.43457575659384
increment,1.0,MHYFFIIVIWLLSINTAWADCWLQAEKMFNIESELLYAIAQQESAMKPGAIGHNRDGSTDLGLMQINSFHMKRLKKMGISEKQLLQDPCISVIVGASILSDMMKIYGYSWEAVGAYNAGTSPKRSDIRKRYAKKIWENYRKLKGMSAEEKNK,tr|A0A8T9ILG6|A0A8T9ILG6_SALET,100.0,1.14e-112,4.113570747482219,14.636371434180685
increment,1.0,GLSASVAMAVAVLAFLAWFAMGSARADCFDEAARYQKVNPLILRAIAWQESHNTPDALNKNANGSTDYGLMQINSIHLPALSRYGISESTLMEPCKNVYIAAWHLRQKMDRYGNTWEAIGAYHSETPSLRDKYSRQIISILSQWNLLRAEKS,tr|A0A495YHU1|A0A495YHU1_9BURK,84.058,2.96e-87,4.103123678101594,17.26237692390005
increment,1.0,MAVKPSTIAAFVLTLFAVGSARADCFDEAAGYQKINPLILRAIAWQESRNKPTAVNKNANGSIDYGLMQINSIHLPTLSRFGISKSTLMEPCKNVYIAAWHLRQKMNKYGNTWKAVGAYHSETPSLRDKYAKQIASILSQWKLLRSEKGSSS,tr|A0AAP1G7P5|A0AAP1G7P5_9BURK,84.962,2.71e-86,4.106087037007167,14.908772125991913
increment,1.0,MKYWFFIIVMWLLSINTAWADCWLQAEKMFNIESELLYAIAQQESAMKPGAIGHNRDGSTDLGLMQINSFHMKRLKKMGISEKQLLQDPCISVIVGASILSDMMKIYGYSWEAVGAYNAGTSPKRSDIRKRYAKKIWENYRKLKGMSAEEKN,tr|A0A5V2B541|A0A5V2B541_SALER,98.0,6.77e-109,4.110052241309206,14.6433148820169
increment,1.0,MRFRACVAVVLLLLAGSPSAALADCFDEAGQRYQVDPLLLRAIAWQESNLNPRAVNRNSNGSRDLGLMQINSIHLPRLKKFGITEEHLLSNPCLSVYAGAWILSSMMAKYGDSWEAVGAYHSESPSKRIAYASRIVTLLESWNLLSSASSSS,tr|A0A1N6L719|A0A1N6L719_9BURK,56.338,2.68e-53,3.9787118566560378,13.40223408206024
increment,1.0,MKELRLKISLVEKGKLPKKLKSTLKMIKKLLLIILLSLSFVLFSSSSLSEELNCEEAKVQSEMNTCASRSYEKTDKKLNEVYQSLLKKLSSSQKKKLKEEQKAWISFRDSSCSFERSKYEGGSLEPMLYLTCLEELTEKRTKELESYLKLSE,tr|A0A926VGF2|A0A926VGF2_9CYAN,47.015,5.480000000000001e-43,3.591458017317508,11.726751891920426
increment,1.0,MGKWLLIAALAASALFAMASAHADCFDEAAAYQQVNPLILRAIAWQESRNTPDALNRNNDGSTDMGLMQINSIHLPTLSRMGISRDSLLEPCKNVYIAAWHLRQKMNRYGNTWEAVGAYHSETPSLRDKYARQISGILRRWKLLQPESSSSR,tr|A0AAP1G7P5|A0AAP1G7P5_9BURK,81.56,1.08e-84,4.068426086181431,15.6197708747025
increment,1.0,KSLKEYNISDKSLKSSLVIFLLLISSATILLSSSSLSSSEFSKNGELAEKLSCKKPKTQLEMRKCSKKSFEKSDKKLNETYRLLLSKLSSERKKKLIEEQKKWISFRDSSCEFSSSKFEGGSIESLIYLSCLEELTEKRIKELEKYLDSQKL,tr|A0A1V4BLP7|A0A1V4BLP7_MICAE,44.203,5.5499999999999996e-40,3.45003349738942,12.617432672075411
increment,1.0,MAELVASPQRKAFLDMLAWSEGTDNGRQKTRNHGYDVIVGGELFTDYSDHPRKLVTLNKLGIKSTAAGRYQLLSRWWDAYRKQLGLPDFSPKSQDAVALQQIKERGALPMIDRGDIEQAIDRCSNIWASLPGAGYGQFEHKTGSLVSAFKEA,tr|A0A8E0FL64|A0A8E0FL64_ECOLX,91.096,3.4900000000000003e-97,4.115385282043595,16.327618661453673
increment,1.0,KNIFLRLAVALGASLFATSAHADCFDEAAAAYHVNPLILRSIAWQESSLKPDAVNLNSDGSRDLGLMQINSFHLARLKKFGISEERLLSDPCISVYVAASILSEKMSKYGNTWEAVGAYHSETPSLRDKYSNRIQRILSRWKLLKNSSLSSS,tr|A0A158J542|A0A158J542_9BURK,65.986,1.07e-63,3.975810456864104,14.013707310957855
increment,1.0,MGLRLTAAAVLLAALIATGSARADCFDEAGKYQKINPLILRAIAQQESSLKPGAVNKNSDGSHDLGLMQINSFHLKKLKKYGISEKQLLQDPCLSVIVAAWILRDNMAKYGNTWEAVGAYHSETPSLRDKYAKKIAAILTKWKLLPSSSSSE,tr|A0A103QW16|A0A103QW16_9BURK,66.667,6.639999999999999e-67,3.9957819741563294,13.224454825153758
increment,1.0,MLFVFTAAAGLVFAVGSASADCFDEAAGYQHVNPLILRAIAWQESRNNPDAVNRNANGSIDFGLMQINSVHLPTLSQFGISKDTLMEPCKSVYIAAWHLRQKMARYGNTWKAVGAYHSETPSLRDKYSKQIASILSKWKLLKPEGASSSSPS,tr|A0AAP1G7P5|A0AAP1G7P5_9BURK,81.022,5.530000000000001e-85,4.119946296086961,15.494118825380529
increment,1.0,MNAPFLAIALLVALALFAAASARADCFEEAAAYQKVNPLILRAIAWQESRNRPDALNKNTDGSTDYGLMQINSIHLPILSRYGISRGTLMEPCKNVYIAAWHLRQKMNKYGNTWQAVGAYHSETPSLRDKYARAIASILTRWKLLPPEKGSA,tr|A0A106N9F0|A0A106N9F0_9BURK,83.221,1.9899999999999998e-91,4.058685993385518,16.181631399208825
increment,1.0,KTELKLSPQRKAFLDMLAWSEGTDNGRQPTRNHGYDVIVGGELFTDYSDHPRKLVTLNKLGIKSTAAGRYQLLSRWWDAYRKQLGLKDFSPESQDAVALQQIKERGALPMIDEGRIEQAIDRCSNIWASLPGAGYGQFEHKPGSLVKKFKEA,tr|A0AAF0HJ95|A0AAF0HJ95_ECOLX,89.189,1.04e-96,4.106208559729872,16.77664645256673
increment,1.0,MRRTLSVAFVALGALFAVGSARADCFDEAAGYQKVNPLILRAIAWQESRNQPDALNRNADGSIDYGLMQINSIHLPTLSRYGISRSTLMEPCKNVYIAAWHLRQKMNRYGNTWEAVGAYHSETPSLRDKYARQIASILTQWQLLPPEPSSPS,tr|A0A106N9F0|A0A106N9F0_9BURK,84.932,2.05e-93,4.114746346472867,14.01855682588758
increment,1.0,MTSFGGFALFTALFCSGSALADCFDEAAQYYNINPLLLRAIAWQESRLNPSAVGLNSNGSRDLGLMQINSSHLPRLKKFGISEEHLLSNPCLSVFVAASILSEMMNKFGNTWEAVGAYHSETPSLRDRYALEIQAILEKNKLLRSSTLSSSS,tr|A0AAD0J6R6|A0AAD0J6R6_9BURK,60.563,1.13e-57,3.993072602486691,14.398775437749022
increment,1.0,MRRISLTAAILALVLFAPGSARAFCFDEAGRYYKINPLILRAIAEQESSLKPTAVGRNADGSRDLGLMQINSVHLPRLRRFGISESQLLSDPCLSVYVGAWILAEMLQRYGNTWEAVGAYHSETPSKRDRYIASIASILEKLGLLRAEPRSS,tr|A0A1A9NDD6|A0A1A9NDD6_9BURK,58.219,3.14e-58,3.978595361704383,13.045292876517136
increment,1.0,MARFLSVGLAALAALFAIGSARADCFDEAAKYQKVNPLILRAIAWQESHNQPGAVNKNANGSIDLGLMQINSIHLPTLSQYGIGKSTLMEPCKNVYIAAWHLRQKMNKYGNTWAAVGAYHSETPSLRDKYARQIAAILSRWKLLPPTQSSQS,tr|A0AAQ1YVT4|A0AAQ1YVT4_BURCE,82.192,1.45e-90,4.074659715346072,14.570318081633651
increment,1.0,MKRFVGVLAVSAALLFSGSALADCFEEAGSFYRINPLLLYAIAWQESHLDPAAVNRNSDGSRDLGLMQINSSHLPRLRSFGISEDQLLSNPCLSVYIAASILAELMSKFGATWAAVGAYHSESPSLRDEYASRIARILSQWQLLEGASSSSS,tr|A0A2N7VP74|A0A2N7VP74_9BURK,60.403,3.16e-60,3.8856588821037854,13.927215618696057
increment,1.0,MPKVQFKKRESTEAIFVHCSATKPSQNVGVREIRQWHKEQGWLDVGYHFIIKRDGTVEEGRDEMAVGSHVKGWNSNSVGVCLVGGIDDKGKFEANFTPAQMQSLRSLLVTLLAKYEGAVLKAHHDVAPKACPSFDLKRWWETNELVTSDWGS,tr|A0AAE9BPH7|A0AAE9BPH7_9CAUD,94.702,9.13e-106,4.162127418263878,16.617779173290895
increment,1.0,MILSLPLALLILTVAFFSLSASADCFDEAGKLYQINPLILRAIAFHESHLTPHAVNKNSDGSYDLGLMQINSFHLPLLKRLGISEKDLLRDPCISVYVGAWILAKKMARFGNTWEAVGAYHSASPSVRDQYASSIRSILLRWKLLSSSQSSS,tr|A0A6P2M4A9|A0A6P2M4A9_9BURK,59.441,1.59e-59,3.977976532345816,13.978033510302264
increment,1.0,MIANLLVILLLSCAFIFSGSARADCFDEAGSFQRINPLLLRAIAEVESNLNPAAVNHNRNGSFDLGLMQINSFHLPTLKKFGLSEKLLLQEPCLSVYVAAWILARKMSKYGNTWEAVGAYHSENPSLRDKYAKKIASILRQLKLLKTSSSSS,tr|A0A0H3HKQ5|A0A0H3HKQ5_BURP2,58.784,9.89e-63,3.992595011739454,14.75144343965062
increment,1.0,MKYWFFIIVMWLLSINTAWADCWLQAEKMFNIESELLYAIAQQESAMKPGAIGHNRDGSTDLGLMQINSFHMKRLKKMGISEKQLLQDPCISVIVGASILSDMMKIYGYSWEAVGAYNAGTSPKRSDIRKRYAKKIWENYRKLKGMSAEEKN,tr|A0A5V2B541|A0A5V2B541_SALER,98.0,6.77e-109,4.110052241309206,14.6433148820169
increment,1.0,MNRRALSVAAIAAGACFAVGSAHADCFDEAAKYQKVNPLILRAIAWQESHNRAGALNKNANGSTDYGLMQINSIHLPTLSQMGISQHTLMEPCKNVYIAAWHLRQKMNKYGNTWKAVGAYHSENPSLRDKYARQIASILSSWKLLPAEQSSR,tr|A0A6P2R052|A0A6P2R052_BURL3,81.879,2.95e-91,4.084927464275898,14.267150767205957
increment,1.0,MSRLIIGGMLVFALLFAAGSARADCFDEAARYQKVNPLILRAIAWQESHNTPTALNKNTNGSVDYGLMQINSIHLPTLSKYGISQSTLMEPCKNVYIAAWHLRQKMNRYGNTWKAVGAYHSETPSLRDKYARQIASILSKWKLLPPTPSSST,tr|A0A495YHU1|A0A495YHU1_9BURK,86.331,3.22e-90,4.125914073761275,14.271130826566065
increment,1.0,MKKFSAILAAMLLAAGSARADCFDEAASYQQVNPLILRAIAWQESHNRPAALNQNANGSVDIGLMQINSIHLPVLSRFGISRSTLMEPCKSVYIAAWHLRQKMDKYGNTWRAVGAYHSETPSLRDAYARQIQAILTRWGLLPSEPSSSSSSS,tr|A0AA41EA77|A0AA41EA77_9BURK,81.884,2.43e-83,4.043412169233255,12.840461768239797
increment,1.0,MPVKLCAFLLLVMFSSSARAFCWEEAASRFQVDPLLLYAIAEVESGLNPAAVGRNSNGSRDIGLMQINSSHLPRLSRLGVSEERLLSEPCLSVVVGSSILSECMARFGNTWEAVGAYNSGSPEKRLVYISRVYSRLESLRLSSSSSSSSSSS,tr|A0A2K4MU56|A0A2K4MU56_9NEIS,57.037,6.539999999999999e-54,3.772143857527616,11.524704692833588
increment,1.0,PLAKLRVALLRVERILEELLGEERELENLEDELEVEMEIFLETLIEEELLEKELENTLESLVEEEEKLLELFLEELLEFLSDLEQVLEETELLELSLLLIERLREDLSEAELEKEFEQKLKEEPTLEKLLELRLLKELIERLEIELERLGRL,tr|A0A3M5WLW3|A0A3M5WLW3_PSEAP,22.772,0.87,2.8924345540853063,7.969055668794826
increment,1.0,EMPKVQFTKRASTEAIFVHCSATKPSMNVGVREIRQWHKEQGWLDVGYHFIIKRDGTVEAGRDEMAIGSHVKGHNSTSVGVCLVGGIDDKGKFDANFTPAQMQSLRSLLVTLLAKYEGAVLKAHHDVAPKACPSFDLKRWWEKNELVTSDRG,tr|A0A2Z5HC51|A0A2Z5HC51_9CAUD,91.391,1.18e-104,4.164530365897981,17.19426030132865
increment,1.0,MVVRRLAAISLALAAFASGSARADCFDEAAQFYRINPLLLRAIAWQESNLIPQAVNRNRNGSRDLGLMQINSSHLPRLKRFGISEQHLLSDPCLSVIAAAWLLAQLMRRFGNSWRAVGAYHSETPSLRLRYARSIEKILRQWRLLPESSRRS,tr|A0A6P2M4A9|A0A6P2M4A9_9BURK,63.448,1.14e-61,3.877420604911329,14.526878851210167
increment,1.0,MAELALNPQRKAFLDMLAWSEGTDNGRQPTRNHGYDVIVGGELFTDYSDHPRKLVTLNKLGIESTAAGRYQLLSRWWDAYRKQLGLKDFSPESQDAVALQQIKERGALPMIDAGDIEQAIDRCSNIWASLPGAGYGQFEHKAGSLVSKFREA,tr|A0A7Z1J094|A0A7Z1J094_SHIFL,91.156,1.43e-98,4.105998793228014,16.174670518388893
increment,1.0,MRVIILILFLLELFPSSALAFCWEQAGERFSISPLLLYAIAEVESGMNPEAVNLNSDGSRDIGLMQINSSHLPKLSKFGITEEQLLSDPCLSVFVGASILSECISKFGYTWEAVGAYNSQSEEKRDRYISKVVSELESLSSSSLSSLSSSSE,tr|A0A2S3VQ78|A0A2S3VQ78_9PSED,56.643,1.12e-52,3.851666744659337,11.846336084963005
increment,1.0,MSKFLSWLAALLLALILIGSARADCFDEAGAMQQINPLILRAIAWQESHLKPSAVNHNADGSTDLGLMQINSFHLPLLKSMGISEKHLLSDPCISVFIAAWILRDKMNKYGNTWEAVGAYHSETPSLRDKYASKIASILTQARLLPPEQSGQ,tr|A0A103QW16|A0A103QW16_9BURK,71.538,2.01e-66,4.034122280258473,14.387351999594747
increment,1.0,MRFLLTFLVGLVSFPSSALAGCWEEAGERFEVNPLLLYAIAEVESGLNPDAVNVNSDGSRDLGLMQINSSHLPRLSALGISEERLLSDPCLSVFVGASILSSHLREFGNTWEAVGAYNSGSSSKRLAYIEKVYSSLPSLSSSSSASSSQSSR,tr|A0A2S3VQ78|A0A2S3VQ78_9PSED,58.955,2.54e-49,3.782568979791859,12.144040692833666
increment,1.0,MRRFLALALLVCLSFAPPSARADCFDEAGKLFSIDPLILRAIAWQESAMNPNAVGKNSDGSRDIGLMQINSFHLPELSKMGISEERLLSEPCLSVYVGASILREKMKRLGNSWEAVGAYHSETPSLRDTYASQIYKILSSLKLLPSSSSSSS,tr|A0A228J569|A0A228J569_9BURK,60.69,2.32e-60,3.956245862579933,12.6268029837187
increment,1.0,MRSRHSLSVVAVTIGGWFAVGSARADCFDEAAKYQQVNPLILRAIAWQESHNKPGALNKNTNGSTDLGLMQINSIHLPTLSRYGIGRATLMEPCKSVYIAAWHLRQKMNKYGNTWQAVGAYHSETPSLRDTYARQIAGILSKWRLLPVETSA,tr|A0A0J5WWI9|A0A0J5WWI9_BURCE,83.448,1.74e-91,4.1401730880060015,16.327917181913648
increment,1.0,MSSGRLLLAVVAVAALLFAVGPARADCFDEAASYQKVNPLILRAIAWQESRNNPNALNKNANGSVDFGLMQINSIHLPTLSSYGIGRDTLMEPCKNVYIAAWHLRQKMNRYGNTWQAVGAYHSETPSLRDKYARQIQAILSQWKLLPPARSS,tr|A0AAP1G7P5|A0AAP1G7P5_9BURK,87.943,1.45e-90,4.0805384293900415,14.95801076508937
increment,1.0,GTSRGEGKKVQFKPRETTEAIFVHCSATKPSQNVGVREIRQWHKEQGWLDVGYHFIIKRDGTVEEGRDEMAVGSHVKGHNHTSVGVCLVGGIDDKGKFEANFTPAQMQSLRSLLVTLLGKYEGSVLRAHHDVAPKACPSFDLKRWWEKNELV,tr|A0AAV1MJE3|A0AAV1MJE3_9CAUD,94.444,1.28e-102,4.12521857155184,16.796682266804126
increment,1.0,MPKVQFKKRESTEAIFVHCSATKPSQDIGVREIRQWHKEQGWLDIGYHFIIKRDGTVEEGRPEMAVGSHVKDYNSNSVGVCLVGGIDDKGKFEANFTPAQMQSLRSLLVELLSKYEGAVLRAHHDVAPKACPSFDLKRWAETGELVTSDWGQ,tr|A0AAE7VVL0|A0AAE7VVL0_9CAUD,88.079,7.58e-100,4.171389445420673,16.191854504763697
increment,1.0,TKGLVSIAGFVLFSSGSAFAFCFEEAAQMFRIDPLLLYAIAEVESALKPGAIGRNRNGSRDLGLMQINSFHLKTLKKLGISEKQLLEDPCLSVITGASILSDKMARFGYTWEAVGAYHSETPSLRNKYIKKIRSILERWKLLESLPSSSSSS,tr|A0A379QZ98|A0A379QZ98_SALER,59.028,6.08e-54,3.981465902236499,14.40401156817128
increment,1.0,MFRRLLLLVALLTCFSSPSAQADCFDEAAKRYQVNPLILRAIAETESHLKPDAVNRNRDGSYDLGLMQINSFHLSRLKRFGISEEHLLSEPCISVIVGAWILRKLMNKYGDTWEAVGAYHSVTPSLRDAYATRIYSILSRRKLLRVSSSSGS,tr|A0A158J542|A0A158J542_9BURK,62.59,7.52e-58,4.040266153788949,13.33046689580636
increment,1.0,MARALSVFAAALVAVFAAGSARADCFDEAASYQKVNPLILRAIAWQESRNRPAALNKNANGSVDYGLMQINSIHLPTLSKYGISESTLMEPCKNVYIAAWHLRQKMNKYGNTWAAVGAYHSETPSLRDKYSKQIYAILRRWRLLPPETSSPS,tr|A0A1H7D1E9|A0A1H7D1E9_9BURK,81.119,2.61e-89,4.069658110743864,14.395962341459184
increment,1.0,MPKVQFKKRETTEAIFVHCSATKPSQNVGVEEIRQWHKEQGWLDVGYHFIIKRDGTIEEGRDEMAVGSHVKGYNSTSVGVCLVGGIDDKGKFEANFTPAQMQSLRSLLVTLLAKYEGAVLKAHHDVAPKACPSFDLKRWWETNELVTSDWGS,tr|A0AAE9BPH7|A0AAE9BPH7_9CAUD,92.053,2.1799999999999997e-104,4.1705989744585255,16.337624449742062
increment,1.0,MLALSRLISALALLLFLIGVARADCFDEAGSRYHINPLILRAIAWQESRLQPNAINRNSDGSLDLGLMQINSFHLPRLRRLGISEQKLLSEPCLSVFVGAWILREKMARFGNTWEAVGAYHSQTPSLRDQYASRIMQILRRWKLLPSSSSSS,tr|A0A2N7VP74|A0A2N7VP74_9BURK,61.111,1.1999999999999999e-61,3.9424547761377378,13.554723731126414
increment,1.0,KLEKTLIFELKRKLLLSLLLFSFFLLPLVLLTSHTTESEELNCEEAETMLELVECSIAEFEESDTELNESYEEILEKLKKSLEELEKSLDSSEELLIKSQKSWIEFRDSKCSFEYSQFEEGTIGLILFATCLAELSEKRTKELENYLSSEEL,tr|A0A9Q5Z6Y4|A0A9Q5Z6Y4_NOSLI,32.168,2.75e-25,3.4781181087125983,12.435761364726496
increment,1.0,MGRALSILLIAFGMLFAIGNARADCFDEAARYQKINPLILRAIAWQESHNRPGALNKNTNGSVDYGLMQINSIHLPVLSQYGISRDTLMEPCKNVYIAAWHLRRKMNKYGNTWEAVGAYHSETPSLRDKYARQIAAILSQWKLLPPEGSLSS,tr|A0AAP1G7P5|A0AAP1G7P5_9BURK,88.276,1.7699999999999998e-94,4.112277176013712,14.794791612289089
increment,1.0,MRFVSVLLAGLLIFSPSAHADCFDEAAKYQHVNPLILRAIAWQESHNRPDALNKNSNGSTDLGLMQINSIHLPRLKRFGISKSTLLEPCKNVYIAAWHLRQKMDKYGNTWKAVGAYHSETPSLRDKYARQIARILSNWKLLRAELSPSSSSS,tr|A0A132CEI9|A0A132CEI9_9BURK,74.675,1.84e-82,4.081847891690157,14.64601715799994
increment,1.0,MKSWAIMICLMLLKMGEARADCWLMAEKMFNINPELLYAIAQQESAMKPGAVNKNADGSTDLGLMQINSFHLKRLKKMGISEKRLLQDPCISVIVAASILSDMMKIYGNSWEAVGAYHSETSSKRDKYMSQIYAILTRWKLLKLKESSENGK,tr|A0A7Z1PUY7|A0A7Z1PUY7_SALET,77.236,2.8e-65,4.035977088686943,15.573582316844734
increment,1.0,MKLFASAAVAVLLFSSSARADCFDEAGAYQQVNPLILRAIAWQESHNNPGALHKNSNGSTDYGLMQINSIHLPVLSQYGISKETLMEPCKNVYIAAWHLRQKMTKYGNTWEAVGAYHSETPSLRDKYAKQIVSILRKWKLLQAAGSSSSSSS,tr|A0A4P8IVS4|A0A4P8IVS4_9BURK,82.27,1.07e-85,4.081308795550464,13.538106198783025
increment,1.0,MNRRFLSVAIIAAGAWFAIGSAHADCFDEAARYQKVNPLILRAIAWQESHNKPDALNKNANGSTDYGLMQINSIHLPTLSRYGISRGTLMEPCKNVYIAAWHLRQKMNKYGNTWKAVGAYHSETPSLRDKYARQIAGILAKWKLLPAERSSP,tr|A0A3N8GFF0|A0A3N8GFF0_9BURK,87.248,5.28e-98,4.114014717776473,14.938558475757114
increment,1.0,MARRATAAAITLIGLFAAGPARADCFDEAAKYQKVNPLILRAIAWQESHNRPDAIHKNADGSVDYGLMQINSVHLPTLSRFGISESTLMEPCKNVYLAAWILRQKMNKYGNTWRAVGAYHSESPSLRDKYANQIAGILVRWKLLPAETGSSS,tr|A0AAJ0Q0H4|A0AAJ0Q0H4_9BURK,75.839,8.73e-85,4.11001442863538,13.861655310827445
increment,1.0,MRLRRLSAAAITLGAWFAIGSARADCFDEAAKYQKVNPLILRAIAWQESRNRPGALNKNTDGSTDYGLMQINSIHLPTLSQYGISQGTLMEPCKNVYIAAWHLRQKMNKYGNTWKAVGAYHSETPSLRDKYARQIAGILSQWKLLPLEQPSS,tr|A0AAP1G7P5|A0AAP1G7P5_9BURK,85.235,2.24e-93,4.102612758851183,15.364682903919372
increment,1.0,MNLRPLSIAAIAIGLLFAAGSARADCFDEAAKYQQVNPLILRAIAWQESHNRPDAVNKNANGSTDLGLMQINSIHLPTLSKYGISKDTLMEPCKNVYIAAWHLRQKMNRYGNTWRAVGAYHSETPSLRDAYAQQIASILRQWKLLPAENSTT,tr|A0A6P2M4A9|A0A6P2M4A9_9BURK,84.247,1.33e-90,4.088951443660235,14.456052569540626
increment,1.0,MKLMTAAAAVFLSILSLPSAHADCFDEAGSRYSVNPLILRAIAYQESRLKPEARNKNNDGSVDLGLMQINSFHLPKLKKLGISEKQLLTDPCLSVYVAASILRSKMNKFGNTWEAVGAYHSETPALRDSYVLSIQTVLSKFKLLSSKPSSSS,tr|A0A107EFJ0|A0A107EFJ0_9BURK,58.108,2.38e-58,3.9943325612255096,13.283215530697628
increment,1.0,MASRLSALALALGVWFAVGSARADCFDEAAAYQQVNPLILRAIAWQESHNRPEALNRNTNGSTDYGLMQINSIHLPTLSQYGIGRDTLMEPCKNVYIAAWHLRQKMNRYGNTWKAVGAYHSETPSLRDTYAKQIIAILRQWKLLRPEKSSAS,tr|A0AA41EA77|A0AA41EA77_9BURK,84.564,3.96e-92,4.108245111585226,15.354262330150172
increment,1.0,KAEKLPENIGRTITLLAVLRLLLLKNSSTLLFGFSLLSLLFSSSTSLTQKIDCEEAKTQAEMNLCSGLSFEKSDEKLNETYKELLSKLSESSKKKLQEEQKSWIAFRDSSCLFERTKFEGGTIEPLIYSQCLEELTKKRIKELESYLQSSET,tr|A0A8J6VI49|A0A8J6VI49_9CYAN,46.377,2.09e-40,3.670006120203996,13.464391681860011
increment,1.0,MRTLLIPGLAALALLFSSGSAFADCFDEAAQYQRVNPLILRAIAEQESGNKPSAINKNSNGSIDLGLMQINSFHLPRLAKLGISEAKLLSDPCLSIIVGASILREKMARFGNTWEAVGAYHSETPSLRDAYAQRIAAKLSKWKLLPSSSLSS,tr|A0A1H0YRT5|A0A1H0YRT5_9BURK,60.811,1.89e-64,3.9296997698996377,13.631764076125648
increment,1.0,MKVTLFAAGLALGFVFGPSLARADCFDEAGQYQHINPLILRAIAWQESHLDPNAVNRNANGSRDLGLMQINSFHLPTLKRLGISEDKLLSDPCISVYVAAWILRQKMKKYGNSWEAVGAYHSETPSLRDKYAQRIISILRGWRLLPESSSSS,tr|A0A0H3HKQ5|A0A0H3HKQ5_BURP2,64.667,4.3899999999999997e-69,4.097689728443775,13.828404157271294
increment,1.0,MKYWFFIIVMWLLSINTAWADCWLQAERMFNIESELLYAIAQQESAMKPGAIGHNRDGSTDLGLMQINSFHMKRLKKMGISEKQLLQDPCISVIVGASILSDMMKIYGYSWEAVGAYNAGTSPKRSDIRKRYAKKIWENYRKLKGMSAEEKN,tr|A0A8T9ILG6|A0A8T9ILG6_SALET,97.333,1.6499999999999999e-108,4.117675139830554,14.82155299978542
increment,1.0,MPKVQFKKRESTEAIFVHCSATKASQNVGVREIRQWHKEQGWLDVGYHFIIKRDGTVEEGRDELAVGSHVKGYNSTSIGVCLVGGVDDKGKFEANFTPAQMQSLRSLLTELLAKYEGAVLKAHHDVAPKACPSFDLKRWWEKGELVTSDRGG,tr|A0A481S247|A0A481S247_9CAUD,90.066,1e-102,4.118909514972533,15.766588451056958
increment,1.0,MARILASLLIVLSLVAFSGSASADCFEEAAALYGVNPLLLRAIAWQESHLSPAAVHQNSDGSRDLGLMQINSSHLPQLARFGISEEQLLSQPCLSVYVAAWILSEMLNRYGNTWTAVGAYHSETPSLRDEYTSSIKKILSRWGLLPSSRSST,tr|A0A7Z7B5E6|A0A7Z7B5E6_9BURK,58.784,2.79e-62,3.941495775295103,12.848692490011176
increment,1.0,MKQAYKLLLFVAVIFFSSSAPADCFDEAGQLYHINPLLLYAIAWQESGLNPSAVNRNSDGSVDLGLMQINSSHLGRLERFGISEEMLLSDPCLSVITGAWILSEKISRFGNSWEAVGAYHSETPSLRDKYVLRIQRTLSSFGLLPEALSSSS,tr|A0A1B4TT72|A0A1B4TT72_9BURK,53.741,7.609999999999999e-54,4.003391257413724,13.48714057091442
increment,1.0,MRFPVIALLAIVFFLSTSRAFCWEEAGQRFAIDPLLLYSIAEVESGLNPAAVNLNSDGSRDLGLMQINSSHLPNLSQLGISEEHLLSEPCLSVLAGASILSELIQEFGFSWEAVGAYNAGSPSKRLNYIEKVFKRLENLRDSLASSSSSSSS,tr|A0A2T5NQZ8|A0A2T5NQZ8_9NEIS,54.93,6.81e-53,3.85347326658923,13.409081897895698
increment,1.0,MNLRLALIAAVALCSALLPGSAWADCFEEAGRYQHINPLILRAIAQQESSLKPKAVNENKDGSVDLGLMQINSFHLPRLKQFGISERQLLSDPCLSVLVAASILAEKMEKLGNTWKAVGAYHSETPSLRDVYTRKIAEILSSWKLLPSSSSS,tr|A0AAP9ZTU0|A0AAP9ZTU0_9BURK,60.811,1.0699999999999999e-60,3.9956463825173647,14.549550834221462
increment,1.0,MALPSLAAVGLALLSGSALAFCWEEASQRFQVDPLLLFAIAEVESNMNPAAVNLNSDGSRDIGLMQINSSHLPTLARLGITEERLLSEPCLSVLVGASILAELIGRFGYSWKAVGAYNSGSPEKRLAYISRVYSRLEQLRRELSSSSRSSPS,tr|A0AAE2JMZ4|A0AAE2JMZ4_ENTCL,51.389,8.98e-53,3.8320435409947313,13.329659874129632
increment,1.0,MLRWFFAGSILLAGVFFSGSAQAFCFEEAGQQYQINPLLLYAIAEVESSLKPGAVNRNSDGSFDLGLMQINSSHLPRLAQFGISEKELLSNPCLSVYVAAWILRQKMNKLGNTWEAVGAYNSETPSLRDEYALRIMEILQRFKLLSPSSSST,tr|A0A1N7SQK8|A0A1N7SQK8_9BURK,57.746,5.24e-56,4.015196445208468,13.980395657352302
increment,1.0,LNELLELASLPLVKESELILEELILLRELETLREALEELEELELLEEYELDLAEGLLAELEEHGLELSRTEALELSELTELELLEELFEEALESLNEELLLEETLLAEEELSEELELALLLIKNEELELEELEAELEELLEETLLYLNEELK,-,0.0,10.0,2.525144806299194,6.487304863813187
increment,1.0,MKSLVATAFVLLLAALFSGSAQADCFDEAGKRAQVNPLILRAIAWQESHLRPSAMHKNSNGSVDLGLMQINSFHLPALKKFGISEEHLLSNPCLSVYVAAWILRSKMNKYGNTWEAVGAYHSETPSLRDAYASRIASILQQWNLLKSSRSSS,tr|A0A1N6L719|A0A1N6L719_9BURK,64.43,2.81e-70,4.020314702369441,14.074661461037165
increment,1.0,ARSPRRSAPLLAFAGALAGSARADCFDEAGSLYGINPLILRAIAWQESGNNPGAINRNNDGSYDLGLMQINSFHLPRLKRLGVSESQLLTDPCLSVAVGASILSEMMDKYGNTWEAVGAYHSETPSKRDRYALRIQAILSQWGLLPEESSLT,tr|A0A1B4PMR8|A0A1B4PMR8_BURCE,59.722,2.09e-56,3.991125804379508,14.48708125627557
increment,1.0,MSKVQFKKRETTEAIFVHCSATKPSQNIGVREIRQWHKEQGWLDVGYHFIIKRDGTVEEGRDEMAVGSHVKGYNSTSVGVCLVGGIDDKGKFEANFTPAQMQSLRSLLVTLLAKYEGAVLKAHHDVAPKACPSFDLKRWWETNELVTSDRGS,tr|A0AAE9BPH7|A0AAE9BPH7_9CAUD,93.377,2.5e-107,4.163101548805286,16.457815494201274
increment,1.0,MRFALLIILLALFAAGSASADCFDEAGKYQKINPLILRAIAWQESNGRPDAINKNTNGSVDLGLMQINSIHLPTLARYGISKATLFEPCKNVYIAAWHLRQKMNRYGNTWSAVGAYHSETPSLRDAYALKISSILSGWKLLKASQASSPSST,tr|A0A3N8ESZ7|A0A3N8ESZ7_9BURK,76.027,1.2199999999999999e-81,4.0291356832112895,15.19838693911806
increment,1.0,LELRVVALLEALSLSLLSFIFLFEQRLLFLEKEISEEELSLEDEADSLEQLEKIFEELLEEIEEVLESLEEELKSLEEKFELERLEEYVSLLEEEERELKNFLEEKTLEEELLNEEDDLEVLENLEETLKLDRRLLKELEEELEQLELLLER,tr|A0A4R9I7K9|A0A4R9I7K9_9LEPT,22.819,0.38,2.8477635592479364,7.478703450912433
increment,1.0,MPYVFAVACAALIAAGSARADCFDEAANYQHVNPLILRAIAWQESRNNPNALHKNTDGSVDYGLMQINSIHLPTLSQYGISKGTLFEPCKNVYIAAWHLRQKMNKYGNTWKAVGAYHSETPSLRDTYAKQIAAILSKWKLLTAEPSLPSSAS,tr|A0AAN1MK27|A0AAN1MK27_9BURK,79.167,1.0699999999999999e-84,4.110954782185726,15.559707560761712
increment,1.0,MARLLLTILLACAALFAVGSARADCFDEAAKYQKVNPLILRAIAWQESRLTPGALNKNTDGSTDYGLMQINSIHLPRLRQFGISKATLMEPCKNVYIAAWHLRQKMNKYGNTWEAVGAYHSETPSLRDKYAKQIAGILSRWKLLPSEKPLSG,tr|A0A228I0V5|A0A228I0V5_9BURK,78.231,2.29e-85,4.0941888963178,14.663787047504243
increment,1.0,MRRLLSALLAAAFAVFASGSAHADCFDEAAAYQKINPLILRAIAWQESHNQPGALHKNSDGSTDYGLMQINSIHLPTLSRFGISKDTLMEPCKNVYIAAWHLRQKMNKYGNTWKAVGAYHSETPSLRDKYSKQIATILTKWNLLPPEKSSSS,tr|A0A6P2R052|A0A6P2R052_BURL3,78.231,1.53e-88,4.102127829661587,13.595198982380149
increment,1.0,MSLFIAALVLLLGFSLSALATCFDEAASLFSINPLLLQAIAWQESRLNPSAVNQNKDGSVDLGLMQINSSHLPRLKSLGITEKNLLEDPCLSIIVGASILSEKIHRFGNTWEAVGAYNSETPSLRDRYIRRIFSILVSLKLLSSSVQDSSSK,tr|A0AAN0RUH0|A0AAN0RUH0_9BURK,59.375,7.63e-51,3.901584247089959,15.221278684706084
increment,1.0,MRIISAGSSLALLLVFSSSAAADCFEEAGKFFSINPLLLQAIAWQESSLDPSAVHVNADGSRDLGLMQINSSHLPRLEKFGISEQRLLSEPCLSVYIGAWILSQMMKRYGNTWEAVGAYHSESPSLRDKYAQRIARILSQWRLLPSSSSSPS,tr|A0A6P2M4A9|A0A6P2M4A9_9BURK,60.839,1.3200000000000001e-59,3.93174812405922,13.787838916835955
increment,1.0,MNWSVGFLLIMLLAFSSSAYAFCFDEAAEFFGIDPLLLYAIAEVESDLNPSAVNLNSDGSRDLGLMQINSSHLPLLAKFGISEEHLLSEPCLSVFVGAWILSQKMERFGYTWEAVGAYNSETPSKRLQYVSRILEELEELQLLSESASSSSS,tr|A0A7Y7WV55|A0A7Y7WV55_9PSED,52.667,3.99e-49,3.902743035428263,13.298438167732932
increment,1.0,MSKRFLAIALFAFSAAGSGSAHADCFEEAGKMQRVNPLILRAIAFQESHFRPGAVGKNSNGSRDLGLMQINSFHLPRLKQLGISEEHLLSDPCLSVIVAASILREKMNKYGNTWEAVGAYHSETPSLRDKYSRQIKTILERWRLLPSPSSAS,tr|A0A7U4P129|A0A7U4P129_9BURK,64.238,1.49e-67,4.052660341224505,13.7939587550717
increment,1.0,MIVLKLAIFLLLLLPSSSYAFCFEEAGTRFAIDPLLLFAIAEQESGLNPKAINLNSDGSRDLGLMQINSSHLPRLARFGISEEQLLSDPCLSIFAGAWILSECLERHGYTWEAVGCYHSGSSEKRLAYINSIFSRLEKLRQELSEKLSSSPS,tr|A0A119HDY8|A0A119HDY8_9BURK,52.857,1.68e-49,3.895880073315085,12.282405380433234
increment,1.0,MSKGRRLSVALFLAGALFAAGSARADCFDEAAKYQKVNPLILRAIAWQESHNRPGALNKNTNGSTDYGLMQINSIHLPTLSRYGISRDTLMEPCKNVYIAAWHLRQKMNRYGNTWQAVGAYHSETPSLRDKYARQIADILSKWKLLPLEASS,tr|A0A3N8R334|A0A3N8R334_9BURK,88.112,5.3599999999999997e-95,4.103190390517388,14.585858333157484
increment,1.0,MPKVQFKKRESTEAIFVHCSATKPSQNVGVREIRQWHKEQGWLDVGYHFIIKRDGTVEEGRDEMAVGSHVKGYNSNSVGVCLVGGIDDKGKFEANFTPAQMQSLRSLLVTLLAKYEGAVLKAHHDVAPKACPSFDLKRWWEKNELVTSDRGN,tr|A0A481S247|A0A481S247_9CAUD,94.04,6.1899999999999995e-108,4.164003478526491,16.53509028537879
increment,1.0,SEKELFLLELFKNEILNLPKKEMMPFIKFILLVLLLPISSLSSAEQDLSEEKDCSKPMSQLELNSCASKSFEKSDKKLNTTYKKLLSKLSPETKKKLKQEQRAWIKFRDSSCEFETKSFEGGSIEPMLYSSCLEELTEKRTKELEEYLSSSS,tr|A0A552G241|A0A552G241_MICAE,48.175,4.01e-41,3.635134858830505,12.89817443442975
increment,1.0,MKTLIAALLLLSLFFSSSALADCFEEAAQRYQINPLLLRAIAEQESGLNPSAVNTNSDGSRDLGLMQINSSHLPRLSRFGISEEELLSDPCLSVFVGASILSEMMDRYGNTWEAVGAYHSETPSLRDRYASRIASILSSEKLLRSSSPSSSS,tr|A0A1X1PCB0|A0A1X1PCB0_9BURK,60.993,2.3800000000000003e-56,3.844705003887519,11.970938929630604
increment,1.0,MPKVQFKKRESTEAIFVHCSATKPSQDIGVREIRQWHKEQGWLDVGYHFIIKRDGTVEEGRDEMAVGSHVKGYNSTSVGVCLVGGIDDKGKFEANFTPAQMQSLRSLLVTLLMKYEGAVLKAHHDVAPKACPSFDLKRWWEKNELVTSDWGS,tr|A0AAE7KCC5|A0AAE7KCC5_9CAUD,90.728,5.2399999999999996e-104,4.169486111339762,16.848008413273035
increment,1.0,SRGWRILAAAIAAAAALFAVGSARADCFDEAGRYQKVNPLILRAIAWQESHNSPDALNKNTDGSVDYGIMQINSIHLPTLSSMGISQDTLMEPCKNVYIAAWHLRQKMNKYGNTWKAVGAYHSETPSLRDRYARQIAAILTRWKLLPAEKSV,tr|A0A106N9F0|A0A106N9F0_9BURK,81.507,3.16e-88,4.097533694281777,15.806471561006184
increment,1.0,MKFAFVIFLGAWIASGSAHADCFDEAAGYQQVNPLILRAIAWQESHNKPGALNKNTNGSTDYGLMQINSIHLPTLSQYGISRDTLMEPCKSVYIAAWHLRQKMNKYGNTWKAVGAYHSETPSLRDKYARQIAGILSKWKLLRPETSSSNSSA,tr|A0A132ELB0|A0A132ELB0_9BURK,82.759,5.63e-90,4.1413991070863325,15.922915021100463
increment,1.0,MNVALSVAAVVLLLAFASGSAAADCFDEAGKYQHVNPLILRAIAWKESSLNPEAVNKNSNGSVDLGLMQINSSHLPLLKRMGISEQHLLSDPCLSVYVGAWILRKKMNRYGNTWEAVGAYHSETPSLRDRYASSISQILSRWKLLPNGSRSP,tr|A0AAP4VMF9|A0AAP4VMF9_9BURK,68.794,4.06e-67,4.014187250136791,15.057562912914529
increment,1.0,MVLWVILAAAVFAVLSFSGSASADCFDEAGSYQKINPLILRAIAWQESHNRPAAVNHNSNGSTDLGLMQINSFHLPLLKQFGISEEHLLADPCLSVYVAAWILRQKMAKFGNSWEAVGAYHSETPSLRDAYASRIKAILSQWNLLSSTLSSS,tr|A0A5C6VRJ7|A0A5C6VRJ7_9BURK,68.027,1.19e-71,4.015916968293309,15.145808975184703
increment,1.0,MNRPLSVLALAVGGLFAIGSAHADCFDEAGNYQNVNPLILRAIAWQESRNRPEALNKNTDGSTDIGLMQINSIHLPTLSKYGISRATLMEPCKNVYIAAWLLRRKMNKYGNTWKAVGAYHSETPSLRDKYAQQIAAILAQWKLLQKESRSAS,tr|A0A106N9F0|A0A106N9F0_9BURK,79.73,2.23e-84,4.0917248964639,15.492095782743496
increment,1.0,MNKLLMLALLLLGACFASGSARADCFDEAAGYQKVNPLILRAIAWQESHNKPDAVNRNTDGSIDLGLMQINSIHLPMLSRYGISRNTLMEPCKSVYVAAWHLRQKMNKYGNTWRAVGAYHSETPSLRDRYANQIAAILTQWNLLPSRSSSSS,tr|A0A6P2R052|A0A6P2R052_BURL3,78.322,3.34e-86,4.08672134049907,14.674429187036768
increment,1.0,KQAALFAALAALSLVFSGSALADCFDEAAHYQHINPLLLRAIAWQESHLNPGAVNKNSDGSRDLGLMQINSSHLPLLRSFGISEEHLLHDPCLSIFVGAWILAKKIVRLGNTWEAVGAYHSETPSLRDRYARQIYTILSSFKLLPAASRSSS,tr|A0A228I0V5|A0A228I0V5_9BURK,60.544,2.5699999999999998e-61,3.963325601870278,15.85416473500504
increment,1.0,MLLEYLTPLSLQAKLKLAKSILLVKSVLFKLTLLLIAISILSGLSTSSFAEVDCKESKTQTELNLCAEKSFSKSDEKLNSTYRRLLSKLSSKSKKKLQEEQKSWVSFRDSSCSFESSKFEGGTIEPMLYSSCLEDLTKKRIKELEEYLNSSE,tr|A0A857D2Z0|A0A857D2Z0_MICAE,43.796,4.84e-38,3.644049861993646,12.285849032961858
increment,1.0,SPSGGRILSVTAAALLALFAAGSARADCFDEAARYQKINPLILRAIAWQESRNKPGALNRNANGSIDYGLMQINSIHLPTLSRYGISKGTLMEPCKNVYIAAWHLRQKMNKYGNTWKAVGAYHSETPSLRDAYARQIQSILRQWNLLPAEGS,tr|A0A1N7SQK8|A0A1N7SQK8_9BURK,79.72,2.1400000000000003e-86,4.038619698633918,14.90540015977978
increment,1.0,MAFTLALAALSSFASGSARADCFDEAASYQKINPLILRAIAWQESRNRPDALNKNTDGSTDYGLMQINSIHLPQLSRYGISQSTLMEPCKSVYIAAWHLRQKMNRYGNTWQAVGAYHSETPSLRDKYARQIASILSQWKLLRTEGASSSSSN,tr|A0AAN0Z6J9|A0AAN0Z6J9_9BURK,88.148,8.849999999999999e-89,4.033890422207999,15.057272773609943
increment,1.0,GKRSYITVLAFVIIASGSALANCWSEAGSRFHINPLLLYAIAQQESGNNPGAVNKNSDGSYDLGLMQINSFHLPKLKALGISEKHLLQNPCLSVIVAASILRDMMNRFGYSWEAVGAYHSETPSLRDRYASRIKSILESNKLLRQDKRSSSS,tr|A0A3S4FEH8|A0A3S4FEH8_SALET,55.396,3.83e-51,4.013691439766075,15.572457892912446
increment,1.5,QFEIEPETKIEENKVKKVMEETLIIGPSEAALLMLILKETNTSYTSLIELLDFEDARTILSLKIISGESFETNSKQLNAVYRQLLKSLTAEAQAMLEEQQSSWIKKREQSCDREFQIFEGRTLIENIYLSCKVSLINERIEYLEKYTKGRSL,tr|A0A8J7F5U8|A0A8J7F5U8_9CYAN,36.735,3.93e-15,3.8581011194894095,16.925373640433406
increment,1.5,MPWVVSALALLLGALTKAHADCFDDAAAFQRINPLVLRAIAYQESNLHPQAKNRNSDQTVDLGLMQINSLHLDTLKSFNIDETQLFDPCLSALIGAWRLALAIQSFGNTQRAVGAYHAETPSLRDNYIRKILAILEKWNIPDDPTGRQKPSE,tr|A0A158FCZ8|A0A158FCZ8_CABSO,52.448,4.04e-51,4.058322096882382,16.581642902789117
increment,1.5,RALIRIVFFAILIKPFLGHSSACFDRAAREAEINPLLLYAVARTESGLVPEAINRNQDHSIDVGIMQINSSHYRVLAKMGLSEKDLRKDPCLSVATGTWILAQNISEIGNSWDAIGLYQSSSPQKRNTYKQKFREILASYDNRVNQIYSSDS,tr|A0A418WW31|A0A418WW31_9BURK,48.905,1.3699999999999998e-40,4.083318279243798,15.882291488434182
increment,1.5,MKFAHLRFFIVIAFLIGVGSARADCFDSAARFQQVSPLILRAIAWQESGHNPAAVHRNKNGSVDLGLMQINSSHLDTLSQIGISRSVLFEACKSVYVAAWILRKKMNRYGNTWRAIGAYHSEAPSLRAKYSTRIQSILASWNIPPGSGQAQA,tr|A0A7X1TGR4|A0A7X1TGR4_9BURK,62.5,1.32e-67,4.059635324852319,15.2857902637274
increment,1.5,GRFKVLILASFSGLSVISILSSRADCFDKAARYYHVNPLILAAIAFTESSGRLLAINRNNNGSTDLGIMQINSSNLPALAKEGLSRTTLIEPCTNVFITAWMLRTAMARTGSTWRAVGAYHSESSSQRDEYARRIHAILIKNGILPQAQYDV,tr|A0A3N7ZTK7|A0A3N7ZTK7_9BURK,62.016,8.289999999999999e-54,4.02480827535134,16.32824510977497
increment,1.5,MNCMGLPSGIMASSSFCGATKGTCFEQAGQTQSVDPLILRTIAKVESNFKENARNFNRDGSFDVGLMQINSFHLENLVQLRLDTNELLTKPCMSIKLASYYLKSCMKSFGYSWEAVGCYHSKSPSLKARYISRVGTKLNSMKRNLDAQGGET,tr|A0A9J6PW60|A0A9J6PW60_9GAMM,44.882,7.5e-36,4.127215463973833,18.683919843981503
increment,1.5,MKTAIIILMMLLALILTCPPLFTDCFEQAARYQHVNPLVLRAIAWQESNFRPTAVNKNRNGSTDLGIMQINSIHLAVLAEFGYSRSDLYEPCKSVYIAAYILRRNMDKLGNTWSAIGAYHSRSPAQRDAYARSIRGILQRNGKLPKGGGDPP,tr|A0A1G7PPR6|A0A1G7PPR6_9BURK,60.0,2.9500000000000003e-59,4.122650416778399,15.837985666452637
increment,1.5,IPMLQDEDITNINSDIVLNIKTTQYVSALVITVSKQKYFFQEITLEEDSRNLRQAPKTVEIIDENLEALEIVDNALNDAYTFLLENLGPEDASAFKESQDEWISLRDKFLEFMPGQFQMATRMMTMLENATARELIRERIEELLDYLNQENS,tr|A0A1M6SYY2|A0A1M6SYY2_9AQUI,32.174,3.51e-10,3.940146818971481,16.32794135950819
increment,1.5,MTFIFFLLLLFSLLVFITGNSYADCFEDAGSRYQISPMLLYAVANQESGLDQKAQGRNTNGSHDIGIMQIDSIHLPILKRMGISEKALITDPCTTVAVGAHILSSNMSQHGRLWTAVGAYNSRSPSKRLQYVRSVFRYYKAKAYQSKSVASV,tr|A0A125DIE1|A0A125DIE1_9BURK,52.239,8.54e-44,4.103791918632716,16.9360994083241
increment,1.5,MIRNRNKAFIALALLMIIVSPSASSAFCWDEAGERFNVSADMLYSISKQESALNPNSININSNGSYDIGLMQINSSHLPTLRKQGFDENQLASHPCLSIYVAAGILSACMALYGFSWNGVGCYNSATSSRRSAYIQDIYASIPDFMKAVKPS,tr|A0A6I2SP21|A0A6I2SP21_9BACT,53.543,4.18e-40,4.018321308732864,15.441886918334372
increment,1.5,LVLGAAIVVGFLLSSGLTYSDCFIAAAEAQAVNPLVLRAVAFQESRFSPQAKHINANGSVDLGIMQINSSQLPVLTRFGITEESLFEPCVNVELAAWYLTKYMERFGSTWEAVGCYHSESIDHRDAYARSVQAHLPSRIQLVRRKRSKSSSS,tr|A0A1B4LEH8|A0A1B4LEH8_9BURK,55.906,9.3e-50,4.056140733198734,16.63634545013044
increment,1.5,EDSGFKISGLPYTYSATEDALNTFSRYATYLAMYAYFDIIKNDSYSDDDTLNKDFNEELQKKLDRTAGLEIDKEVEKVRANAKINQETPEEGFENFLDDQKNGLGDRYDQCKKEAFESSPKTATVINVRVYLENIRIHRKAENLGVDDSKEL,tr|A0A9E6X932|A0A9E6X932_9CAUD,34.286,4.2,3.9766307671533,17.288068335604052
increment,1.5,RILLVALCIVLCSASSSDHADCFSKASSMFSISAELLEVIIQDESNMTSTAVNVNHNGSHDMGLMQINSFELETLKKLGIGEEHLINEPCLSVEVGASILSSLIHKLSFGLSGVAAYNSSAEEKTYIYIASIKKILDEMNNYQVSSASPPDT,tr|A0A125DIE1|A0A125DIE1_9BURK,43.846,1.4200000000000002e-32,3.924668090164175,16.402332214469414
increment,1.5,RLLLLEVLISMLMIVICFLFTTISQEDCFEAAGKYEHVNPLILRSIATFESHGIPAAIRKNTNGTHDIGIMQINSSHLSILKSYGIGESTLKNACKSVCIAAWMLRSLIQKYGNTWKAVGAYHAENPSKRILYAQRVKQLLRYWGRLPIKMN,tr|A0A103E1H4|A0A103E1H4_9BURK,50.0,2.99e-49,4.114772565092836,17.225831135915865
increment,1.5,MAKVQFKPRESTDAIFVHCSATKPSQNIGVREIRQWHKEAGWLDVGYHYVIKRDGTVEEGRDKMAIGSHVKGHNHSSIGVCLVGGIDDKGKIEANFTPSQMHSLRSLLAELLDIYEGAVLKAHHDVAPKACPSFDLKRWWESGELVTSDRGT,tr|A0AAE9BPH7|A0AAE9BPH7_9CAUD,88.742,4.18e-102,4.14746155883978,16.718761941016076
increment,1.5,EAKCFSRQVKPKKRAREQSVVDCQSFNAYKSQFRPSFPNIMYDSTVFKVITCLNTFQRPFEQEKVTNSRWLIKNVSVPSRRARAYENYLTEAMQCKITGNQDDFTDLYDNEARVSSAIEKLVQDIDSSLKACRTKMFNARGAAASSGRYDVN,tr|A0A6G9W909|A0A6G9W909_9RHOB,26.496,0.31,4.077179313618205,19.41506099708159
increment,1.5,MMRIRFILFAFLLFLTVGGQAPADCFEQAGNYQKINPLILRAIAWQESHNNPRAVHKNTDGSVDYGVMQINSIHLSTLSEFGFSESTLMEPCKNVFIAAWILHSKMTKFGNSWSAVGAYHSENPSLRDKYSQLIASILQRWKLLAPGQSTPG,tr|A0A3R7HS61|A0A3R7HS61_9BURK,63.946,3.43e-70,4.1676284156875125,16.153790696668782
increment,1.5,SLSINNQRDAFLDMLAYSEGTSNGRQETNNRGYDVIVGGELFTDYSDHPRELVTLKKANLRSTAAGRYQLLSQWWKHYKKQLGLRDFSPQSQDAVALQQIRERSALTLIERGEIENALDRCSNIWASLPGAGYGQFEHKLGSLIQKFEEAGG,tr|A0A7M3S2L0|A0A7M3S2L0_ECOHS,78.146,1.99e-86,4.051579154281253,17.351080846162052
increment,1.5,MLFVSLALTGLIVLLASVRADCYVGAGAYQAVNPLLLRAIGYRESRGNPEAVHHLSNGSIDLGQMQINSAHLPLLSKFGIPTHVLRNACVNVMVGALILRSKIQKYGNTWDAIGAYHSETPSKRDEYSKSIASLLEAWSVRSSSSVYSGAND,tr|A0A9Q2C862|A0A9Q2C862_RALPI,51.471,1.32e-50,4.008162744562694,16.502544843559495
increment,1.5,MGPLVKLLSILFDALALFSAIDQAICFEKAGQQFAIPPEILLAIAQQESGLKQLSLGKNANGTYDIGIMQINSCTLPVLRSADVNYSRLRTSPCSSVASGSWILGRRIGEIGDSWDAVGAYHSQNYNKELQQSLSILSSLPSLYRQRSTLEL,tr|A0A924C4R2|A0A924C4R2_9BURK,41.86,8.03e-30,3.970694755636733,16.30666185275775
increment,1.5,MRKVQFTKRETTDAIFVHCSATKASMDIGVREIRAWHKEQGWLDVGYHFIIKRDGHVEEGRDELAVGSHVKGWNHNSVGVCLVGAVDDKGKFDANFTPAQMKSLRSLLVALLSKYEGAILRAHHDVAPKACPSFDLKRWWEKNELATSNRGG,tr|A0A481S247|A0A481S247_9CAUD,84.768,1.1e-98,4.129906239657161,16.57282363997732
increment,1.5,MLRFLIIMLAICGLSAPLHDAHNCFEKVGLREQLDSLLLEAIALTESNLKSDALNQNANSSLDIGLMQINSQHLPRLAKFGITEERLINNPCLTVVAGSWILSQFFEETGNVLLSLGSYNSASLVKQTKYRKKIDSLVQKNYRHSEQISWDN,tr|A0A4V1PT83|A0A4V1PT83_9BURK,43.262,2.79e-35,4.028598901964649,16.07086237414916
increment,1.5,VLNFLSSTGFEVDSYKSAGPLKGILVAACKAFMLAGTTIETSFASAAENAINSSGKMTQMDLQNRSGESYVLSDDKLNDFYKNLLLALSPSDKKKLQEEQISWIQFRDSTCEFESSNFEGGNLGTSIYINCLEKLTKKRTTELEKYLELNSQ,tr|A0A0D6L104|A0A0D6L104_9CYAN,42.735,4.5200000000000004e-26,3.955119007284461,16.58374455164078
increment,1.5,MVRPRCPFIAATFVSLATWLAAGGARADCFETAGEYQGINPLILHAIAEVESRLNPKARNQNANGSVDYGLMQINSLHMPRLRSFGYSESTLHEPCTNVYTAAWYLRRNMARFGNTWEAIGAYHSETPALKDEYARQIVSILQSWKYTSLSQ,tr|A0A103QW16|A0A103QW16_9BURK,61.151,1.39e-63,4.139030971332835,15.283361920237716
increment,1.5,MLCFSLIMVLAVAASTSAHADCYTSGGSFQRVNPLILRGIAKQESHLQIGAVNLNANGSRDYGLGQINSSWLPRLQQFGLSEGSIYEPCVNLYVAAWYLRKLMTKHGNTWWAVGAYHSQTPHRRDIYVSQIQAQLDQWKLLEHAPKRNIGVS,tr|A0A372K5V0|A0A372K5V0_9BURK,55.479,1.41e-52,4.128919369881333,16.546848003985456
increment,1.5,MGATLIVLCAIALLATSGASSRADCIDEAAAFIDVNPLLLRAIAIQESGLNPVAVNRNSNRTIDIGVMQINSRHFPILSQFGVSQERLYDPCLNVFVAAYILKRAVDKWGFLGAALGAYHSENVHKRLKYARRIETHLRSWSYASSTNPVES,tr|A0A7Z7B5E6|A0A7Z7B5E6_9BURK,53.237,7.75e-46,4.053118955241128,16.39899050218089
increment,1.5,MTRWKSILIITALSAASVAVSQGKAFCFEDAAAFQRVNPRILRAIALQESKNHPSAKHRNPNGSEDLGIMQINSIHLPSLGMYGIGASTLFEPCKNVYIAAWHLQGKIVRYGSTWAAVGAYHSETPKQRDAYAQQIEAILTRWGLRRSAAGS,tr|A0A4R5MB69|A0A4R5MB69_9BURK,63.699,4.7e-64,4.084951376319942,15.109233775957623
increment,1.5,MTFAFTFFLIITTVTLGFSSRAAANIWSQAGELFQISPLLLYAISKNESRFDKFKINVSETGSLDIGIMQINSKYFSVLKKYGINSNTLIENPCLSISIGSSILAGALAEHGNIREAVGAYHSSRNDTAVQYINEIFKALKRFKMGKDKIRT,tr|A0A2S9X5G7|A0A2S9X5G7_9NEIS,40.476,9.55e-31,3.991560661934364,16.034934174501476
increment,1.5,VKQFRKGKNDTAIPMRSVKGLVLSASCLMIPTSFANLAQGRSREHSQVGPVCQENAQTQADLIDCARISFEKSDNSLNEVYRELEQQLETDNKDKLKKEQNSWVEMRESICAFDAESFMGGTTETMIYLSCLQELTRERVFLLQSYLEDLIN,tr|A0A8J6SDP9|A0A8J6SDP9_9CYAN,42.857,4.81e-24,4.096952900922896,18.08393256485677
increment,1.5,NISKRRTPSLEYPFAQRRFTVVALSVEADVAKTFYHYHFTRFQRNLGYYIQNKSKPDRVNTNDEEDQTFFNVEKIRKGATEYETDLLDKTEYKVFNEHLSQLNVTFETKYKRTSFHEPDHVLQDKPDTFAINKSNLKPIDRLNIFKLVAREG,tr|A0A1L5P1I0|A0A1L5P1I0_RHIET,29.63,3.2,3.996319536646783,19.38795917006718
increment,1.5,MAKVQFKKRSSTDAIFVHCSATKPSMNISVAEIRQWHKENGWLDIGYHFIIKKDGTIEQGRNEMAVGSHVKGHNSTAVGVCLVGGIDDKGKSDANFTPSQMKSLRSLLVELLDLFEGATLKVHHDVAPKACPSFDLKRWFETGELVTSDWGN,tr|A0AAE9BPH7|A0AAE9BPH7_9CAUD,80.132,2.95e-91,4.141325321459243,16.005856822904196
increment,1.5,LSTSEQDRREVDTNDKAVNCPNDSLNSVLSTVIWPSNDFLDNFKQDNLDTFDYNLPTKLKTRKICLFTFHLYKYRNINYLTLKDFVKEFRNERAFQPKIEKLWKNVRGSYNLKWRFKNPEELIKAIKTGFCIYAARKKRCQKLINYQLVIKE,tr|A0A6G5V645|A0A6G5V645_9CAUD,39.583,6.4,4.007343718372388,17.35185533331179
increment,1.5,MRKVQFKKRESTEAIFVHCSSTKPSQNIGVREIRDWHTGSGWLNVGYHFIIKRDGTVEEGRDEDAIGSHVKNHNSSSIGVCLVGGVDDKGKFEGNFTPSQMQSLKSLLVSLLAKYEGAVLKAHHDVAPKACPSFDLKRWWEKNELVTSDWGQ,tr|A0A8X8M5V4|A0A8X8M5V4_9CAUD,84.106,2.49e-96,4.133504281338758,17.229874341581404
increment,1.5,KPNRAVCLMGLLISGLPYGKACFDEAETYFDLPPDLLYAISIVESNFNSAAVGRNQNGSLDMGLMQINSTWLEVLHRFGINEDKLMEHPCTNVYVGAWILRSFIDKFGTTWKAVGAYNSNSVTKRLGYIKSVASYLQRSRRTLTEQQTGSIS,tr|A0A848ISI1|A0A848ISI1_9BURK,53.488,6.28e-41,4.162058334632966,17.557216132685426
increment,1.5,MTKHLKILLSLITCLSVPVADDCFQMSGELFNLDPLVLYAIAKHESGLSAKAVNSNRNASKDIGLMQINRFHLKALAQFGITESDLLSKPCVSVLVGSSILQSNIDNTGNYWGGVRAYHSYSPALNDTYALSVQANLYTHNKTNLPSAERHS,tr|A0A4Z0AT79|A0A4Z0AT79_9PSED,46.667,1.4e-34,4.050536183624866,17.019409213327755
increment,1.5,MRTAGLRVFFFMILAWSSAPAQSDCFQEAASYYDINPWLLRAIAEQESGLNPDAVHRNQDGSEDLGLMQINSKWLPILAAFGIEAQELIDPCKSVYIAAWHLRLGMTRLGNTWSTVGAYHSETDKLRDEYASKIQSRLAAYYILPKNESSSV,tr|A0A4R5MB69|A0A4R5MB69_9BURK,58.915,3.27e-52,4.125978673221535,16.51197280276227
increment,1.5,TGLELSIQRKAFLDMVAYSEGHDNGRQATRNHGYDVIVGGQLFNDYSEHPRKLVDLNRLNIRSTAAGRYQLLSRWWDEYRKQLALSDFSPASQDAVALQQIKERGALTMIDEGKLEDAIDRCSNIWASLPGSGYGQFEHKSSSLITQFEEVG,tr|A0A602CA68|A0A602CA68_SALTM,79.73,1.28e-85,4.091727192841147,18.47782246598253
increment,1.5,EKPRVQFTKRSSVEAIFVHCSATKPSQEIGVREIAAWHKEAGWLDIGYHFVIKKDGTVEQGRDEQVGSHVKDWNHKSVGVCLVGGISEKGKQYEANFTPSQMKSLRSMLVELLGMYEGSILRAHHDVAPKACPSFNLKRWHETGELVTSDWG,tr|A0A385IPD3|A0A385IPD3_9CAUD,77.333,8.5e-84,4.144884735780239,18.21031732878576
increment,1.5,ELNVQRKAFLDMVAWSEGTDNGRQQTRNHGYDVIVGGELFADYSDHPRKLVTLNKLGIKSTAAGRYQLLSKWWDAYKSQLGLPDFSPDSQDTVALQQIKERAALPMIDRGDIEQAIDRCSNIWASLPGAGYGQFENKAGDLLTKFRESGGTM,tr|A0A739NSP7|A0A739NSP7_SALNE,84.211,4.6499999999999997e-94,4.113235574226676,17.119912511325996
increment,1.5,KFIRLWILFASLILLLFGFPSHTFCFEEAASMFDLDPLLLFAIAQNESGLKPGARNKNHNGSYDIGLMQINSSHFKNLQKFGITEKRLLESPCKTIIVGASILSDNIQKFGDTWRAIGTYHSPSSPKRAMYIVKIYTYLNRLVAQSSSPQGA,tr|A0A7T8LKJ4|A0A7T8LKJ4_SALBN,53.719,1.1500000000000001e-43,4.080643419117551,17.445307331000816
increment,1.5,ISGIRKTKFAVALLLMVLSAVKLVRAGCFDEAGHHYRINPLILRAIAWYESHLEPGAQHENDNGSVDYGLMQINSVHLEALAQFGISQLNLFQTCINVFIAAWILREKMDKFGNTWEAVGAYHSETPSLRLKYSKKIMRFLERWQILPPVNS,tr|A0A1N7SQK8|A0A1N7SQK8_9BURK,58.389,6.530000000000001e-64,4.155304221712211,19.044501808655543
increment,1.5,MALLPGIFVFLGFAFFFPLAKADCWLIAGETYHVDPDVLMAIAETESSFRYFCVGENNNGTTDVGLAQINSIHFPILKTFGISEEYLIDQPCLSTLVSSWILSKNMESFGLNWTAVCAYNSSNKSKRAKYANRVIETLNRIKNSNTTRPKAN,tr|A0A344UDP7|A0A344UDP7_9NEIS,42.222,4.68e-36,4.124273790370115,15.310102503208192
increment,1.5,IMVGCFNKFLTIVRCPNLKRILMMIIVLFSSLPESNVQSSTTPEPDFYDQNVIDTDLMKEEIRQFSQLDYLKSDSVENEAFEKNVSILHKETKNMLKQEEKNFVSFRDKTCKFEADEFKTDSFETGLQSTCYLKLLEKRSLNLKKYLGIIKK,tr|A0A2N6LFX8|A0A2N6LFX8_9CYAN,27.907,1.53e-10,3.982801521206425,17.08213394059589
increment,1.5,MGATGVNATFASLSLFFLGVSFQSCFNKSGALTRINPLLLYTVAVVESGFDPTAINTNYNRSFDIGLMQINSRWLGKLRRLGFDSEHLVNDPCLNVAVGSSILSGCTKRFNNSLWAIACYNSSSPHKMDSYVKKIYSHLIEEKILPSIGRSS,tr|A0A522RP64|A0A522RP64_9GAMM,48.031,9.85e-35,4.057800949154526,16.369094842482514
increment,1.5,NRSMRILGTLLALVLTVLVTAKADCFEEAGSMYGVNPLILRAIAWKESHFISGAVNKNNDGTLDIGLMQINSIHLPRLSAIGISTDHLLDPCKNVYVGAWYLRQYVDKYGNTWAAVSCYHSETPAKRDNYATSIISVLTSRKMPPEPQKTRA,tr|A0A1H7D1E9|A0A1H7D1E9_9BURK,60.0,2.08e-55,4.138044388507294,17.050919247166192
increment,1.5,MPKVQFSQRANTEAIFVHCSATKPSMNLGGREISMWHKENGWLAIGYHYVIKRDGTVESGRDEMSIGSHVKGHNHNSIGVCLVGGLDDKGKFEANFTPSQMNSLRSLLVTLLDKYEDSVIRGHHDVAPKACPSFNLKRWWETGELVTSDWGN,tr|A0A482MGV6|A0A482MGV6_9CAUD,79.47,5.11e-92,4.184763588117002,17.434921784863555
increment,1.5,MQNFYLRRATEVTRFIMLNRITCILIMISFLLLSRVVNAAQDWDEKTDNLSADCEVATLTIELLACSGSLFESSDKELNIVYQTLLERLEKEHKELLIKEEQAWLQYKNETCSFYTSVFEPVSVEPLVYFYCAAESTTQRTEELLDFLKYSP,tr|A0AAD3B3S0|A0AAD3B3S0_MICAE,37.374,2.32e-21,4.005380871771179,15.489865234668216
increment,1.5,MISPRVLASLLMCFTSSYSQYCLQNAAQFYRLNPLILYAIAKVESKLNSVAKNRNANGTLDIGLMQINSINFDKLAQFGYSTNKLYNPCTNVFITAWILKQNIRKYHNTWQAVGAYNSSSPQKRATYGKKIERTLDSKDTYAISSPINDTKS,tr|A0A418WW31|A0A418WW31_9BURK,50.769,5.839999999999999e-40,4.040312655057655,18.364798678786727
increment,1.5,NKKIRMFCDLGNSIKAKLRRGPRKNSLLASLILLIIVNTVENSNLKPDPDETCMNKKITQAELVQCSSDNFAKADLLLDEVFKKIFSKLSVAGKKKLEQEQKAWIKLRNSSCLFVKKDWETGTMFSLLSFACLTELTEKRIKQFRGYLNTWK,tr|A0A926VGF2|A0A926VGF2_9CYAN,32.52,1.15e-20,3.961414550846231,16.76998661935468
increment,1.5,MGIFAWPMFLLIMLWFSGTGRSDCWDKAGSLYRVDPEVLYAIAKKESGFDARALNHNSNGSQDLGLMQINSSHLPELARFGISESRILNTPCSNVIVGAWFLSKYIQSFGYTWEAVGAYNSRTPQKNDIYIAEITSLLKRWNSPIDYSRVGS,tr|A0A1H1ETU6|A0A1H1ETU6_9PSED,60.36,1.8899999999999998e-46,4.135448825092611,17.05203859078172
increment,1.5,LNSKIEFKSMISFAARRRLNLTFINNFIGIYIFAVSAVVWGPDNIEPNNDEDNPYTTKELLQCYRRDFQKSVEGLNEYFRQLKAVLTPSVRNKLTESHQEWASKIETKCRFETSRYEESTIRTNLYTACMTKLIDKRINYLSQFLNMQEDEK,tr|A0A552G241|A0A552G241_MICAE,27.869,6.44e-12,4.100497105241055,17.754414791482954
increment,1.5,PNVDIGKLMECGVTDLISPCIFVFILNVVLGGIISAATSYYVATIKIQEKKKPFASTTNRCLNQESTEFFIEQIEILQELLRQIRQMLSSAEKKALITSERSWVEYQESTCTFLKAYFEGGSIETLIFLSCLGSLTKSRIKNLESLLKNDEE,tr|A0A552CEJ6|A0A552CEJ6_9CHRO,36.0,2.6e-15,3.967570451961675,16.993904316331182
increment,1.5,MRKVHFNARDKTEAIFVHCSATKASQNIGVREIRQWHKEQGWLDIGYHFIIKKDGTVESGRDVDMIGSHVKDWNSHSLGVCLVGGIDDKGKFEANFTPAQMQSLYSLLVELLEKYPDAKLVAHHDVAPKACPSFDLKRWFSKNELVTSDWGY,tr|A0A0D3QHM9|A0A0D3QHM9_9CAUD,76.159,1.13e-87,4.183242055214487,15.790264349735002
increment,1.5,MSYVISQQRTAFLDMLAWSEGTDDGQQKTRNHGYDVIVGGELFTDYKKHPRKLIELNELGLRSTAAGRYQLLSRWWDSYKKQLGLKDFSPASQDAVALQQIRERDALEMIDEGDIEQAIDRCSNIWASLPGNGYGQFEHEADSLIDEFRAAG,tr|A0A7U3VC53|A0A7U3VC53_9CAUD,82.432,2.37e-88,4.085606376564757,16.84846949262194
increment,1.5,MFQPAFVSAASGTVVSPVTGHDLCVIKSGSAYKLDPNLLVAIGMTESNTNPKAINENRNGTWDLGLMQINSSHAGKLDSRGISESKLHDHACLTIAAGTWMLSQALVSDGSNVRTIALYHSFSPSLRDKYIGQVYTYLRSLKIQTDENAPSG,tr|A0A6B3SYV5|A0A6B3SYV5_9BURK,40.945,7.739999999999999e-30,4.092656376071869,16.386506753827007
increment,1.5,ALTPQRKAFLDMLAWSEGTDNGRQPTRNHGYDVIVGGELFTDYSRHPRKLVKLNKLNIESTAAGRYQLLSRWFEAYSKQLGLPDFSPQSQDAVALQQIKERDALPMIDEGDISRAIDRCSNIWASLPGAGYGQFEHKGTNLLAEFRETGGQI,tr|A0A7D7PSQ2|A0A7D7PSQ2_ECOLX,82.237,1.8399999999999999e-91,4.111460278181217,17.543724798909444
increment,1.5,KKPSSSTLLMLMAFASLAYGDCFEQSGKRFNISPNLLKSIAKIESGLKPDAVNLNNNQSHDIGLMQINSSYFPVLMQRGYSENQLYMDPCLSIEVGSSILSGCIVKFGYTWPGVACYNSVNSSKRLRYILRVYRYIKTQVKLKTTLKSERSK,tr|A0A7X7WVV8|A0A7X7WVV8_9BACT,44.526,1.54e-39,4.050902291046979,17.167525226778984
increment,1.5,MQIIRCIFVLFLLLASFSSSSADCFEKAGSKFKIDPLLLKLISFRESSMKSMAINKNSNKTQDIGLMQINSFHLPRLAALHINHSDLMHAPCTNIFVGAWILANCFRKLGSSIIAIGCYNSGTGEKSDAYIHSIYSVLVERELKRLSNSDSK,tr|A0AAI9PPD9|A0AAI9PPD9_9BURK,44.118,1.5899999999999999e-40,3.994891739486858,15.76453055713028
increment,1.5,MMGRKKPFLIAAFILFFISDSRTYCWDEAASSFKVNPELLYAIAQVENAFNPDVVLRNTNRSVDLGVMQINSSEFKALKQIGINRQHLLENPCMNIHTGAWILKKKVQKYGTSWKAIGIYHSSSPKKKVRYINNVFTSLPSVLYSAPHVSAR,tr|A0A1W1XXJ2|A0A1W1XXJ2_9BACT,44.531,8.14e-40,4.144101534832544,16.014886477445287
increment,1.5,MAKVQFTKRKASEAIFVHCSATKPSQDIGVSEIRQWHKEQGWLDIGYHFIIKRDGTVEEGRDEMAVGSHVKDYGSKSVGVCLVGGINEKGKPDANFTPAQMQSLRNLLVEMLAKYSEAELRAHHDVAPKACPSFDLKRWWNKGELVTSDNGN,tr|A0AAE7VVL0|A0AAE7VVL0_9CAUD,81.457,1.7399999999999999e-93,4.17697408418467,15.878299789050583
increment,1.5,MAKVQFHKRESTEAIFVHCSATKPSMEVGVGEIKQWHKEQGWLDVGYHFIIKRDGTVEEGRDVLAIGSHVKDYASKSVGVCLVGGINDKGQFDANFTKAQMNSLRSLVVELLSAFEGSVLKAHHDVAPKACPSFDLRRWWETNELVTSDRGT,tr|A0AAE7VVL0|A0AAE7VVL0_9CAUD,80.795,5.88e-93,4.129566107339086,16.92012673381512
increment,1.5,MRTFLRGVVSLAGCVVLCTSAKSDCFDDAASFQHVSPLILEAIARQESSLSPSSVNSNSNGTTDIGVMQINTSYFRTLARFGISEASLINACSNVYVASFYLKRGIQRYGLSWRAIGAYHSETPALNDEYARSISNRLVEMGYLPPRTAASQ,tr|A0A3N8R334|A0A3N8R334_9BURK,48.966,4.22e-51,4.032139789007853,13.9840240561029
increment,1.5,MSKVLTRVIIFTLMLFASFFAESMCFKLAGRRFSISPLLLWAIASTESGRSKNALGQNRNGSYDIGLMQINSIHLPKLKKEGITKERVLTNSCGSVYTAATILSDFLKKQGYTWNATIAYHSRSRSKSNVYVKSISSALAQYGDKADQSYGP,tr|A0A344UDP7|A0A344UDP7_9NEIS,47.458,1.45e-36,4.046622241943774,16.62271677297904
increment,1.5,MITKASMIFTLLFILGFPSRAMAMCYAKAGSFYEIPPMLLYAISLVESKLSSRAINKNQNGSYDIGIMQINDSHVPLLKSRSISEADLIENPCTSVYIGASILSENMRKFGNGPRGIGAYNSSNEKKNLQYTNSVYGQLQKYSGYSSDTVSS,tr|A0A9J6PW60|A0A9J6PW60_9GAMM,47.934,2.1199999999999997e-34,3.989735213509759,17.199632391008393
increment,1.5,MPPRVMKLLLLFFCICFAATARVACYEQAGKVFNINPLLLYAIAFNESALNSTAIGRNHNGSLDLGLMQVNSSHLERLSQLGISESRLMHRPCTSVYVGSYFLSERLAEFGNTWLAVGCYNAESEPKREEYASSVHRLLERYHPLDSSVTST,tr|A0A2S9X5G7|A0A2S9X5G7_9NEIS,49.315,1.0400000000000001e-43,4.04513708817788,15.477795797186433
increment,1.5,MDALASDCLATFSITSLLLACAAVSGSFSVASNSALIDTFNVAQLTSLSSTLVGLASSGKLELSLGLQSSASSSPGSESSSSSGSSSEMSSGQGSTSSSGSGGSSSSSGYSSSGSSSGSSSSGNSSTAGRKLSKSVTVGGVLNRRQGSTSSS,-,0.0,10.0,3.159451740682516,8.42459083214667
increment,1.5,MNYKSRVKFALVAWMGFASGSALADCAEYAGQYYKINPLLLRAIAYQESGFKPDAMHHNTNGSTDYGLMQINSSWLSNLSRLGIGRRALRNPCTNVYIAAKILAECLNKYGNTWQAVGAYHSESPDNRTAYTRRIESILRHVGALRRPSNFS,tr|A0A892ICF6|A0A892ICF6_9BURK,60.294,3.69e-52,4.100986967055049,16.147236903627235
increment,1.5,EASAKANVQREAFLDMLAWSEGTDNGRQKTKNHGYDVIVGGELFTDYSDHPRQLVSLNRKGLKSTAAGRYQLLSKWWDAYKKQLGLEDFSPESQDVVALQQITENGALPMIEAGEIAQAISRCSNIWASLPGAGYGQFEHDAENLIEKFEEA,tr|A0A5U9VHZ8|A0A5U9VHZ8_SALNE,84.247,7.31e-91,4.087160874775936,17.674105727808165
increment,1.5,SKVSIWVASLSLIMTLMPGSSCADCFDEAAKFHQINPKVLRAIAFQESHLNTRAVNLNSDGSEDIGIMQINSSHLSVLSKAEITRSTLFEPCISVYIAAWHLRQKMTKFGNTWQAVGAYHSENPSLRDVYAAQIKAILERWKARSAVNGTVT,tr|A0A372K5V0|A0A372K5V0_9BURK,62.774,3.97e-60,4.126446496085055,17.695985224378166
increment,1.5,MQLLGFGFVTLIVIPPLVFSSFAANDCFDHAGSLYGIDPLLLQVIALQESDLNSNCKNQNSNGSVDVGLMQINSIWLPALKRLGITEEHILTQPCASIFTGAKILSRSLDEHGNTWEAVGSYNSRTEKKGLNYIRSIRNVLSRFKTLSGTMP,tr|A0A5M9IR78|A0A5M9IR78_9PSED,44.966,4.13e-38,4.088315051541716,16.454790842786352
increment,1.5,MMNSFKNTEIENNSLIESTFFFFLSLSALLVGVSTTVKSSGSHSARASSNTTSCFKTKTQRTLLSCSRLSFQNSDSKLNETYQKLVESTSVEQKKKLKTQQKSWIAYRDRTCSFKRQDSADGSIEIVIFLACLENTTSERIRQLNNYLKDNA,tr|A0A0D6L104|A0A0D6L104_9CYAN,37.984,2.7700000000000003e-27,3.889681486000645,15.615681086900276
increment,1.5,MTRFKFRVAAALGMGVIAAGLWPGANCWEEAGSYYNVNPELLRAIGIHESNLKPSAVNRNSNGSYDFGLMQFNSSHVPSLRRYGIPESDLTNPCTSVFLGAYRLSEAINRYGNTWRAVGSYHSETPAKRDVYLSSIATTLESRGLLHPVSPQ,tr|A0A6J5J5W3|A0A6J5J5W3_9BURK,50.0,2.4200000000000004e-47,4.069275421124468,14.607233141539597
increment,1.5,IPPRRIRLCTILLFIVVAFVVKSTYADCFDEASERKRVNPLILQALGYKESKMKLKAVNENTNGSYDIGLIQLNSVHLPTLQKFGISKRNLFAPCKSIYVAAYHLRLKMDKYGNTWAAVGAYHSENPSLRTRYALQVENLLTNWGQWLTRFA,tr|A0AA89LL28|A0AA89LL28_9BURK,55.319,6.64e-57,4.131863748856965,17.648998488706876
increment,1.5,MGAKAMRFALFFGVIAPSNSAKAMCWEEAGHHYRVDPLLLYTIAEVESGLEKDAVGQNRDGSIDLGMMQINSSHLSTLKSLYITEEHLYAQPCLSVKVGTYILSDHLSSFGDLQQAIGAYNSSKPVKKNPYLATVIAKLSRYHLRSLANPSG,tr|A0AAE4IUV8|A0AAE4IUV8_9ENTR,48.529,4.37e-36,4.090946615754148,17.21894104517657
increment,1.5,TVTIFINAFSIEIFIDVQTKKLLLLVFYFFFGFNILVYARSSSDSLEDDEVDKLFPKIINEMLNCSTDAFSKADSKLNDVYKELLRVLPPQRMKILKEEQKNWLEFMKSTCIFNTKKFIEVSVKIVILYLCLRKLVEKRSKDLEQLLYGVSE,tr|A0A926VGF2|A0A926VGF2_9CYAN,35.87,1.32e-14,3.917860771309936,15.28733541246918
increment,1.5,MKSKILVVAVCIALVWFLSSSARADCFDDAAKYQKINPEILRAISWKESHNNANAINKNADGTIDYGLMQINSRHFSQLSSMGISKSTLMEPCKSAYIAAWYLKECMNRYGNSWAAVGAYHSETPSLRDAYSKQIEAILAEWKMLPSRLAQT,tr|A0AAJ5NA95|A0AAJ5NA95_9BURK,65.753,4.23e-72,4.090690568819446,15.62198467676574
increment,1.5,MAKVQFTKRESTEAIFVHCSATKASMNIGVREIAQWHVEQGWLDVGYHFIIKRDGTVEEGRDEMAVGSHVKGHNHNSVGVCLVGGIDKKGKFEANFTPSQMQSLRSLLTELLHKYNGSVLRAHHDVASKACPSFDLERWWTTGELVTSDWGN,tr|A0A481V9B6|A0A481V9B6_9CAUD,84.768,2.02e-95,4.1544920471496125,17.140443241214857
increment,1.5,IISFSLAVILIIFFSASSIAGCIEKAGSNFAIDPLLLKAVAFQESGFRPNSVNSNENGSLDLGLMQINSIHLSKLQKRGFSQDQLLRDPCSNILVGAKILSSNIQKCGYTNLAIGAYHSASNDKKAIYILKVQPILQKKLSTLRNKNWNLSE,tr|A0A892ICS5|A0A892ICS5_9BURK,50.943,4.13e-37,3.8964888695588695,15.461957781714323
increment,1.5,MFVAKTPFLPCTLILTTCSGASGECFSQAASYHKISPILLSSIAFAESRMRPNAVNRNTDGSTDIGLMQVNSVHFTTLQSFGIGESTLAEPCTNVYVAGWLLRAFIDKYGQSWAAIGAYHSETSTKRAQYRHHIATLLTKARMTSYRLGVSK,tr|A0A6P2GAA8|A0A6P2GAA8_9BURK,50.794,1.3900000000000001e-49,4.109308050779901,18.392071979059203
increment,1.5,MAKVQFTKRESTEAIFVHCSATKSSQNIGVDEIRQWHKEQGWLDVGYHFIIKRDGTVEAGRDEMAVGSHVKNHNYSSVGVCLVGGIDDKGKFEANFTPSQMKSLRSLLVELLGKYEGAVLKAHHDVAPKACPSFDLKRWATKGELVTSDRGN,tr|A0A6B9RKM3|A0A6B9RKM3_9CAUD,87.417,1.48e-98,4.136626110270124,16.382502474108325
increment,1.5,LVLTPQRKAFLNMLAWSEGTDNGRQPTRNHGYDVIVGGELFDDYSDHPGKVVALKKLNVKSTAAGRYQLLSKWWDGYKKQLGLKSFSPVSQDAVALQQIKERRALPMIDAGEIEDAIDRCSNVWASLPGSGYGQYEHKAGSLLEVFKEYGGE,tr|A0AAN4ILY0|A0AAN4ILY0_SHISO,80.537,1.23e-86,4.091035098330319,17.349930984372744
increment,1.5,MNRVARGALLALAAWFVICSARADCFEQAASFQNVNPLILRAIAEQESHRNPDAVNRSRNSSEDLGLMQINSTWLPELRAYGLGTDTLYEPCKNVMIAAWILSENIGKYGNTWAAVGAYHSESPSLRDVYAKAIQRILQRWNLLTADQGLSN,tr|A0A4Q2AR86|A0A4Q2AR86_9BURK,62.329,1.89e-61,4.059647494795933,16.35636684478535
increment,1.5,MIPNVLSIFALGSIISAAAFAVVPAWADCFDKAGQYQKVDPLILKAIAYHESQGDPQALHRNANGTYDLGLMQINSSHLPKLSQFGISRATLFSACTNVYVSAWYLRSQMNRFGRTWDAVGAYNSEDAAKRDSYAKSIERILSKWKMLKQES,tr|A0A4P7CKI4|A0A4P7CKI4_9BURK,57.639,1.07e-58,4.1112622174305855,16.196486169359144
increment,1.5,TKVASKSPRVIKSAKMSMRQLMTTKFALLPISIVLGSFAILAIAPSNAYAQDCDSSMNNSELNSCATKDFNTIDSELNEVYDELKSVLSAERQKKLQKEQKAWMKFRDDTCEFETSRLEGGSIGSIFLLKCLIDITEQRFKELKQHLKNLVT,tr|A0A552G241|A0A552G241_MICAE,41.27,6.22e-29,4.029714556056412,14.8802765903007
increment,1.5,MGRKTFAALLLLLSFFVSQNAHADCYDTAASYQKVDPLILHSIAFQESHMSGDAVNKNKDGSVDLGLMQINSSHLPLLQEMGISRQKLLEPCVSVYLAAWLLSKAMDQYGNTWTAVGAYHSENPILRDAYSKKIIRYLISMPVLQPRASSGS,tr|A0A494Y9I9|A0A494Y9I9_9BURK,60.0,7.37e-58,4.080160005061385,15.266475006827548
increment,1.5,VNAVKYFATSLLLWMAASGLIASSQADCFAEAGGRQHVNPDLLRAIAWTESHYNPQAVNRNKNGSIDYGLMQINSIHLPVLQSLGITKSTLFNPCTNVYIAAWMLSGKMNRFGNSWKAVGSYNSEVPTKRDNYAQQIALILAKRGLAPTRPS,tr|A0A7Z7B5E6|A0A7Z7B5E6_9BURK,57.143,1.83e-57,4.102557299974805,15.866149406791337
increment,1.5,MPKVHFTKREETEAIFVHCSATKPSQNVGVDTIRQWHKEQGWLDVGYHFIIKRDGTVEEGKEEMAVGSHAKNYNNKSIGVCLVGGIDDKGKFESNFSPSQMKSLRSLLVELLAKYEDAVLKAHHDVAEKACPSFDLNRWLEKGELVTSDCGM,tr|A0AAE7VVL0|A0AAE7VVL0_9CAUD,82.119,1.92e-92,4.149192383352275,16.506204189654284
increment,1.5,FVNPQRKAFLDMVAWAEGTDNARQPTRYHGYDVIVGGKLFTDYSDHPRRLIDLTRLGIKSTAAGRYQLLSRWWDAYRKELGLKDFSPASQDAVALQQIKECKALPMIDEGEIEQAIDRCNNIWASLPGAGYGQYEQTIGSLIEEFREAGGTV,tr|A0A8E4IPV5|A0A8E4IPV5_ESCFE,81.457,1.2899999999999999e-89,4.127384388442134,16.18758061178552
increment,1.5,MTKGKILAGVAVLFLNGVALAAARDCIGSAGSMYQVDPLMLRSLAFQESQMSNAAVNKNNNGSYDLGLMQINSFHLSRLKQAGYKEERLLHSPCRSIYLGAYLLSQNISKSGNLPEAVGAYNSRDSSSPTLYTNNVISSIKRTSSTISSIPS,tr|A0A6P2GCX6|A0A6P2GCX6_9BURK,50.0,1.16e-31,3.947250779719016,15.337411073434971
increment,1.5,VKNSETYIIQNGPIMFVPIPCDLLNGLPDDTPQETVNPQDARIATNISACQDHREMESVKELIQCSYESFEDHDVELNEIYEELSTRLQAEQKQDLEAEQKSWLLEKDGKCKEYTSGFEGGTIEPTIYVQSMLDLTEKRTNTLADFLSGEED,tr|A0A552PIK1|A0A552PIK1_9CHRO,36.364,4.59e-17,4.0728531266283925,19.32919654325306
increment,1.5,MSLVVCSAAAAAVVLLPITSAKADCLDEAAAYQKINPLILKAIAQQESRGKPRAKHINTDGSLDIGLMQINSIHLESLARYGITKSSLMEPCKSVYIAAWHLKDKMDRTGNTWRAVGAYHSETPSLRDAYSKSIQSILAKWGAFPPKGDLAV,tr|A0A3P0MSE6|A0A3P0MSE6_9BURK,67.647,7.329999999999999e-67,4.037305613175943,15.733162719921584
increment,1.5,MKRRKISVFLLIAAILFSMVSARTDCFNEAGSYHKVNPLILRAIAWTESGFNPGAINKNNNGSKDIGIMQINSSHLTTLQRFNISAKSLFEPCKNVYIGAWYLRSKMARFGNTWNAVGAYHSETPSLRNNYSKSIVKILSKNKLMQMILSLK,tr|A0A6P3BHA5|A0A6P3BHA5_BURL3,60.69,6.68e-65,4.05137130393177,16.11799833846975
increment,1.5,MKSPAANLILLVTFSYTHESFCFEAAGEFAQVSPKLLYGISRTESAGTLDSVNLNHDKSWDIGILQINSIWLSYLKRFRISENHLLNDPCVNILVIAYFLSSCMATIGNWWDAVGCYNSPSEEKQAAYLESYYQEIESIASASLKLVPDSQK,tr|A0A7C1JQM4|A0A7C1JQM4_UNCNT,41.727,4.1400000000000003e-29,4.083649270977992,18.45242337996836
increment,1.5,MKKCPVCITVIVLSFSTSPFPKNCFKLAGEIFQIPPELLRAISKQESGLDKFAVGRNDNNSRDLGLMQINSFHLAKLQRFGIGERHLLHDPCLNVLVGAWILSDMMERFGYYPSAVGAYNSPSEPKRNHYISKIYVELSSGNIPIKSQLASI,tr|A0A2S9X5G7|A0A2S9X5G7_9NEIS,52.893,6.6299999999999996e-40,4.113553996814948,18.49563215579431
increment,1.5,KFNELSGKKTNFRKRENTEAIFVHCSATKPSQDVGVAEIRQWHVENGWLDIGYHFIIKKDGEVEEGRDENVIGSHVKNHNSNSLGVCLVGGLDEKKKFEANFTKSQMESLRSFLTSFTDKYEGAQLTAHHDVASKACPSFELKRWVETNELI,tr|A0AAE9BPH7|A0AAE9BPH7_9CAUD,73.611,1.8700000000000003e-80,4.0856097842633625,17.282363869703815
increment,1.5,MRARRTSFLLYSVLCITVFFSSSAQGDCWEDAGAAFAQDPLVLYAISAKESGLIEKSVNHNRDHSIDIGLMQINSSWLDVLSEMGITESRLRSDPCLSIFTGSWILSSKMREFGNSWDAVARYNGQSPSKSYKYLHSIKRYANVLKGNSESS,tr|A0A418WW31|A0A418WW31_9BURK,47.518,4.84e-36,4.065452311515443,15.79071266423505
increment,1.5,MSVNASSSLLLGLCLLFLLCCTGSASGSSGNSSSSNASSSDSSGSEGTSGDSSSSSSSGSGSGLSSGSGSSSSSSSLQSSSGTGLSSSSSSSNSLKPTLSSSLDASSSSSDSLSSGLSNLLGGSGSGWILLLLLLLLIVFGLIQASAKSGKS,tr|A0A1G6R1F5|A0A1G6R1F5_9BACI,22.652,0.28,2.754935945682534,6.057092055753862
increment,1.5,MPKVQFSKRDTTEAIFVHCSATKPDMNVGVREIRQWHMEQGWLDIGYHFIIKRDGTVEEGRDEMAIGSHVKGYNSTSIGVCLVGGIDDKGQFDANFTPSQMQSLRSLLVTLLAKYEGATLKAHHDVAPKACPSFDLKRWWETGELVTSDRGK,tr|A0A481S247|A0A481S247_9CAUD,86.093,3.1500000000000003e-100,4.194019791964871,16.860527804264585
increment,1.5,MRKVQFKKRETTEAIFVHCSATKASQDIGVGEIRQWHKEQGWLDVGYHFIIKKDGTIEEGRPEMAIGSHVKGYNSNSIGVCLVGGINEKGNEEANFTPSQMQSLRNLLHTLLAKYEDSVLKAHHDVSPKACPSFDLKRWWQKSEMVTSDWGT,tr|A0A5J6TE17|A0A5J6TE17_9CAUD,80.132,3.05e-92,4.192475042641955,17.02649840909826
increment,1.5,NQVSSARKAFLDMVAWSEGTDTGQQPTKYHGYDVIVGGNLFTDYSKHPRKLVTLSKLNLESNAAGRYQLLSKWWPAYKDQLGLKDFSPASQDVVALQQIEERGALPMIDEGYIESAIDSCSNIWASLPGVGYGQFEHKVGSLKERFEEYGGE,tr|A0A7L5X4W8|A0A7L5X4W8_9ESCH,77.181,5.33e-83,4.114131146613705,17.71867186929341
