model,temperature,sequence,pseudo_perplexity
two_stage,0.5,MSALKTLAAALLLGGSAAAMAADDLLTTSLLGHDPDYREAWQDMVKGEERLPDWVMNGSGTSTPMQALDEDGDKYLVGSACKPHDCANHRLIVAFSPDKKQAWGLLVEVADKPEALDHPSKHADYRWLGKPDDGMKAALQEQLKKDPNWRDY,11.894051789406348
two_stage,0.5,MKKAILAVLLLGGSAMAMAANDGQSRVNELLSAPEYRTTWAKVVKKEERLPEWVMNLSGTAEQMNAVTEDGDKYLVGPLCKTADTCKSKRLIVAFSLDKEDAYAMLVEVPAGLPADKSPTRHHATYRYLGKPDEGMQKLLNEELKKDPNWYY,12.628743644836302
two_stage,0.5,MKKALLLLLLLGGSASAMAADDLTLNSLLHDDATRAAATQMMKGEAHLPAWVTKGGTGTPAQTVSLGGDTYLVLSACKPHDCGSERIAVLWSPKSRQMAGLFSTVDEKTSQEKLTWLNVPDALSIDGKTVLFAALTGSLENHPDAFNFPASP,12.086237697591827
two_stage,0.5,MKKTLTALLLSLAAFSAQAANDGLTTSSLLHDPAYRASWQKMVKKEERLPAWVTKGVGTGTPAQTVTLGDETYQVLSACKPHDCGSQRIAVLWSPKSQQMTGLFSTVDEKTSQEKLTWLNVNDALSIDGKTVLFAALTGSLENNPDAFNYPE,11.35658735154737
two_stage,0.5,MAAHRAARARRRRARILAVAALAAAGLTLAAAPAQAAAPAPAAAPAAPAAPAAPAAPAAPAAPAAPAAPAAPAAPAAPAAPAAAPAAPAAPAAPAAPAAPAAPAAAPAAPAAAPAAPAAPAAPAAPAAPAAPAAPAAPAAAAAPAAAPAAAA,1.6886464641731367
two_stage,0.5,MLFSGKGKHRRPSKARKVLAAAAVTGAVVAAPLAVAAPANAASSVNWDAIAQCESGGNWSINTGNGYYGGLQFSASTWAAYGGTAYAAQANLATKAQQIAIAEKVLAGQGIGAWPVCGGRGLTPGWSAPAAPAAPAAPAAPAAPAAPAAPAA,6.757799448736159
two_stage,0.5,MKKLITLALLLAASASAMAQDDLTISSLAKGETTKAAFNQMVKGEANLPAWVMKGSGTSTPMQTVTLGGDTYLVMSACKPHDCGSQRIAVMWSPKSQQMTGLFSTVDEKTSQEKLTWLNVNDALSIDGKTVLFAALTGSLENHPDAFNYPSS,11.840910265340368
two_stage,0.5,MAAAAALLLLLLLLLGAAGAAAAAGAAGAGAAAGAAGAAAAGAAAGAAGAGAAGAAAAGAGAAAGAAGAAAAAAAAGAAGAAGAAAGAAAGAAAAAGAGAAAAAAAAAAAGAGAAAAGAAAGAAGAAGAGAAAGAAGAAAAGAAAAAAAAAA,1.6212286993593046
two_stage,0.5,MKKALLLALLLSASASAMAADDLTINSLLKGDTTKAAANQMMKGEAHLPAWVTKGSGTSTPAQTVNLGGDTYLVLSACKPHDCGSERIAVLWSPKSQQMSGVFSTVDEKTSQEKLTWLNVPDALSIDGKTVLFAALTGSLENHPDAFNYPGS,12.210540094408412
two_stage,0.5,MKKALLAALLLGASASAMAANDGQYRVNELLPHDAAYSKAFAQEKHLPKWVMNLSGTGTPAQTVTLGGETYQVLSACKPHDCGSQRIAVLWSPKSQQMTGLFSTVDEKTSQEKLTWLNVNDALSIDGKTVLFAALTGSLENHPDAFNFPASK,11.362730115550374
two_stage,0.5,MKKLKTLALALLLGGSASAMAADDLTTSDLIHDPDYKEAWQDTVKGEERLPDWVMNLSGTATPMNAVEEDGDKYLVGQLCKPHDCAYKRLIVAFSWDKDDAYALLVEVPEGLPSDKSPTRHADYRWLGKPDDGMKKLLMEQLKKDPNWKDVK,12.512633137663025
two_stage,0.5,MKKLHTALLLAGLGISASAMAADDLTISSLAKGETTKAAFNQMVKEEKLPAWVTKGVGTSTPAQTVTLGGDTYLVMSACKPHDCGSQRIAVMWSPKSQQMTGLFSTVDEKTSQEKLTWLNVNDALSIDGKTVLFAALTGSLENHPDAFNYPE,11.1005705779647
two_stage,0.5,MKKTLLALALLAASASAMAADDLTISSLAHDEATKAAFNQMVKGEKNLPAWVRKGVGTSTPAQSVNIAGDQYLVLSACKPHDCGSERIAVLWSPAKQQMAGVFSTVDEKTSQEKLQWLNVPDALSIDGKTVLFAALSGSLENHPDAFNYPAS,10.720962063444484
two_stage,0.5,MKPLHTLLALALLGGSAAALAADDGLTPADLLQQPAYRAAWQRMLAGEARLPAWVRRGVGTSTPAQRVTLDGQPWLVYSACKPHDCASERIAVLYAPAERRIAGVFSRVDEAGALQWLNLPGPLSIDGRTVLYAALTGSLENHPDAFNFPAP,9.34389971657711
two_stage,0.5,MKKAITTAALLLASASAMAANDGQRRNELLSADPQYRETWQGVVKKEERLPEWVMNLSGTAEQMNAVEEDGDKYLVGPLCETADTCLNKRLIVAFSLDKEDAYAMLVEVPAGLPADKKSPTRHADYRFLGKPDEGMQKLLMETLKKDPNWYY,13.690746869941622
two_stage,0.5,MKKSLTLLFLLLSGSASAIAQDDLTSSLLKGETTKKAWNQMVKGEKNLPAWVTKGGTGTPAQTVTLGGETYLVLSACKPHDCGSQRIAVLWSPKSQQMTGLFSTVDEKTSQEKLTWLNVNDALSIDGKTVLFAALTGSLENHPDAFNFPASK,11.826944957658988
two_stage,0.5,MKKSLSALLLSAALLSGSAMAADDLTLSSLLSHDPATRAAFNQMVKEHHLPAWVMKGGGTGTPAQTVSLGGDQYLVLSACKPHDCGSQRIAVLWSPKSQQMTGLFSTVDEKTSQEKLTWLNVNDALSIDGKTVLFAALTGSLENHPDAFNYP,10.421706971418034
two_stage,0.5,MKRLVALALLALPLAAAPALAADPAPAPAPAAAPAPAAAPAAAPAPAPAPAPAPAPAPAPAPAPAPAPAPAPAPAPAPAPAPAPAPAPAPAPAPAPAPAPAPAPAPAPAPAPAPAPAPAPAPAPAPAPAPAPAPAPAPAPAPAPAPAPAPAP,1.3370690192352082
two_stage,0.5,MKKALAAALLLGASASAMAANDGQSRVNELLSAPEYRTTWAKVVKKEERLPEWVINLSGAAEQQMSAVTEDGDKYLVGPLCETADTCKSKRLIVAFSLDKEDAYAMLVEVPAGLPADKSPTRHATYRYLGKPDEGMQKLLNEELKKDPNWYY,12.22838533088254
two_stage,0.5,MSARHDRTRRTSTRRRVLGVAVTGAVLGGGALAATAAPAAADSVNWDAIAQCESGGNWSINTGNGYYGGLQFSSSTWAAYGGTAYAPRADLATREQQIAIAEKVLAGQGIGAWPVCGGRGLTPGWAPHAAPAPAPAPAPAPAPAPAPAPAPR,6.851139439764356
two_stage,0.5,MKKALLAALLLGAGSMAAMAADGQSRANELLSAPEYRETWQGVVKKEERLPEWVMNLSGTAEQMNAVTEDGDKYLVGPLCETADTCLNKRLIVAFSLDKEDAYAMLVEVPAGLPADKKSPTRHATYRYLGKPDEGMQKLLNEQLKKDPNWYY,12.718466589595838
two_stage,0.5,MKKALLAALLLGSGSAMAANDGQTRVNELIQAPEWKATFQKEERLPEWVMNLSGTATQMNAVTEDGDKYLVGQLCKPHDCTYKRLIVAFSWDKDDAYAMLVEVPEGLPADKSPTRHADYRFLGKPDEGMQKLLMEQLKKDPGNWVDAKPSAK,12.309017526113776
two_stage,0.5,MKKTLTLLALLLASTSAMAADDTLTISSLPHDAATRAAFNKMVAGHKLPAWVTKGGTGTPAQTVTLGGDQYLVLSACKPHDCGSERIAVLWSPAKQQMSGLFSTVDEKTSQEKLTWLNVPDALSIDGKTVLFAALTGSLENHPDAFNFPASK,10.807063476458088
two_stage,0.5,MSECADTTRTSSRKRRRALALAGVVAAGAGLALSATAANAAGGSPNWDAIAQCESGGNWSINTGNGYYGGLQFSASTWAAYGGTAYAATANQASKAQQIAIAEKVLAGQGIGAWPVCGGRGLTPAGWTPPAAPAAPAAPAAPAPPAAPAAPR,7.740607819999124
two_stage,0.5,MKKAITLVLLLAASASAMAQDDLTISSLAKGETTKAAFNQMVQGHKLPAWVMKGGGTSTPAQTVTLGDETYLVMSACKPHDCGSQRIAVMWSPKSQQMTGLFSTIDEKTSQEKLTWLNVNDALSIDGKTVLFAALTGSLENHPDAFNYPSGE,11.926599124919175
two_stage,0.5,MKKILTALLLSGSAMAMAANDGPYLNELLGHDATYRAAWQKMVKGEERLPKWVMNLSGTGTPAQTVSLGGDPYLVLSACKPHDCGSQRIAVLWSPQKQQMSGVFSTVDEKTSGQERLTWLNVPDALSIDGKTVLFAALSGSLENHPDAFNYP,12.024535168875591
two_stage,0.5,MKKLIRLALLSASLALAGSAMAADDVLTLNSLAHDAATKAAFNKMVAGHHLPAWVTKGGTGTPAQNVSIAGNQYLVLSACKPHDCGSERIAVLYSPAKKQMAGVFSTVDEKTSQEKLTWLNVPDALSIDGKTVLFAALSGSLENHPDAFNYP,10.847507429926004
two_stage,0.5,MAFARDRKRSTVRKGLAVAALAGAAATAASLAAPAGTASAAPAGANWDAIAQCESGGNWSINTGNGYHGGLQFSPSTWAAHGGTAYAPSANLATREQQIAVANRVLASQGIGAWPVCGRRGLSGAVAPAPAPAPAPAPAPAPAPAPAPAAPR,6.796790696905096
two_stage,0.5,MKKALTALLLLGGSAMAMAANDGQTRVNELLSAPEYRATWQKEERLPDWVINGSGAEQMSAVTEDGDKYLVGPLCETADTCLNKRLIVAFSLDKEDAYAMLVEVPAGLPADKSPTRHADYRFLGKPDEGMQKLLMEQLKKDPNWWNPPSSSS,12.231967917101102
two_stage,0.5,MKKLLLLLLLLGASTSAMAQDDLTISSLAKGETTKAAFNQMVQPEKLPAWVMKGGTYTPAQTVTLGGETYLVMSACKPHDCGSQRIAVMWSPKSQQMTGLFSTIDEKTSQEKLTWLNVNDALSIDGKTVLFAALTGSLENHPDAFNFPTSTE,12.175100608757608
two_stage,0.5,MALAALLALLLLAAGAALAGAAAAAGAAAAAGAGAAAAAGAAGAAAGAAGAGAAGAAAGAAGAAGAAAAAAAGAAGAAGAAGAAGAAAAAGAAGAAGAAAGAAGAAGAAGAAGAAGAAGAAAAAGAAGAAGAAGAAGAAGAAGAAAAAAAAA,1.6264783766933648
two_stage,0.5,MKKALLLALSLGLSASAMAANDGVYTSDLLGHDAAYRAAWQKMVKGEKNVPAWVRKGVGTSTPAQNVSIAGNQYLVLSACKPHDCGSNRIAVLYAPASKKIAGVFSTVDEKTSQEKLTWLNVPDELSIDGKTVLFAALTGSLENHPDAFNYP,11.085246482833972
two_stage,0.5,MKKMKTLLLSLLLGGSASAMAQDDLTLNSLLHQPGYQAAWQHMVKGEKNLPAWVTGTGTPAQTVNLGGDTYQVLSACKPHDCGSERIAVLWSPKSQQMSGLFSTVDEKTSQEKLTWLNVPDALSIDGKTVLFAALTGSLENHPDAFNFPASP,12.376086618337052
two_stage,0.5,MKKLLTLLLLGGSASAMAAANDGLTANQLLQDDQYRETWQGVVKKEERLPEWVMNLSGTAQMNAVTEDGDKYLVGPLCETADTCLNKRLIVAFSLDKEHAYAMLVEVPAGLPADKSPTRHADYRFLGKPDEGMQKLLMEQLKKDPNWYPDAK,12.597256749966592
two_stage,0.5,MKKALLLSLSLLLGATSAMAADDLTINSLAKGETTKAAFNQMVAGHKLPAWVTKGVGTSTPAQTVSIGGDTYLVLSACKPHDCGSQRIAVLWSPKSQQMSGVFSTVDEKTSQEKLTWLNVPDALSIDGKTVLFAALTGSLENHPDAFNYPGS,10.888596814531919
two_stage,0.5,MKKLKTLAAALLMGGSAMAMAANDGQSRVNELLSAPEYRTTWQKVVKKEERLPEWVINLSGASEQQMTAVTEDGDKYLVGPLCETADCKSKRLIVAFSLDKEDAYAMLVEVPAGLPADKSPTRHATYRYLGKPDEGMQKLLNETLKKDPNWY,12.486976241454611
two_stage,0.5,MAPAPAPAAAPAPAPAPAAAAAPAAAPAPAPAAAAAPAAAPAPAAAPAPAAAAAPAAAPAAAAAAAPAPAAAAAAAPAAAPAPAPAPAPAAAAAPAAAAAPAAAPAAAPAPAPAPAPAPAPAAAPAPAPAPAPAPAPAPAPAPAPAPAAAPA,1.627919488096863
two_stage,0.5,MKRSTAALLAAAALAAAPAAHAADDLTASALAADPATRGAWDRLARCESGGRWHINTGNGYHGGLQFSPSTWRAHGGGAYAPSADRATREQQIAVAERVLASQGWGAWPACSARLGLRSAPTPRTVPPPPPPPPPPPPPPPPPPPPPPPPPR,6.581249510117361
two_stage,0.5,MKKFHTLAAALLLGGSAAAMAANDGQYRLNELLPHDAAYRAAWQQGHHLPAWVTTGGTGTPAQTVTLGGDTYQVLSACKPHDCGSQRIAVLWSPKSQQMTGLFSTVDEKTSQEKLTWLNVNDALSIDGKTVLFAALTGSLENHPDAFNYPGS,11.740935381286569
two_stage,0.5,MKKALTLAALLLASTSAMAANDGLTINSLLKGDTTKAAFNQMVQGHKLPAWVMKGGGTSTPAQTVTLGGDTYLVMSACKPHDCGSQRIAVMWSEKSNQMTGLFSTIDEKTSQEKLTWLNVNDALSIDGKTVLFAALTGSLENHPDAFNYPSS,11.567188295239578
two_stage,0.5,MAALLALLLLAGALLLGLAAAAGAAGLAALAAAGAAAGAAAAAAAAAAAAGAAGAAGAAAAAAAAGAAGAGAAAAAAAAGAAAGAAAAGAAAAAAGAAGAAGAAGAAGAAGAAAAAGAAAGAAGAAGAAAAAAAAGAAGAAAAAGAAAAAAA,1.926396420036317
two_stage,0.5,MKKALTALLLSLSAMAMAANDGQSRVNELLSSAPEYRTTWQKVVKKEERLPEWVMNLSGTAEQMNAVTEDGDKYLVGPLCETADTCKSKRLIVAFSLDKEDAYAMLVEVPAGLPADKSPTRHHATYRYLGKPDEGMQKLLNEELRKDPNWYY,13.07264707656621
two_stage,0.5,MKKALTTALLLLGSAMAMAANDGQSRANELLSAPEYRTTWAKVVKKEERLPEWVMNLSGTAEQMNAVTEDGDKYLVGPLCETADTCKSKRLIVAFSLDKEDAYAMLVEVPAGLPADKSPTRHHATYRYLGKPDEGMQKLLNEELRKDPNWYY,13.341005770313599
two_stage,0.5,MKKLHTLALLAAALLGSGAALAADDTLTLNDLAHGPEYRAAWQHMVKPEAWLRKGVGTGTPAQTVTLGGDTYQVLSACKPHDCGSERIAVLWSPASRQMSGVFSTVDEKTSQEKLTWLNVPDALSIDGKTVLFAALSGSLENHPDAFNYPGQ,11.969652791279032
two_stage,0.5,MKKLLTTALLLASASAMAANDGLTLNSLLGHDATYRAAWQQMVKPEHLPAWVTNGSGTGTPAQTVTLGGETYQVLSACKPHDCGSQRIAVLWSPKSQQMTGLFSTVDEKTSQEKLTWLNVNDALSIDGKTVLFAALTGSLENHPDAFNYPAS,11.119078347263246
two_stage,0.5,MKKALALILLAASASAMAANDGVVRTSDLAHDPAYRAAWQKMVKGESRLPAWVMNLSGTSTPAQTVSLGGDSYLVLSACKPHDCGSERIAVLWSPAKQQMSGVFSTVDEKTSAQERLTWLNVPDALSIDGRTVLFAALSGSLENHPDAFNYP,11.29156304223109
two_stage,0.5,MKKALLTALLLGASASAMAANDGQTRNELLHDPAYRASWQKMVKGEKNLPAWVRNGSGTSTPAQTVNLGGDSYLVLSACKPHDCGSQRIAVLWSPKSQQMTGLFSTVDEKTSQEKLTWLNVNDALSIDGKTVLFAALTGSLENNPDAFNYPE,11.41234611732259
two_stage,0.5,MKKAIALVLSLASASAMAANDGLTTNSLLGHDAAYRAAWQHMVKGEARLPAWVMNLSGTGTPAQTVSLGGDQYLVLSACKPHDCGSERIAVLWSPQKQQMSGLFSTVDEKTSQEKLTWLNVPDALSIDGKTVLFAALSGSLENHPDAFNYPE,12.058875879410262
two_stage,0.5,AAPAAAAPAAAAAPAAAAAPAAAAAAPAAAAAPAAAAAPAAAPAPAPAPAPAPAPAPAPAPAPAPAPAPAPAPAPAPAPAPAPAPAPAPAPAPAPAPAPAPAPAPAPAPAPAPAPAPAPAPAPAPAPAPAPAPAPAPAPAPAPAPAPAPAPA,1.0590580652235306
two_stage,0.5,MKKPLLLLLLSLPAAAPALAADDTLTLSALPHDAATRAAFDRMVAGHRLPAWVTKGGTGSPAQRVSLAGKPYLVLSACKPHDCGSERIAVLYEPASQRMAGLFSTVDEKTSQERLTWLNVPDALSIDGKTVLFAALSGSLENHPDAFNYPAP,9.762038330662167
two_stage,0.5,MKKTLTALFLSLSAIATSAMAQDDLTISSLAKGETTKAAFNQMVQGHKLPAWVMKGGGTSTPAQTVTLGDETYQVMSACKPHDCGSQRIAVMWSEKSNQMTGLFSTIDEKTSQEKLTWLNVNDALSIDGKTVLFAALTGSLENHPDAFNYPE,11.959875879401407
two_stage,0.5,APAAAPAAAPAAAPAAAPAAAAAPAAAPAAAPAAAAAAAPAAAAAAPAAAPAPAPAAAPAAAAAPAPAPAAAPAPAAAPAPAPAAAPAAAPAAAPAPAPAPAPAPAPAAAAAPAPAAAPAPAPAPAAAPAPAPAAAPAPAPAAAPAAAAAPA,1.5182719419831887
two_stage,0.5,MFKALTALLLSAGALSAMAADDQVRLNQLLGSDPQYRETWQGMIKGEERLPDWVMNLSGTSTPAQTVSLGGDTYLVMSACKPHDCGSQRIAVLWSPQKQQMTGLFSTVDEKTSQEKLTWLNVSDALSIDGKTVLFAALSGSLENHPDAFNYP,11.492605361688364
two_stage,0.5,MKKAILLALLLSASASAIAQDDLTSSLLKGETTKKAWNQMVKGEERLPAWVTKGVGTSTPAQTVTLGGDTYLVMSACKPHDCGSQRIAVMWSEKSNQMTGLFSTIDEKTSQEKLTWLNVNDALSIDGKTVLFAALTGSLENHPDAFNFPSSS,12.153957338133146
two_stage,0.5,AAAAAAAAAAAAAARAAAAAAAAAAAAAAAAAAAAPAAAAAPAAAPAPAPAPAPAPAPAPAPAPAPAPAPAPAPAPAPAPAPAPAPAPAPAPAPAPAPAPAPAPAPAPAPAPAPAPAPAPAPAPAPAPAPAPAPAPAPAPAPAPAPAPAPAP,1.1685066868917018
two_stage,0.5,MKKPLLLASLLLASASAMAADDTLTFNALPHDAAARAAFNQMVKGEAHLPAWVTKGGTGTPAQKVTLGGDTYLVLSACKPHDCGSERIAVLYSPAKKQMAGLFSTVDEKTSQEKLTWLNVPDALSIDGKTVLFAALSGSLENHPDAFNYPAS,10.863903847976767
two_stage,0.5,MSARNDRRTSLRRIAVRGVGLAAVAGALVAVPLSASTATAAAASPNWDAIAQCESGGNWSINTGNGYYGGLQFSASTWAAYGGTAYAATANQATREQQIAIAEKVLAGQGIGAWPVCGGRGLTPAGWTPPAAAPAAPAAPAAPAAPAAPASR,7.494566285968803
two_stage,0.5,MPAHRRPSLRRRRVRTLAAAALAGAALTLAPAAPAQAAAPAAAPAAAGVADPASAQAIAREMVAARGWGDDQFSCLVPLWQRESGWRVNAYNASSGAYGIPQALPGSKMASAGADWATNPATQITWGLGYIAGRYGSPCGAWGHFQANGWYG,9.368819012352825
two_stage,0.5,MKKLLTTLLLAASASAMAANDGQVRLNELLHDPAYRASWQKMVKGEERLPAWVMNLSGTSTPMQSVSLGGDQYLVLSACKPHDCGSQRIAVLWSPQKQQMSGLFSTVDEKTSQQERLTWLNVPDALSIDGKTVLFAALSGSLENHPDAFNYP,10.854948260204146
two_stage,0.5,MTTTTSTRRRALGWAAVTAALAAAPLALSTGTASAASVNWDAVAQCESGGNWSINTGNGYYGGLQFSASTWAAYGGTQYAATANQATKAQQIAIAEKVLAGQGIGAWPVCGGPLTSGAAAPAPAPAPAPAPAPAPAPAPAPAPAPAPAPAPA,5.7205343513557745
two_stage,0.5,MKKLIALALSLASASAMAANDGLTLNSLLHDPATSKAWSNMIKGEERLPAWVMNGSGTGTPAQKVNIAGDQYLVLSACKPHDCGSERIAVLWSEKSKQMAGVFSTVDEKTSQEKLTWLNVPDALSIDGKTVLFAALTGSLENHPDAFNYPAS,12.07730198645025
two_stage,0.5,MKKALTALLLSLGAFSAMAANDGTRTNELLSAPEYRTTWAKVVKKEERLPEWVMNLSGTAEQMNAVTEDGDKYLVGPLCETADTCKSKRLIVAFSLDKEDAYAMLVEVPAGLPADKSPTRHATYRYLGKPDEGMQKLLNETLKKDPNWYDAK,12.422596519960322
two_stage,0.5,MKKALALALLLGGSASAMAANDGQTRANELISDPQYRETWQGVVKKEERLPEWVMNLSGTAEQMNAVEEDGDKYLVGPLCETADTCLNKRLIVAFSLDKEDAYAMLVEVPAGLPADKKSPTRHADYRFLGKPDEGMQKLLMEQLKKDPNWYY,13.359583298669378
two_stage,0.5,MKKLLPALLLSLSALSASALAQDDLTSSLLHQPGYQQAWQKMVKGEKNLPAWVRKGVGTGTPMQTVTLGGETYQVLSACKPHDCGSQRIAVLWSPKSQQMTGLFSTVDEKTSQEKLTWLNVNDALSIDGKTVLFAALTGSLENHPDAFNYPE,10.796530683004915
two_stage,0.5,MKKALVAALLLGASASAMAANDGTRTNELLSSDPEYRATWQGVVKKEERLPEWVMNLSGTAEQMNAVTEDGDKYLVGQLCKPHDCANKRLIVAFSLDKEDAYAMLVEVPAGLPADKSPTRHADYRFLGKPDEGMQKLLMEQLKKDPNWYDAK,12.22420018300908
two_stage,0.5,MTTTTTSNRRRALGWAAVTGALAAAPLALSAGTASAASHNWDAVAQCESGGNWSINTGNGYYGGLQFSASTWAAYGGTAYAATANQATKAQQIAIAEKVLAGQGKGAWPVCGGPLSSGAAAPAAPAAPAAPAAPAAPAAPAAPAAPAAPAAH,6.073738283678763
two_stage,0.5,MKKALIAAALLLGGSAAAMAANDGQYRTSELLKGETYQQAWQSGHNLPAWLRNGSGTGTPAQTVTLGGETYQVLSACKPHDCGSQRIAVLWSPKSQQMTGLFSTVDEKTSQEKLTWLNVNDALSIDGKTVLFAALTGSLENHPDAFNFPASQ,11.350669940411013
two_stage,0.5,MKKHLLLLSLLLLSGSAMAQADDYTLNSLAGHDAATRAAFNQMVKGHQLPAWVTKGTGSPAQSVSLGGDQYLVLSACKPHDCGSERIAVLYSPAKKQMAGLFSTVDEKTSQEKLTWLNVPDALSIDGKTVLFAALTGSLENHPDAFNFPAAK,11.076652344726543
two_stage,0.5,MTRLSFKALAAALLLGGAAAAQAADDLTTSSLAHDPETRAAWQQTVKGEERLPEWVMNLSGTATPMQAVTEDGDKYLVGQLCKPHDCAYKRLIVAFSWDKDDAYALLVEVPEGLPADKSPTRHAQYRWLGKPDDGMKALLQEQLKKDPNWYY,11.886376953366373
two_stage,0.5,MKKALTLLLLAASASAMAANDGQRRNELLSSDPEYRATWQGVVKKEERLPEWVMNLSGTAEQMNAVTEDGDKYLVGQLCKPHDCANKRLIVAFSLDKEDAYAMLVEVPEGLPADKSPTRHADYRFLGKPDEGMQKLLMETLKKDPNWNPDAK,12.351189981666433
two_stage,0.5,MSVRHRKPTTTGRTVAKIAATGVAFGAAGAVLAPAAPAASSVNWDAIAQCESGGNWSINTGNGYYGGLQFSSSTWAAYGGTAYAARADLATKAQQIAIAEKVLAGQGIGAWPVCGRRGASPWWTPPPPPPPPPPPPPPPPPPPPPPPPPPPR,7.409935356158162
two_stage,0.5,MKKPLLALLLSLSASAHAHAQDDLTPAALAAAGLTKPAWQAVARCESGGNWHINTGNGYHGGLQFSPSTWASHGGTAYAPRADLATPEQQIAVAQKVLATQGVGAWPVCGRRGLSSAPAPAAAPAPAPAPAPAPAPAPAPAPAPAPAPAPAR,6.31866470177204
two_stage,0.5,MKIRTALALALLAGAAAAHAADDLTLNSLLPHDAAVSAAWHRMVAPEHVPAWVTTGGTGSPAQRVTLAGKPWLVLSACKPHDCGSERIAVLYAPAEHRMAGLFSTVDEKTSQERLTWLNVPDALSIDGKTVLFAALTGSLENHPDAFNYPAP,11.262611758045828
two_stage,0.5,MKKLIALALLLGASASAMAADDLTLNSLLGHDAAYRAAWQKMVKGEANLPAWVRNGSGTSTPAQSVSIAGNQYLVLSACKPHDCGSERIAVLYAPASKKIAGVFSTVDEKTSQEKLTWLNVPDALSIDGKTVLFAALTGSLENHPDAFNYPG,10.794563821316133
two_stage,0.5,MRAALALAALALLALAPAAAAADAALAPLAAPAAAPAAAPAAAPAAAPAAAPAAAPAAAPAAAPAAAPAAAPAAAPAAAPAAAPAAAPAAAPAAAPAAAPAAAPAAAPAAAPAAAPAAAPAAAPAAAPAAAPAAAPAAAPAAAPAAAPAAAP,1.339243927437284
two_stage,0.5,MKKALTALLLSGAAAMAMAANDGQSRVNELLSSAPEYRTTWAKVVKKEERLPEWVINLSGAAEQQMTAVTEDGDKYLVGPLCETADTCKSKRLIVAFSLDKEDAYAMLVEVPAGLPADKSPTRHATYRYLGKPDEGMQKLLNEELRKDPNWY,12.595382148614696
two_stage,0.5,MSFSGKHRKPTTTSSRKVRTAAWVAATGALVAAPLAIAATPASAAPSPNWDAIAQCESGGNWSINTGNGFYGGLQFKPSTWAANGGVGSPANASREQQIAVANNVLATQGIGAWPVCGARGGAPAPAPAPAPAPAPAPAPAPAPAPAPAPAS,6.634242332230928
two_stage,0.5,MSARHRRPTTTGRTVAKIAATGAVLAGGGIALAGTANAADSGVNWDAIAQCESGGNWSINTGNGYYGGLQFSSSTWAAYGGTAYAPRADLATKEQQIAIAEKVLAGQGIGAWPVCGGRGLSPAPAPREVPPPPPPPPPPPPPPPPPPPPPPP,7.05146265352235
two_stage,0.5,MKKALTLLLLSAAATSAMAADDDLTISSLAHDEATRAAFNQMVQGHKLPAWVMKGGTGTPAQTVTLGGDTYLVLSACKPHDCGSQRIAVLWSPKSQQMTGLFSTIDEKTSQEKLTWLNVNDALSIDGKTVLFAALTGSLENHPDAFNFPSSN,11.255986581916265
two_stage,0.5,MSALKTLAAALLLGGSAAALAADDGLTLSSLAGDAGYRAAWQKMAKGEARLPAWVRKGVGTSTPAQRVSLGGDTYLVLSACKPHDCGSERIAVLYSPAKRQMAGVFSTVDEKTSQERLTWLNVPDALSIDGKTVLFAALSGSLENHPDAFNY,10.326602339564234
two_stage,0.5,MKKLKTLALALLLGGSASAMAADDLTTSDLIHDPDYKEAWQDMVKGEERLPEWVMNLSGTATPMNAVEEDGDKYLVGQLCKPHDCTYKRLIVAFSWDKDDAYALLVEVPEGLPSDKSPTRHADYRWLGKPDDGMKKLLMEQLKKDPNWKDVK,12.30042615199518
two_stage,0.5,MKKALTTLLLLGASASAMAADDQSRVNELLSSAPEYRTTWAKVVKKEERLPEWVMNLSGTAEQMNAVTEDGDKYLVGPLCETADTCKSKRLIVAFSLDKEDAYAMLVEVPAGLPADKKSPTRHATYRYLGKPDEGMQKLLNEELKKDPNWYY,12.094064421156457
two_stage,0.5,MKKALTAALLLLGASASAMAADDLLTTSSLLHDPAYRASWQKMVKGESRLPAWVMNLSGTGTPAQTVNLGGDQYLVLSACKPHDCGSERIAVLWSPQKQQMAGLFSTVDEKTSQEKLTWLNVPDALSIDGKTVLFAALSGSLENHPDAFNYP,11.423551637179168
two_stage,0.5,MKKALLAALLLGASASAMAANDGQSRVNELLSSDPQYRETWQGVVKKEERLPEWVMNLSGTAEQMNAVEEDGDKYLVGPLCETADTCLNKRLIVAFSLDKEDAYAMLVEVPAGLPADKKSPTRHADYRFLGKPDEGMQKLLMEQLKKDPNWY,12.605244866605368
two_stage,0.5,MSAAAIRRTASSRRTLVKVAAAGAALAALPLAVAGTASAAPAPAPAPAPVAKADSVNWDAIAQCESGGNWSINTGNGYYGGLQFSPSAWAAHGGTAYAPTANQATKAQQIAVAEKVLASQGPGAWPKCGAAAGLPLWSWIAKPIQQIIAAAR,8.961326018958436
two_stage,0.5,MKKALLLLALLGASASAMAADDTLTISALPHDAATRAAFNRMVAGHQLPAWVTKGGTGTPAQRVTLGGDAYLVLSACKPHDCGSERIAVLWSPAKQQMSGVFSTVDEKTSQERLTWLNVPDALSIDGKTVLFAALSGSLENHPDAFNFPASP,11.024733237455557
two_stage,0.5,MKKAILAASLLVASASAMAADDTLTINSLAKGETTKAAFNQMVQGEKLPAWVMKGSGTSTPAQTVTLGGDTYLVMSACKPHDCGSQRIAVMWSPKSQQMTGLFSTVDEKTSQEKLTWLNVNDALSIDGKTVLFAALTGSLENHPDAFNYPAS,10.99681450150919
two_stage,0.5,MKKFHTLAAALLLGGSAAAMAADDLTISSLAHDAATRASWQQMVKGEKNLPAWVRKGVGTSTPAQKVSLGGDTYLVLSACKPHDCGSERIAVLWSPQKQQMAGLFSTVDEKTSQEKLTWLNVPDALSIDGKTVLFAALSGSLENHPDAFNYP,11.394056363250652
two_stage,0.5,MKKLHTLAALLLLGGSAAAMAADDLTISSLAHDEATRAAFNQMVQGEKLPAWVRKGVGTSTPAQTVTLGGDTYLVLSACKPHDCGSQRIAVLWSPKSQQMTGLFSTVDEKTSQEKLTWLNVPDALSIDGKTVLFAALSGSLENHPDAFNYPE,10.968667274966153
two_stage,0.5,MKKALTLLFLSLASVSAMAANDGLTLNSLLHDAATKKAATQMVKGEEHLPKWVMNGSGTGTPAQTVKIGGDTYQVLSACKPHDCGSERIAVLWSEKSKQMAGVFSTVDEKTSQEKLTWLNVPDALSIDGKTVLFAALTGSLENHPDAFNYPE,12.592984200753644
two_stage,0.5,MKKLLPALLLSLSALSASAIAQDDLTSSLLHQPGYQATWQKMVKGEKNLPAWVRKGVGTSTPMQTVTLGGETYQVMSACKPHDCGSQRIAVLWSPKSQQMTGLFSTVDEKTSQEKLTWLNVNDALSIDGKTVLFAALTGSLENHPDAFNYPE,11.62607765914473
two_stage,0.5,MKKALTALLLSATALSAMAANDGSTTTSLLGHDAAYRAAWQKMVKGEARLPAWVMNLSGTGTPAQTVSLGGDQYLVLSACKPHDCGSERIAVLWSPQKQQMTGLFSTVDEKTSQEKLTWLNVPDALSIDGKTVLFAALSGSLENHPDAFNYP,11.07812362546145
two_stage,0.5,MKKALTTAVLLAASASAMAAGDDLTTSSLLHDPAYRASWQQMVKKEERLPAWVMNGSGTSTPAQTVSLGGDQYLVLSACKPHDCGSQRIAVLWSPKSQQMSGLFSTVDEKTSQEKLTWLNVPDALSIDGKTVLFAALSGSLENHPDAFNYPE,11.564438954149585
two_stage,0.5,MTNFSIRRVARVAVAGAIVAAPLAAAAGTASAAPVSTWDQVAQCESGGNWSINTGNGYYGGLQFSASTWAAYGGTAYAATANLATKEQQIAIAEKVLAGQGWGAWPACSAKLGLSSAPTPREVAPAPAPAPAPAPAPAPAPAPAPAPAPAPA,6.071975554481581
two_stage,0.5,MKKLKLLLAALLLGGSASAMAADDLTSSLLKGETTKAAFNQMVAGHQLPAWVTKGGTGTPAQTVTLGGETYQVLSACKPHDCGSQRIAVMWSPKSQQMTGLFSTIDEKTSQEKLTWLNVNDALSIDGKTVLFAALTGSLENHPDAFNYPSAQ,11.368433940951
two_stage,0.5,MKNLKTLALALLMGGSAMAMAANDGQSRANELLSAPEYRTTWAKVVKKEERLPEWVMNLSGTAEQMNAVTEDGDKYLVGPLCETADTCKSKRLIVAFSLDKEDAYAMLVEVPAGLPADKSPTRHATYRYLGKPDEGMQKLLNETLKKDPNWY,12.672464518822336
two_stage,0.5,MKKALTLLALLLGSGSAMAANDGQVRANELLQAPEYRETWQKTVKGEERLPDWVTGLSTPMQAVTEDGDKYLVGQLCKPHDCFNKRLIVAFSWDKDDAYAMLVEVPDNPPADKSPTRHADYRWLGKPDDGMKALLQEQLKKDPNWKDGFDFK,12.502413266986785
two_stage,0.5,MKKALAAALLLGASASAMAANDGQSRVNELLSAPEYRETWQGVVKKEERLPEWVINLSGASEQQMSAVTEDGDKYLVGPLCETADTCLNKRLIVAFSLDKEDAYAMLVEVPAGLPADKSPTRHADYRFLGKPDEGMQKLLMEQLKKDPNWYY,12.478207153584979
two_stage,0.5,MAAGLLLLLLLLLLAGAGLLALAAGAGAAAGAAAAAPAAAAAAAAAAAAAGAAGAAGAAAAAGAAGAGAAAAGAAAGAAAAGAAGAAAAAGAAGAAAAAGAAAGAAAAGAAGAAAAAAAGAAGAAGAAAAAAAAGAAGAAGAAGAAAAAAAA,1.741555688662011
two_stage,0.5,MKKTTLLAALLLAGSASAMAANDGQYRLNELLSAPGYSKAWQHMVHSPAWLRKGVGTGTPAQTVTLGGDTYQVLSACKPHDCGSQRIAVLWSPKSHQMTGLFSTVDEKTSQEKLTWLNVNDALSIDGKTVLFAALTGSLENHPDAFNYPAGK,12.107305575441291
two_stage,1.0,MKKNLLLLSLLLLSASAMAADDDLTLNSLAKDEATRAAWNKMVKGQKNLPAWVRKGVGTSTPAQTVKIGGDTYQVLSACKPHDCGSQRIAVLWSEKSRQMAGVFSTVDEKTSQEKLTWLNVPDALSIDGKTVLFAALTGSLENHPDAFNFKK,11.545889045816311
two_stage,1.0,MKKAITTAALLLTASTAAFAADDDLTISSLAGDETTRAAFNQMVQGHKLPAWVMKGGTYTPAQTVTFGDETYLVMSACKPHDCGSQRIAVMWSPKSQQMTGLFSTIDEKTSQEKLTWLNVNDALSIDGKTVLFAALTGSLENHPDAFNYPSS,11.194465700701286
two_stage,1.0,MAAALALPALLAGRAAAGATADDAAAAAAAAAAAAAPAAAAPAAPAAPAAPAAPAAPAAPAAPAAPAAPAAPAAPAAPAAPAAPAAPAAPAAPAAPAAPAAPAAPAAPAAPAAPAPAAPAAPAAPAAPAPAAPAAPAAPAAPAPAAPAAPAA,1.4171530580893785
two_stage,1.0,MAKHRRPSKARRALALAGAAAVAAAAPLAISTATASADSVNWDAIAQCESGGNWSINTGNGYYGGLQFSSSTWAAHGGTQYAATANQATKAQQIAVAEKVLASQGIGAWPVCGKKAGSAPAPAAAPAPAAAPAPAPAPAPAPAPAPAPAPAS,6.647751145857098
two_stage,1.0,MARHRKPRTSNRNVAKAAAAVVAAGAALAAPAAPASAASSVNWDAVAQCESGGNWSINTGNGYYGGLQFSASTWAAHGGTAYAATANQATKAQQIAVAEKVLASQGPGAWPVCGGPLSSAPAAPAAPAAPAAPAAPAAPAAPAAPAAPAAPA,6.239011787012725
two_stage,1.0,MRRPHAAALALALLALAGAARAADPRARADARADARADARADARADARADARADARADARADARARADARADARADARARADARADARADARADARADARADARADARARADARADARADARADARADARADARARARARADARADARADAR,1.4680723571201784
two_stage,1.0,MTTDRIRRIRTLGKRALGAAAVTGALVALPLAASTGTASAAPSPNWDAIAQCESGGNWHANTGNGFYGGLQFKPSTWAANGGVGSPATASREEQIRVAENVLRTQGLKAWPKCGAAGGLPAGWYSHPAQGVKAIINGLIQAAQAAPAPAAPR,9.856514065095974
two_stage,1.0,MPAAKHRRIRTRSSVRRGLIAAATGAAALAAPLAVAGTASAAPAQAAADQAAADQAAADQAAADQAAADQAVADQAAADQAAADQAAADQAAADQAAADQAAADQAAADAAAAQAAADAAAAQAAADAAAAQAAAQGGDPAAQAAAQQAAAR,2.215589933717369
two_stage,1.0,MIRRIVLALALLAAPAAARAYDDCELARLAAANGFPRDQLAAWTCIARHESSYRTSATNRNTNGSTDYGIFQINSRYWCQPPSGRYNDCGISCSALLTDDITRSVACAKKIKAQQGWTAWVAWRNHCRGRSLPDISSCFGGSSSSSSSSSSS,10.678899460875364
two_stage,1.0,MKSIHTLLAAALLGGGALAAQAADVTLNSLLGHDAATRAAFNQMVQGHQLPAWVRKGVGTSTPAQTVSLGGDPYLVLSACKPHDCGSQRIAVLWSPRSQQMTGLFSTIDEKTSQEKLTWLNVPDALSIDGKTVLFAALSGSLENHPDAFNYP,11.115426916425307
two_stage,1.0,MKKSLTIAAALLLGGAAFAANAADVTLNSLLPHDPAYRAAWQNMVKGEKNLPAWVRNGVGTSTPAQSVSIAGQQYLVLSACKPHDCGSERIAVLYAPASKKIAGVFSTVDEKTSQEKLTWLNVPDELSIDGKTVLFAALSGSLENHPDAFNY,10.803423579599043
two_stage,1.0,AQAPAAAPAAAAAPAPAAAAAPAPAALAAAPAPAAAPAPAAAPAPAAAPAPAAAPAPAAAPAPAAAPAPAAAPAPAAAPAPAAAPAPAAAPAPAAAPAPAAAPAPAAAPAPAAAPAPAAAPAPAAAPAPAAAPAPAAAPAPAAAPAPAAAPA,1.218235133197507
two_stage,1.0,MKSIHILAALLLGGSALAAQAADDLTISSLAKGETTKAAFNQMVQGHKLPAWVMKGGTYTPAQTVTLGDETYQVMSACKPHDCGSQRIAVMWSPKSQQMTGLFSTIDEKTSQEKLTWLNVNDALSIDGKTVLFAALTGSLENHPDAFNYPSS,11.61496415290254
two_stage,1.0,MKKSLALLLLLGSSSALAAQDLTTSSLLGHEPATKAAFNQMVKGEKNLPAWVRKGVGTGTPAQTVNLGGETYQVLSACKPHDCGSERIAVLWSEKSRQMSGVFSTVDEKTSQEKLTWLNVPDALSIDGKTVLFAALTGSLENHPDAFNYPGE,12.50026541122591
two_stage,1.0,MKVFKTLAAALLMGGSAMVMAANDGQSRANELLSAPEYRTTWAKVVKKEERLPEWVMNLSGTAEQMNAVTEDGDKYLVGQLCKPHDCKSKRLIVAFSLDKEDAYAMLVEVPAGLPADKSPTRHATYRYLGKPDEGMQKLLNEELRKDPNWYY,13.3288980398614
two_stage,1.0,MRRAAALLLLLLLVAAAPALAAAPAAAAAPAAAPAAAAPAAPAAPAAPAAPAAPAAPAAPAAPAAPAAPAAPAAPAAPAAPAAPAPAAPAAPAAPAAPAAPAAPAAPAAPAAPAAPAAPAAPAAAPAAPAAPAAPAAPAAPAAPAAPAAPAA,1.3093339102110353
two_stage,1.0,MARLSVKAIALSLLLAGATAAQAADCSTIAATALAGTPLAQSAAHAVIKVESNYRCNARGRAGEIGLMQIKPATARAMGYTGSAKGLYDPATNITYGMKYLAMAQKLGGGTTCGTILKYNAGHGATRMNRISAAYCSKVKVQMAALGSPAPR,12.035896133586641
two_stage,1.0,MKKSLLLLSLSLASASAMAANDELTLNSLLGHDADYRAAWQHMVKGQHALKWVTKGTSTPAQRVSLGGDQYLVLSACKPHDCGSNRIAVLWSPAKQQMSGVFSTVDEKTSQEKLTWLNVPDALSIDGKTVLFAALSGSLENHPDAFNYPSGK,11.8765994631127
two_stage,1.0,MKAFVLVLCLLPALALAKVFERCELAREMSNLGVPRDQLARWTCIAEHESSYNTKATNYNPSSKSTDYGIFQINSKYWCQDGGPSYNECHISCSALLTDDITKSVECAKKIFREHGFTAWYGWKNHCQGKTLPDISGCFNSSSSSDDDDDDD,12.970787066629734
two_stage,1.0,MNSTKRVLGLAVAGGAAVAAPLAVAGNASAATASEWDAVAQCESGGNWSINTGNGYYGGLQFSASTWAAYGGTAYASTADQATKAQQIAIAEKVLAGQGKGAWPVCGGPLSSSTPRDVPAAPAAPAAPAAPAAPAAPAAPAAPAAPAAPAAH,6.692727348633836
two_stage,1.0,MRSFVVLLLLLPVAALAKVYDRCSLAREMSNLGVPRDQLANWVCLAEHESSYNTQATNYNPSSQSTDYGIFQINSRYWCNPPGPSYNDCHISCSALLTDDITNSVECAKKIFREHGFTAWVAWRNHCQGKTLPDISGCFNSGSSSSSSSSSS,12.7208207882126
two_stage,1.0,MFKAIATALLLGGAASVMAANDGQSRVNELLSSAPEYRTTWAKVVKKEERLPEWVINLSGSAEQQMSAVTEDGDKYLVGPLCETADTCLNKRLIVAFSLDKEDAYAMLVEVPAGLPADKSPTRHADYRFLGKPDEGMQKLLMEQLKKDPNWY,13.006048914471807
two_stage,1.0,MKKLLLASLLLGSASAMAQADDLTISSLAHDEAAKASFNQMVKGEANLPAWVRKGVGTSTPAQKVSLGGDSYLVLSACKPHDCGSQRIAVLWSEKSQQMSGVFSTVDEKTSQEKLTWLNVPDALSIDGKTVLFAALSGSLENHPDAFNYPAQ,11.404454652511216
two_stage,1.0,MKKTLTALFLSLAAFGANAADDTLTTSSLAKGETTQAAWNQMVKGEKHLPAWVMKGGTGTPAQTVTLGDETYQVMSACKPHDCGSQRIAVMWSPKSNQMTGLFSTVDEKTSQEKLTWLNVNDALSIDGKTVLFAALTGSLENHPDAFNFPAE,11.88128273388121
two_stage,1.0,MPAHRTGTPRRRTRTAAVLAGAALAGALLAAPAAAAPAPAPASAPAPAPAPAPAPAPAPAPAPAPAPAPAPAPAPAPASAPAPAPAPAPAPAPAPAPAPAPAPAPASASAPAPAPAPAPAPASAPAPAPAPASAPAPAPASAPAPAPASAPA,1.7234198001615675
two_stage,1.0,MKKSIIAVSLLLAGTSAFAADTVVTTSELLHQPGYKQAWQNMVKGEKNVPAWVRKGVGTSTPAQNVKIGGDTYQVLSACKPHDCGSNRIAVLFSEDKKQMSGVFSTVDEKTSQEKLTWLNVPDALSIDGKTVLFAALSGSLENHPDAFNYPE,11.794351242759996
two_stage,1.0,MKKALLLSLLLLASASAMAADDYTLNSLLGHDAAYRAAFDKMVKGEKNLPAWVRKGGTGTPAQSVNIAGDQYLVLSACKPHDCGSQRIAVLYSPAKKQMAGLFSTVDEKTSQEKLTWLNVPDALSIDGKTVLFAALTGSLENHPDAFNYPAN,11.185472517281408
two_stage,1.0,MKLHPALLLSLLLLSGSAQAADYTLNSLLHDPATRAEWNKMVKGEKNLPAWVTKGGTGTPAQSVNIGGDAYLVLSACKPHDCGSERIAVLYSPAKKQMAGVFSTVDEKTSQEKLTWLNVPDALSIDGKTVLFAALTGSLENHPDAFNFPAAK,10.682322854597391
two_stage,1.0,MKNTRTRALGLAAVTGAAVAAPLAVAGTASAAPASTWDRLAQCESGGNWSINTGNGYYGGLQFSASTWAAYGGTAYASTANQASKAQQIAIAEKVLAGQGWGAWPSCSASLGLSSAPTPRTAPAPAPAPAPAPAPAPAPAPAPAPAPAPAPA,6.084184491915868
two_stage,1.0,MKAFIVLLCLLPAAALGKVFERCELARTMSNLGVPRDQLANWVCLAEHESSYNTRATNYNPSSQSTDYGIFQINSRYWCNPPGPSYNDCNISCSALLTDDITNSVICAKKIFREHGFTAWVAWRNHCQGKTLPDISGCFNSGSSSSSSSSSS,13.031095068852231
two_stage,1.0,MRRVLLPAAALALALLAAPAALAAAAPAAAPAAAPAAAPAAAPAAAPAPAPAAAPAPAPAAAPAPAPAPAAAPAPAPAAAPAPAAAPAPAAAPAAAPAAAPAPAAAPAAAPAPAPAAAPAPAAAPAPAAAPAAAPAPAAAPAPAAAPAPAPA,1.5042927759620577
two_stage,1.0,MARHRKPTNTRTVAKIAVTGAALGGGGIALAGQAAAATDSEWDAVAQCESGGNWSINTGNGYYGGVQFSQSTWAAHGGTQYAARADLATKEQQIAVAEKVLATQGKGAWPVCGGPLSSSTPRNVAPAPAPAPAPAPAPAPAPAPAPAPAPAS,8.447164745165741
two_stage,1.0,MKSVFFLLLLAASAKVFERCELARTLKRSGMDGYRGVSLANWVCLAKWESSYNTRATNYNPGSQSTDYGIFQINSRYWCNNGTPSHNACNIPCSALLQDDVTVAINCAKRIVREQGITAWVAWRNHCRNRDVSSYVEGCGVYTSTDLISGGF,16.50304523722187
two_stage,1.0,MRRNVRVALAAGLLALAPAAALAAAPAAPAAPAAPAAPAAPAAPAPAAPAAPAAPAAPAAPAAPAAPAAPAAPAAPAAPAAPAAPAAPAAPAAPAAPAAPAAPAAPAAPAAPAAPAAPAAPAAPAAPAAPAAPAAPAAPAAPAAPAAPAAPR,1.2956134770848873
two_stage,1.0,MTTTHTPTRRARRALLLAAAAGTGAAALTLAAAPAHAAAPAAAPAPAPAPAPAPAPAPAPAPAPAPAPAPAPAPAPAPAPAPAPAPAPAPAPAPAPAPAPAPAPAPAPAPAPAPAPAPAPAPAPAPAPAPAPAPAPAPAPAPAPAPAPAPAP,1.50736026377651
two_stage,1.0,MTNFSSRRRILLLAVAGGALAAAPLALSTGTASAASHNWDAVAQCESGGNWSINTGNGYYGGLQFSSSTWAAHGGTAYAATANQATKAQQIAVAEKVLASQGKGAWPVCGGPLSSGTARSAPAAPAPAAPAAPAAPAAPAAPAAPAAPAAPA,6.641413122777933
two_stage,1.0,MAASLSHRLAAVALLAGGATALAAAGWSGAAAAAPAAWAAAAAPAAPAAPAPAAPAAPAAPAAPAAPAAPAAPAAPAAPAAPAAPAAPAAPAAPAPAAPAAPAAAPAAPAAPAAPAAPAPAAPAAPAPAAPAAPAAPAAPAAPAAPAAPAAP,1.6706577781593286
two_stage,1.0,MSGRHRKPTTTGRTVAKTAAAGAIAAGGAALAAAPANAASGVNWDAIAQCESGGNWSINTGNGYHGGLQFSPSTWAAHGGTQYAATANQATREQQIAVAERVLASQGIGAWPVCGRRGGSAAPWTPRSAPAPAPAPAPAPAPAPAPAPAPAS,7.602074961420096
two_stage,1.0,MKIPSSGRTVAKIAVTGAVLGGGAIALAGQASAATDSEWDQVARCESGGNWSINTGNGYYGGVQFSQSTWAAHGGTQYASSANLATKEQQIAVAEKVLATQGKGAWPVCGGPLSSSTPRSVPAPAPAPAPAPAPAPAPAPAPAPAPAPAPAS,7.087841579374606
two_stage,1.0,MSAAAAAAAALALPAARAGAAAAAPAAPAAPAPAAPAAPAAPAAPAAPAAPAAAPAAPAAPAAPAAPAAPAAPAAPAALAAPAAPAAPAAPAAPAAPAAAAAPAAPAAPAAPAAPAAPAAPAAPAAPAAPAAPAAPAAPAAAAAPAAPAAPA,1.491592285959782
two_stage,1.0,MARHRKPTSARTVAKIAVTGAIVAAPMIALAGTASAAPSVNWDAIAQCESGGNWSINTGNGYYGGLQFSASTWAAYGGTQYAATANQATKAQQIAVAEKVLAGQGIGAWPVCGGPAGSTPVWSAPAAPAAPAAPAAPAAPAAPAAPAAPAAS,6.872919318516446
two_stage,1.0,MKKGLIAAALLLGGSAMAMAANDGSRTNELLSADPQYRETWQGVVKKEERLPEWVMNLSGTAEQMNAVTEDGDKYLVGPLCETADTCKNKRLIVAFSLDKEDAYAMLVEVPAGLPADKSPTRHATYRYLGKPDEGMQKLLNEQLKKDPNWYY,12.567701775638943
two_stage,1.0,MKKLIPLLLLLAAPAAFAQDDLTISSLAAGDKATAAAFNQMVKGEARLPAWVTKGGTGTPAQNVSIGGDSYLVLSACKPHDCGSERIAVLYAPASKKIAGVFSTVDEKTSQEKLTWLNVPDALSIDGKTVLFAALSGSLENHPDAFNFPASQ,10.475561624559854
two_stage,1.0,MKASVLVFLLLLTLASAKVFERCELARTLKRFGLDGYRGVSLANWVCLAKWESSYNTRATNYNPGDRSTDYGIFQINSRYWCNNGTPTANACNIPCSALLQDDVTVAINCAKRIVREQGITAWVAWRNHCRNRDVSSYVQGCGVRGSGDVRG,15.718318866334553
two_stage,1.0,MARHSSKRQISVRKLVLTGAVLGAGAALAAPAASAATDSEWDQVARCESGGNWAINTGNGYHGGVQFSPSTWAAHGGTQYAPSAELATKEQQIAVAEKVLASQGKGAWPVCGGPLSSSTPRTAPAPAPAPAPAPAPAPAPAPAPAPAPAPAS,7.10371617817553
two_stage,1.0,MKKAITLLSLLLISTSAMAQDDLTISSLAKGETTKAAFNQMVQGHKLPAWVMKGGTYTPAQTVTLGDETYLVMSACKPHDCGSQRIAVMWSEKSNQMTGLFSTIDEKTSQEKLTWLNVNDALSIDGKTVLFAALTGSLENHPDAFNFPTSAE,11.653214506864359
two_stage,1.0,AAPAAAPAAAPAAAPAAAPAPAAAPAAAPAAAPAAPAVAALAPAAAPAAAPAAAPAAAPAAAPAAAPAAAPAAAPAAAPAAAPAAAPAAAPAAAPAAAPAAAPAAAPAAAPAAAPAAAPAAAPAAAPAAAPAAAPAAAPAAAPAAAPAAAPA,1.1384853686869205
two_stage,1.0,MKKIITALFLSLTSFGANAANTRVNELLSSDPQYRETWQSVVKKEERLPEWVMNLSGTAEQMNAVEEDGDKYLVGPLCETADTCLNKRLIVAFSLDKEDAYAMLVEVPAGLPADKSPKRHADYRFLGKPDEGMQKLLMEQLKKDPNWKADFK,13.080718703762152
two_stage,1.0,MRKLRPLLLALPLLAAAPALAQPAAPAAAPAPAPAPAVAPAPASAPAPAPAPAPAPAPAPAPASAPAPAPAPAPAPAPAPAPAPAPAPAPAPAPAPAPAPAPAPAPAPAPAPAPAPAPAPAPAPAPAPAPAPAPAPAPAPAPAPAPAPAPSP,1.4579972540125012
two_stage,1.0,MKKILLAAALLASPAAFAADVTLSSLLSHDAPTRAAWNQMVKGEARLPAWVTKGVGTGTPAQRVSIGGDQWLVLSACKPHDCGSERIAVLYSPAKKQMAGVFSTVDEKTSQEKLTWLNVPDALSIDGKTVLFAALSGSLENHPDAFNYPASK,10.61208037706487
two_stage,1.0,MKKTLLTLLLLGASASAMAQDDLTISSLAKGETTKAAFNQMVQGEKLPAWVMKGSGTSTPAQTVTLGDETYLVMSACKPHDCGSQRIAVMWSPKSQQMTGLFSTIDEKTSQEKLTWLNVNDALSIDGKTVLFAALTGSLENHPDAFNFPTGK,10.916278297753127
two_stage,1.0,MKNISVRKIAVTGAAFALPFAALAGTASAAPDSTWDQLAQCESGGNWAINTGNGYYGGLQFSASTWAAYGGTAYASTANQATKAQQIAIAEKVLAGQGWGAWPSCSASLGLSSAPTPREVPAPAPAPAPAPAPAPAPAPAPAPAPAPAPAPA,6.506557540532337
two_stage,1.0,MKKFHTLAAALLLAGSAAAMAADDLTISSLAHDEATRAAFNQMVQGHKLPAWVTKGGTGTPAQTVTLGGDTYLVLSACKPHDCGSERIAVLWSPKSQQMSGVFSTVDEKTSQEKLTWLNVPDALSIDGKTVLFAALSGSLENHPDAFNYPGS,11.169774003723619
two_stage,1.0,MKKSLLLFSLLLLAGSAMAADAPVTLNDLLHQPGYKAAFNKMVKGEKNLPAWVRKGVGTSTPAQTVNIGGDQYLVLSSCKPHDCGSNRIAVLYSPAKKKIAGVFSTVDEKTSQEKLTWLNLPDELSIDGKTVLFAALTGSLENHPDAFNYPE,10.992052253909723
two_stage,1.0,MKKALTALLLSLTAIAAMAANDGQRRNELLSSAPEYRTTWAKVVKKEERLPEWVMNLSGTAEQMNAVTEDGDKYLVGPLCETADTCKSKRLIVAFSLDKEDAYAMLVEVPAGLPADKSPTRHATYRYLGKPDEGMQKLLNETLRKDPNWYDE,13.457938787768102
two_stage,1.0,MKKIITTALLLLTAHSAMAANDGQTRVNELLSSDPQYRETWQGVVKKEERLPEWVMNLSGTAEQMNAVEEDGDKYLVGPLCETADTCLNKRLIVAFSLDKEDAYAMLVEVPAGLPADKSPTRHADYRFLGKPDEGMQKLLMEQLKKDPNWYK,12.89698052605584
two_stage,1.0,AAAPAAAPAPAAAPAAAAAAAPAAAPALAAAPAALAAPAPPAPAAAPAAAPAAAPAPAAAPAPAAAPAAAPAAAPAPAAAPAPAAAPAPAAAPAAAPAAAPAAAAAPAPAAAPAASAAPAAAPAAAPAAAPAPAAAPAAAPAAAPAAAAAGA,1.5972703575151599
two_stage,1.0,MSSFKALALALLMGGSAMVMAANDGQSRVNELLSSAPEYRTTWAKVVKKEERLPEWVMNLSGTAEQMNAVTEDGDKYLVGPLCETADTCKSKRLIVAFSLDKEDAYAMLVEVPAGLPADKSPTRHATYRYLGKPDEGMQKLLNETLKKDPNW,12.985399733935491
two_stage,1.0,MFKFITAVALLAASASAMAANDGQSRVNELISSGVPRDQAARWTCLAQHESGFNTAATNHNTNGSTDYGLFQINSKYWCSPPGGHSYNECGISCNALLTDDITNSARCAQKVLSQQGWSAWYGWKNHCQGKSLPDISGCFGGSSSSSSSSSS,12.092109185735202
two_stage,1.0,MKKALLAGSLLLAGSAMAANDGQRRNELLSSDPQYRETWQGVVKKEERLPEWVMNLSGTAEQMNAVEEDGDKYLVGQLCKPHDCAYKRLIVAFSLDKEDAYAMLVEVPEGLPADKSPTRHADYRFLGKPDEGMQKLLMEQLKKDPNWKDVKS,12.732133072599167
two_stage,1.0,MKKLIALSLLLLSPLAFAADGDLTLSSLAHDPATKAEWNKMVKGEKNLPAWVRKGVGTSTPAQRVSIAGDAYLVLSACKPHDCGSERIAVLWSEKSRQMAGVFSTVDEKTSQEKLTWLNVPDALSIDGKTVLFAALSGSLENHPDAFNYPSE,11.46658801893082
two_stage,1.0,MKKIITAVLLSLASFSAMAANDGQTRVNELLSSAPEYRETWQKTERLPEWVINLSGTAEQMNAVTEDGDKYLVGPLCETADTCLNKRLIVAFSLDKEDAYAMLVEVPAGLPADKSPTRHATYRFLGKPDEGMQKLLMEQLKKDPNWYDAPSK,12.146206756410656
two_stage,1.0,MRRRLLPLLALPLALAACSTAAAPAPAPAPAPAPAPARAPAPARAPAPAPAPARAPAPAPAPAPAPAPARARAPARARARAPAPARAPARAPAPARAPAPAPARAPAPARAPAPAPAPAPAPAPAPARAPARAPAPARAPAPARARAPAPAR,1.7689572114000993
two_stage,1.0,MTSFKTLAAALLLGGSAAAMAADDLTNSLLSSDPQYREAWQGVVKKEERLPEWVMNLSGTATQMNAVEEDGDKYLVGQLCKPHDCLNKRLIVAFSLDKEDAYAMLVEVPAGLPADKSPTRHADYRFLGKPDEGMQKLLMEQLKKDPNWNDAK,12.024571794304826
two_stage,1.0,MNVRNLLAVALLAAGATAALAAPAPAPAPAPAPAPAPAPAPAAPAPAPAPAPAPAPAPAPAPAPAPAPAPAPAPAPAPAPAPAPAPAPAPAPAPAPAPAPAPAPAAAPAPAPAPAPAPAPASAPAPAPAPAPAPAPAPAPATAPAPASAPAR,1.5106121388721931
two_stage,1.0,MKKAILLASLLAVSASAMAADDLTINSLLKGDTTTRAAFNQMVQGHKLPAWVMKGGGTSTPAQTVTLGGDTYLVMSACKPHDCGSQRIAVMWSPKSQQMTGLFSTIDEKTSQEKLTWLNVNDALSIDGKTVLFAALTGSLENHPDAFNFPAS,11.346383850379581
two_stage,1.0,MTKISNSGRTVAKVAVTGAIAAAPMAAAAGTASAATDSEWDQVAQCESGGNWSINTGNGYYGGLQFSPSTWAAYGGTQYAATANQATKAQQIAIAEKVLAGQGKGAWPVCGGPLSSSTPRTAPAPAPAPAPAPAPAPAPAPAPAPAPAPAPA,7.267353856363488
two_stage,1.0,MLSTTLLSLFLLLSAEATLPPPATTTSTTSSSSSSSSSSSSSSSTTTTTTTTTTPTTTTTTTATTTTTTTPTATTTSTTTTTTATTTTTTTTTTTTTTTSTTTTSSSSSSSSSSSSSSSSSSSSSSSSGGGGGGGGGGGGGGGGSGGGGGGG,1.9999250832891255
two_stage,1.0,MKKILLTLLLSATPLLAIAQDGLTTNSLLHDAATRASWNKMVKGEARLPAWVTKGTYTPAQNVTIAGNTYQVLSACKPHDCGSERIAVLYAPASKKIAGVFSTVDEKTSQEKLTWLNVPDALSIDGKTVLFAALTGSLENHPDAFNFPASAK,11.171158210000122
two_stage,1.0,MSARSDKHRRPSTSGRTIAKVAVTGALVAAPLALSTGTASAAPSPNWDAIAQCESGGNWSINTGNGYYGGLQFSQSTWAAHGGTAYAPRADLATKEQQIAVANRVLASQGPGAWPVCGGPGLTPGWVQHAAQGVQAAAQAAQAAAQAAAPAR,8.709042366969266
two_stage,1.0,MKNFKTLLAALLLSGSASAFAQDDLTINSLAHDEATKASFNQMVKGEANLPAWVRKGVGTSTPAQTVNLGGDTYLVLSACKPHDCGSQRIAVLWSPKSQQMTGLFSTVDEKTSQEKLTWLNVNDALSIDGKTVLFAALSGSLENHPDAFNYP,11.680161563365386
two_stage,1.0,MARHRKPTSARTVAKVAVAGAIVAAPLAAAAGTASAASGVNWDAIAQCESGGNWSINTGNGYYGGLQFSASTWAAYGGTQYAATANQATKAQQIAVAEKVLAGQGIGAWPVCGGPAGSTPAYNGAAAAPAAPAAPAAPAAPAAPAAPAAPAA,6.893272711259943
two_stage,1.0,MKKILLALSLSLASFSANAQDDLTINSLLKGETTKAAWNQMVKGEKNLPAWVMKGGTGTPAQTVTLGDETYQVMSACKPHDCGSQRIAVMWSEKSNQMTGLFSTIDEKTSQEKLTWLNVNDALSIDGKTVLFAALTGSLENHPDAFNYPSSK,11.52000496078752
two_stage,1.0,MKNRISIRTLRVAAVTGALVAAPLAAAAGTASAATASEWDQVAQCESGGNWSINTGNGYYGGLQFSASTWAAYGGTQYAATANQATKAQQIAIAEKVLAGQGKGAWPVCGGPLSSSTPRSAPAPAPAPAPAPAPAPAPAPAPAPAPAPAPAA,6.751099379642754
two_stage,1.0,MKAALILGLLLLSVTVQGKVFERCELARTLKRLGLDGYRGISLANWVCLAKWESSYNTRATNYNPGDQSTDYGIFQINSHYWCNDGTTSHNACHISCSALLQDDVTAAIACAKRIVREQGITAWVAWRSHCRDHDVSSYVEGCGVYAPPSNS,15.512794641399802
two_stage,1.0,MKKSLIALSLLLAGSASAMAADDTLTISALPGDATTRAAFDKMVKGEARLPAWVRKGVGTSTPAQKVSIGGDTYLVLSACKPHDCGSERIAVLWSPQKQQMAGLFSTVDEKTSQEKLTWLNVPDALSIDGKTVLFAALSGSLENHPDAFNYP,10.749836742325993
two_stage,1.0,MLRRALLLGALSLPLAACAAPAAQAAAAAPAAAAPAPAPAPAPAPAPAPAPAPAPAPAPAPAPAPAPAPAPAPAPAPAPAPAPAPAPAPAPAPAPAPAPAPAPAPAPAPAPAPAPAPAPAPAPAPAPAPAPAPAPAPAPAPAPAPAPAPAPA,1.3670591504053902
two_stage,1.0,MKNRISIRALRVAAVTGAAVAVPFAVAAGTASAATASEWDQVAQCESGGNWSINTGNGYYGGLQFSASTWAAYGGTQYAATANQATKAQQIAIAEKVLAGQGKGAWPVCGGPLSSSTPRSAPAPAPAPAPAPAPAPAPAPAPAPAPAPAPAG,6.800984331540692
two_stage,1.0,MIRTRALALALLLGGAAAAQAATPAAAPAPAPAPAAVAAAPAAAPAAAPAAAPAAAPAAAPAAAPAAAPAAAPAAAPAAAPAAAPAAAPAAAPAAAPAAAPAAAPAAAPAAAPAAAPAAAPAAAPAAAPAAAPAAAPAAAPAAAPAAAPAAA,1.4295997454041223
two_stage,1.0,MTTRTSKTRRRALGLAAAAAAAVAVPLAASTATASAASVNWDAVAQCESGGNWSINTGNGYYGGLQFSASTWAAYGGTAYAATANQATKAQQIAVAEKVLASQGPGAWPVCGGPLSSSTPRTAPAAPAAPAAPAAPAAPAAPAAPAAPAAPA,6.197731271824333
two_stage,1.0,MRLLLLLPLLLLLLSALAAPAAAAAARGAALAGALAAAPAAPAAPAAPAAPAAPAAPAAPAAPAAPAAPAAPAAPAAPAAPAAPAAPAAPAAAPAAPAAPAAPAAPAAPAAPAPAAPAAPAAPAAPAAPAAPAAPAAPAAPAAPAAPAAPAA,1.4435331490189443
two_stage,1.0,MRSVLVLFLLLSVAAQGKVFERCELARTLKRSGMDYRGVSLANWVCLTKWESSYNTRATNHNTDGSTDYGIFQINSRWWCNDGKTPGAKNACGISCSALLQDVSVAITCAKRIVREQGITAWVAWRSHCRDRDVSSYVEGCGVSSSSNVDIF,16.0406685737586
two_stage,1.0,MKKGLALALALLAGAGAAQAADDLTGPSLASLAGSDAAYRAAWNAMVARPAWLRKGVGTSTPAQRVSLAGQPWLVLSACKPHDCGSERIAVLYAPASRRIAGVFSTVDEKTGQERLTWLNVPDALSIDGKTVLFAALSGSLENHPDAFNYPG,10.086675869322944
two_stage,1.0,MKKLILAALLLSAASASAQAQAPAPAPAPAPAAPAVAPAPAAPAPAPAPAPAPAPAPAPAPAPAPAPAPAPAPAPAPAPAPAPAPAPAPAPAPAPAPAPAPAPAPAPAPAPAPAPAPAPAPAPAPAPAPAPAPAPAPAPAPAPAPAPAPAPA,1.3280412958654397
two_stage,1.0,AAPAAAPAAAPAAAPAAAPAAAPAAAPAPSAAPAAAPAAAPAAAPAPAAAPAAAPAAAPAAAPAAAPAPAAAPAPAAAPAPAAAPAAAPAAAPAAAPAAAAAPAAAPAPAAAPAAAAAPAPGAAPAAAPAAAPAAAPAAAPAAAPAPAAAPA,1.2474408657746947
two_stage,1.0,MKKTLLAALLLLSGSAMAAANDGQSRVNELLSSDPTYREAWQDTVKKEERLPEWVMNLSGTAEQMNAVEEDGDKYLVGQLCKPHDCLNKRLIVAFSLDKEDAYAMLVEVPEGLPADKSPTRHADYRFLGKPDEGMQKLLMEQLKKDPNWYDK,12.544987445029422
two_stage,1.0,MTTTRNVRTATLAAAALLAGAGTTLAAAPAQAAEPAAVAAAPAAAPAAAPAAAPAAAPAAAPAAAPAAAPAAAPAAAPAAAPAAPAAAPAAPAAAPAAAPAAAPAAAPAAAPAAAPAAAPAAAPAAAPAAAPAAAPAAAPAAAPAAAPAAAR,1.4881233127927254
two_stage,1.0,MKKPLLLALLLSAASASALAADGFTPAQLAASDPEYRAAWQGAVKHEERLPEWVINLSGTSSSAEQMNAVTEDGDKYLVGQLCEAHNCFNHRLIVAFSWDKKHAYALLVEVPEGLPADKSPTRHASYRWLGKPDDGMKALLQEQLKKDPNWY,11.829601677160277
two_stage,1.0,MALLGLLLLLALAAAAALAATDAAARAAAARAARAARAARAARAARAAQAARAAQAARAAQAAQAAQAAQAARAAQAAQAARAAQAAQAAQAAQAAQAAAAVAAAAQAAQAAAQAARAARAAQAARAAQAARAAQAARAARAARAARAAQAA,1.92954570219335
two_stage,1.0,MFKALAAALLLGGSAMVMAANDGQSRVNELLSAPEYRTTWAKVVKKEERLPEWVINLSGASEQQMTAATEDGDKYLVGPLCETADTCKSKRLIVAFSLDKEDAYAMLVEVPAGLPADKSPTRHATYRYLGKPDEGMQKLLNEELRKDPNWYY,13.34210371062598
two_stage,1.0,MKKALTLAALLAAPAAALAADDGLTLNSLAHDPATRAAFNQMVKGHQLPKWVTTGGTGTPAQSVKLGGDTYLVLSACKPHDCGSERIAVLWSPAKQQMAGLFSTVDEKTSQEKLTWLNVPDALSIDGKTVLFAALSGSLENHPDAFNYPSGK,10.310886720056368
two_stage,1.0,MSGRHRKPTTTGRTVAKVAVTGAIFGTAGVALAGNASAAPAPNWDAIAQCESGGNWAINTGNGYHGGLQFSPSTWAAHGGTQYAATANQATKEQQIAVAEKVLASQGPGAWPVCGGPAGAAAPAAPAAPAAPAAPAAPAAPAAPAAPAAPAA,6.732528318272037
two_stage,1.0,APAAPAAPAAPAAPAAPAAPAPAAPAAPAAPAAPAAPAAPAAPAAPAAPAAPAAQAAPAAPAAPAAPAAPAAPAAPAARAAPAAPAAPAAPAAPAAPAAPAAPAAPAAPAAPAAPAAPAAPAAPAAPAAPAAPAAPAAPAAPAAPAAPAAPA,1.1378183404516855
two_stage,1.0,MARHRRSSSGRTVAKVAVTGAIVAAPLAIAAGSASAATDSEWDAVAQCESGGNWSINTGNGYYGGLQFSASTWAAYGGTQYAATADQASKAQQIEIAEKVLAGQGKGAWPVCGGPLSSSTPRDVAPAPAPAPAPAPAPAPAPAPAPAPAPAS,7.275060214271268
two_stage,1.0,MKRILLAVLLSGAALSAQAADDTLTISSLAGDEATRAAWNQMIKGEARLPAWVMNGSGTSTPMQTVSLGGDQYLVMSACKPHDCGSQRIAVLWSPKSQQMTGLFSTVDEKTSQEKLTWLNVSDALSIDGKTVLFAALTGSLENHPDAFNYPE,11.117066824245882
two_stage,1.0,MKKTLLALALLASGAAHAADLDLTSSLSHDAATRAAFNQMVKGEANLPAWVRKGVGTSTPMQSVNLGGDQYLVLSACKPHDCGSERIAVLWSPAKQQMSGVFSTVDEKTSQEKLTWLNVPDALSIDGKTVLFAALSGSLENHPDAFNFPASP,10.572859267220608
two_stage,1.0,MIRNVRKGAVLAAFAGTALAAPTGTASAAPASTWDQVAQCESGGNWSINTGNGYYGGLQFSASTWAAYGGTAYASTANQATKAQQIAIAEKVLAGQGWGAWPSCSASLGLSSAPTPRTAPAPAAPAAPAAPAAPAAPAAPAAPAAPAAPAAS,6.620680894591483
two_stage,1.0,MKKTILLLLLLLPLAASAAADDYTLNSLLPHDAAYRAAWQKMVAPRNVPAWVTKGTGSPAQSVSIAGQQYLVLSACKPHDCANNFMAVLYSPAKKQIAGVFSTVDEKTSQEKLTWLNVPDELSIDGKTVLFAALTGSLENHPDAFNFPASAK,11.250224535589856
two_stage,1.0,MTLPLRTALALALLGASPAALAQDAPTLNSLLAQPGTRAAFDRMVAGEKNLPAWVRKGVGTSTPAQRVSIAGKPWLVLSACKPHDCGHERIAVLYEPASQRMAGLFSVVDEKTGQERWLNLGGGPESIDGRTVLFAALTGSLENHPDAFNYP,10.017977507543414
two_stage,1.0,MKKKLLLLLLSLSASFSANAQSTNQFDACFAQAGQKYQIEPELLKAIAAVESGYRAGAINHANRNGTRDIGLMQINSIHLPRLLKQGITEERLLSEPCLSVEVGASILAEFIQKFGYNWTAVGSYNAGTAPEREALRMKYAEKIWERYQALK,12.1312057271918
two_stage,1.5,MRLPLRRLFRRLKKIVLWFAGISVGLVLLFRVVPVPFSAVMVERQIGAWLSGDFGYVAHSDWVSLDQISDHMKLAVIAAEDQKFPEHWGFDVEAIEKALAHNERGGSIRGASTLSQQVSKNLFLWSGRSWVRKGLEAWFTVLIEVFWSKERI,15.785578004431388
two_stage,1.5,MSGKHRRPSKAVRVVTLAGVTGAAVAAPLMAAGNASAATASEWDAVAQCESGGNWSINTGNGYYGGLQFSSSTWAAYGGTQYASTANQATKAQQIEIAEKVLASQGKGAWPHCGGPLSSQTPRSAPSTPAAPAAPAAPAAPAAPAAPAAPAA,8.169751508839099
two_stage,1.5,AAAPAPALAPAAPAAAPAAPAAAPAAAPAAAPAALAAAPAYAPAAAPADAPAAAPAAAPALARAAAPAAAPALAPAAAPAAAPAAAPAAYAAPAATDALAAAPAAADAAAPAAAPAPSAAPAAAPAPAAAPAPAAAPAAAPAAAPAPEAAPA,2.096008093852661
two_stage,1.5,ITTAGAAALAAGAASAAPAAGAAAPAGTPAPAPAPAAAPAPAAAPAAPAAAPAPAPVAAPARAAAAAAAPAPAAAPAPAPAAAPAAAPAPAAAPVAAPAPAPAAAPAPAPAAAPAAAAAPAPAPAVVAVPAPALAAPAAAAPAAAPAPAAVP,2.5939782518994208
two_stage,1.5,MKNLSIRRTLGVAAVTGALVAAPLAVAGNASAATTSEWDQVAQCESGGNWSINTGNGYYGGLQFSSSTWAAYGGTQYASTADQASKAQQIAVAEKVLAGQGKGAWPVCGGPLSSSTPRDVPAPAPAPAPAPAPAPAPAPAPAPAPAPAPAAF,6.903337801875234
two_stage,1.5,MFKALITTVATLVASTSVYAQDDLTISSLAKGETTKAAFNQMVQGHKLPAWVMKGGGTSTPAQTVTLGDETYQVMSACKPHDCGSQRIAVMWSEKSNQMTGLFSTIDEKTSQEKLTWLNVNDALSIDGKTVLFAALTGSLENHPDAFNFPAS,12.61516415446192
two_stage,1.5,MRKLIIPAALLAPLLITPALAAQAAAPAIAPALAPAPAPAPAPAPAAPAAAPAPAPVAAPAPAPAPAPAPSAAAASAPAPAPALAPAPAPAPAVAEAPAPAAPAPAPALAPAPAPAPAPAPAPAPAPAPAPAPVAAPSVAPAPLAPAPAPAS,2.4824236749077495
two_stage,1.5,MKNLISKRAIRVAAVTGALVAAPLALATGTASAATDSEWDQVAQCESGGNWSINTGNGYYGGLQFSASTWAAYGGTQYAATADQASKAQQIEIAEKVLAGQGKGAWPVCGGPLSSSTPRDVAAAPAPAPAPAPAPAPAPAPAPAPAPAPAPS,7.262686310169806
two_stage,1.5,MKKTLTALLLSAASLSAMAANDQVRVNELLGSDPQYRETWQDTVKGEERLPDWVINLSGTATPMQAVEADGDKYLVGQLCKPHDCGNNRLIVAFSPDKKHAYGLLVEVPEGLPSDKSPTRHADYRWLGKPDDGMKALLQEQLKKDPNWFNFK,12.326913869971822
two_stage,1.5,MSYRGKHRKMSTAARTVAKVAVAGAVVAAPMALSTATASADSVNWDAIAQCESGGNWSINTGNGYYGGLQFKPSTWSANGGVGSPQNASREEQIRVAENVLQTQGLKAWPKCGPKGLTPASASAPAPAPAPAPAPAPAPAPAPAPAPAAPAD,7.4833068092239285
two_stage,1.5,MFGKGLVAALLLGGSAMVMANDGQSRVNELLSSAPEYRETWQSVVKKEERLPEWVMNLSGTAEQMNAVTEDGDKYLVGPLCETADTCKSKRLIVAFSLDKEDAYAMLVEVPAGLPADKSPTRHATYRYLGKPDEGMQKLLNEELKKDPNWYY,12.744460873413297
two_stage,1.5,MPNLSFKAMAAVLLLGGSASVMAQDDLTINSLAKGETTKAAFNQMVQGHKLPAWVMKGGGTSTPAQTVTLGDETYQVMSACKPHDCGSQRIAVMWSEKSNQMTGLFSTIDEKTSQEKLTWLNVNDALSIDGKTVLFAALTGSLENHPDAFNF,12.200596875192455
two_stage,1.5,MRLALLPALALALAGCTTDGAPQQAQAAAPAPAAAAPAAAPAPVAAPAPAPAPAAPAAPAAAAPAAAPAPAVAPAPAPAAAPAPAAAPAPALAPAPAPAAAPGPAPAPALAPAAPAAAPAPAAAPAPAPAPAPAPAPAAGAPAPAPAPVASA,2.1900309973230634
two_stage,1.5,MRKHHIVPLTAAALLAGATYAAAQAADAGAANGAAGKDAHAALAAPAAPAAAPAAPAAPAALAPAAPAAPAAPAAPAAPAAPAAPAAPAAPAAPAAPVAPAAPAAPAAPAAPAAPAAPAAPAAPAAPAAPAAPAAPAAPAAPAAPAAPAALA,2.042457995029781
two_stage,1.5,MAKHRRPSKATRVLGAAAVTGSLVAVPLALSTGTASAASVNWDAIAQCESGGNWSINTGNGYYGGLQFSASTWAAYGGTQYAATADKATKAQQIAIAEKVLAGQGIGAWPVCGSKGLSTAGWSAPAAPAAPAAPAAPAAPAAPAAPAAPAAT,6.7837213119164135
two_stage,1.5,MTKHSKTRRVLGLAAVTGALVAAPLLAAGSASAATASEWDAVAQCESGGNWSINTGNGYYGGVQFSASTWAAYGGTQYAATADKATKAQQIAVAEKVLAGQGKGAWPVCGGPLSSSTPRDVPAAPAAPAAPAAPAAPEAPAAPAAPAAPAAP,6.754768854178593
two_stage,1.5,MKNTRALRTLAVTGALVAVPFGLATGTASAASASTWDKLAQCESGGNWSINTGNGYYGGLQFSASTWAAYGGTAYAATADKATKAQQIAIAEKVLAGQGWGAWPSCSASLGLSSAPTQRSAPAAPAAPAAPAAPAAPAAPAAPAAPAAPAAA,6.33459024463299
two_stage,1.5,MTATRTPSRIRRVSLVILAVAALAAAPALAPAPAPAPAPAPAPAAAPAPAPGAQAPAPAPAPAPAPAPAPAAAPAFAPAPAAAPAPAPAPAPAAAAAPAHALAPAPAPAPAPAPAPAPAAAPAVAAAPAPAPAPATAPAPAAAPAPAPAAAA,2.5696776320553902
two_stage,1.5,MLFSSKGKHRRPSSTGRTVAKVAVTGAIVAAPLAAATGTASAAPSVNWDAIAQCESGGNWSINTGNGYYGGLQFSASTWAAYGGTAYAATANQASKAQQIAIANKVLAGQGIGAWPVCGPRGLTPGWSAPAAPAAPAAPAAPAAPAAPAPAF,7.9322461983917965
two_stage,1.5,MTTNIRKSSRRALGLVAVTGALVAIPLGLSTATASAASVNWDAIAQCESGGNWSINTGNGYYGGLQFSASTWAAYGGTAYASTADKATKAQQIAVAEKVLAGQGIGAWPVCGGKGLSSAPTTRSAPAATPAPAPAPAPAPAPAPAPAPAPAN,7.430008478960665
two_stage,1.5,MFKKLTFAVLSLAGSASVMAQDDLTISSLAHDETTRAAFNQMVKGEAHLPAWVMNGSGTSTPAQTVKLGSDTYLVLSACKPHDCGSQRIAVLWSPKSQQMAGLFSTVDEKTSQEKLTWLNVPDALSIDGKTVLFAALTGSLENHPDAFNYPE,11.752247729296675
two_stage,1.5,MRAAALSTAALASGAAHAAHAAHAAHAAHAAHAAHAAHAAAHAAYAAHAAAAHAQAAHAAHAAHAAHAHAAHAANAAHAAHAAHAANAAHAAYAAHAAYAAHAAHAAHAAHAAHAAHAAHAAHAACAAHAAYVAHVAHAAHAAHAAHAAHAA,1.9063237779255995
two_stage,1.5,MFGKTLAAALLLGGATAAMAADDGLTFSALPHDATTRAAWNQMVKGEKNLPAWVRKGVGTGTPAQTVTIAGETYQVLSACKPHDCGSERIAVLYSPAKRQMAGLFSTVDEKTSQEKLQWLNVPDALSIDGKTVLFAALSGSLENHPDAFNYP,11.017811638360143
two_stage,1.5,MKRLLTALLLSASALSAHAADGQYRLNELAGSEPATRAAWQGMVKGQARLPAWVMKLSGTGTPAQTVNLDGDAYLVLSACKPHDCGSERIAVLYSPAKQQMAGLFSTVDEKTSQEKLQWLNVPDALSIDGKTVLFAALSGSLENHPDAFNYP,11.266918465953307
two_stage,1.5,MFKAITLAALLLGGATSAMAQDDLTISSLAKGETTRAAFNQMVQGHKLPAWVMKGSGTSTPAQTVTLGDETYLVMSACKPHDCGSERIAVMWSPKSQQMTGLFSTIDEKTSQEKLTWLNVNDALSIDGKTVLFAALTGSVENHPDAFNFPSS,11.871856995449711
two_stage,1.5,MIGLKTLAAALLLGSSAAFAADDVTLNSLAGHDHAAKAAWNKMFKGEANLPAWVRKGVGTGTPAQTVKLGSDSYLVLSACKPHDCGSERIAVLYSEKSRQMAGVFSTVDEKTSQERLTWLNVPDALSIDGKTVLFAALSGSLENHPDAFNYP,11.289374262046664
two_stage,1.5,MSKGKHRRPSKATRVIAKAAVTGAIVAAPLAISAATASAASVNWDAIAQCESGGNWSINTGNGYYGGLQFSASTWAAYGGTAYAATANQATKAQQIAIAEKVLAGQGIGAWPVCGKKGLSSAPAAPAAPAPAAPAPAPAAPAPAAPAPVSTN,7.185080826122638
two_stage,1.5,MKNTRRTLGVAAVTGALVAAPLAVAGNASAATTSEWDQVAQCESGGNWSINTGNGYHGGLQFSSSTWAAYGGTQYASSANQATKEQQIAIAEKVLASQGKGAWPVCGGPLSSSTPRSAPAAPAPAPAPAPAPAAPAPAPAPAPAPAPAPASS,6.645096387188016
two_stage,1.5,MARHRRPTKATRALGIAAVTGALVAAPLALSTGTASAASVNWDAIAQCESGGNWSINTGNGYYGGLQFSSSTWAAYGGTAYAATANQATKEQQIAIAEKVLAGQGIGAWPVCGGRGLSGAAAPAAPAAPAAPAAPAAPAAPAAPAAPAAPAA,6.174314924552241
two_stage,1.5,MFKAITTVATLVIATSAMAQDDLTTSSLAKGETTKAAFNQMVKGHERLPAWVMKGSGTSTPAQTVTLGDETYLVMSACKPHDCGSERIAVMWSEKSNQMTGLFSTIDEKTSQEKLTWLNVNDALSIDGKTVLFAALTGSLENHPDAFNYPSA,12.691612453361794
two_stage,1.5,MRAKIVAAVLTVALTVPAVANAQAQAAAPAAPAAPAAAPAAPAAPPAAPAAPAAPAAPAAPAAPAAPAAPAAPAAPAAPAAPAAPAAPAAPAAPAAPAAPAAPAAPAAPAAPAAPAAPAAPAAPAAPAAPAAPAAPAAPAAPAAPAAPAAPA,1.4385598877416819
two_stage,1.5,MKNILALALLAAPAAAMAQGDVTLNSLAGHDAATRAAFNQMVKGQARLPAWVTKGGTGTPAQRVNIAGEPWLVLSACKPHDCGSERIAVLYSPAKQQMAGVFSVVDEKTSQEKLQWLNVPDALSIDGKTVLFAALSGSLENHPDAFNYPGGK,10.913915361622546
two_stage,1.5,MFKTLAAALLLGGSAMVMAANDGQSRANELLSSAPEYRTTWQKTVKKEERLPEWVMNLSGTAEQMNAVEEDGDKYLVGPLCEAHDCLNKRLIVAFSLDKEDAYAMLVEVPAGLPADKSPTRHADYRFLGKPDEGMQKLLMETLKKDPNWYGE,13.87921329232322
two_stage,1.5,MSYRGKHRKPSTTGRTVAKVAVTGAIVAAPFALATGTASAASSVNWDAIAQCESGGNWSINTGNGYYGGLQFSASTWRAYGGTQYASTANGATREQQIAVAERVLAGQGIGAWPVCGRRGLSAGGAAPAPAPAPAPAPAPAAPAPAAPAPAR,7.2348463320582095
two_stage,1.5,MSECADNTRTNIRRIAKRGLWLAAVSGALVAVPMALAGGASAASSVNWDAIAQCESGGNWSINTGNGYYGGLQFSSSTWAAYGGTAYAATANGATREQQIAVANRVLAGQGIGAWPVCGGRGLSPAPAAAAPAPAPAPAPAPAPAPANPAPR,8.194739544293181
two_stage,1.5,MKKAITTAALLLASTSAMAADGDTYLNKLAGDDPATRAAFQQMVKGEARLPAWVVKGSGTSTPAQKVTIAGDAYLVLSACKPHDCGSERIAVLYSPQKQQMSGVFSTVDEKTSQEKLTWLNVPDALSIDGKTVLFAALTGSLENHPDAFNYP,11.062169059923713
two_stage,1.5,AAPAPAAAPAAAPAAAPAPAPAAAPAPAADAAPAPAAAPAAPAAAPAAAAAPAAAPAPAPAAAPAAAPAAAPAAAPAAAPAADAAPAAAPAASAAVAPAAAPAAAPVAAPAPAPARACAAAPAAAPAPAPAPAPSAASAPAASAAAAPAASA,2.0649055529914504
two_stage,1.5,MSYRGKHRRPSKAVRAIAVAGVTGALVAAPMAISTGTASAASVNWDAIAQCESGGNWSINTGNGYYGGLQFSASTWAAYGGTAYAATADKATKAQQIAVAEKVLAGQGIGAWPVCGRKGLSAAPAPAPAPAPAPAPAPAAPAPAAPAPAPAS,6.851869536232097
two_stage,1.5,MKAIITAAALVVSASAIAAQDDLTISSLAKGETTKAAFNQMVQGHKLPAWVMKGGTYTPAQTVTLGDETYQVMSACKPHDCGSQRIAVMWSEKSNQMTGLFSTIDEKTSQEKLTWLNVNDALSIDGKTVLFAALTGSLENHPDAFNFPASWK,11.982422997617112
two_stage,1.5,MRFLLALPLASALALAPALAQAPAAAAAPAPAAAPALAPAVAPAPAPAPAPALAPAPAPAVAAAPALAPAAAPAPAPAPAPAPAAAPAAAPAAAPAIAQAAAPALAPAPAPAAASAPAPAAAPAPAAAPAPAPAPAAAAAPAAALAPAAAPA,2.31200022068818
two_stage,1.5,MSKGKHRRPSKAARNIARVAVTGAVVAAPLAISAGTASAASVNWDAIAQCESGGNWSINTGNGFYGGLQFKPSTWTANGGVGSPANASREQQIAVAENVLQTQGLKAWPKCGPRGLTPASWSAPAAPAAPAAPAAPAAPAAPAAPAAPAPAN,7.207437233898454
two_stage,1.5,MTSFKTLAAALLMGGSAMVMAAGTGTNELLSSAPEYRTTWAKVVKKEERLPEWVMNLSGTAEQMNAVTEDGDKYLVGQLCKPHDCASKRLIVAFSLDKEDAYAMLVEVPAGLPADKSPTRHATYRYLGKPDEGMQKLLNETLKKDPNWYPPE,13.094024574915213
two_stage,1.5,MNRTLVKGAVFAAIAGASVALATGTASAAPASTWDQLAQCESGGNWSINTGNGYYGGLQFSSSTWAAYGGTAYAATANQASKAQQIAIAEKVLAGQGWGAWPSCSSSLGLSSAPTPRTAPAPAPAPAPAPAPAPAPAPAPAPAPAPAPAPAP,5.845722639928887
two_stage,1.5,GRKHHIVAALVVSALILAPASIAAACAQAAAPAHAPAAAAPAAPAAPAAAPAAAPAAPAAPAAPAAPAAPAAAPAAPAAPAAPAAPAAPAAPAAPAAPAAPAAPVAPAAPAAPAAPAAPAAPAPAAPAAPAAPAAPAAPAAPAAPAAAAAPA,2.049973343794025
two_stage,1.5,MAKHRRPSKSARAVARVAVTGALVAAPLAISTGTASAASVNWDAIAQCESGGNWSINTGNGYYGGLQFSASTWAAYGGTQYAATANQATKAQQIAIAEKVLAGQGIGAWPVCGGRGLSSAPASAPAAPAPAAPAAPAAPAAPAAPAAPAAVR,6.993821837694398
two_stage,1.5,MLLHSSKGRHRRPSKAGRTVAKVAVTGAIVAAPLAIATGTASAAPSPNWDAIAQCESGGNWHINTGNGYYGGLQFSSSTWAAYGGTAYASTANQATKAQQIAVANKVLAGQGIGAWPVCGRRGLTPWTKPAPAPAPAPAKPAKPATPPILPR,9.125140603311262
two_stage,1.5,MTARNRKISTRALGWAAVTGALVAVPLAVSTGTASAASVNWDAVAQCESGGNWSINTGNGYYGGLQFSASTWAAYGGTAYAATANQATKAQQIAVAEKVLAGQGIGAWPVCGGPLSSSTPRSAPAAAPAPAAPAAPAAPAAPAAPAAPAAPA,6.943810580103462
two_stage,1.5,MSKGKHRRPSAAARNVARVAVTGAVVAAPLAIATGTASADSVNWDAIAQCESGGNWSINTGNGYYGGLQFSSSTWAAYGGTQYAATADQATKEQQIAIAEKVLAGQGIGAWPVCGGRGLSSAPTTRSAPAPAPAPAPAPAAPAPAPAPAPAS,7.620579701530186
two_stage,1.5,MKISTRTLALAAVTGALVATPLTAAGSASAATTSEWDQVAQCESGGNWSINTGNGYQGGLQFSASTWAAYGGTQYAATADKATKAQQIAIAEKVLAGQGKGAWPVCGGPLSSSTPRDVPATPATPATPATPATPATPATPATPATPATPTTP,6.350815204593662
two_stage,1.5,MSALKTLAAALLLGGSASAMAADDLTPSSLIQGEEYKAAWQNMVKGEERLPEWVMNLSGTATPMQAVTEDGDKYLVGQLCKPHDCANHRLIVAFSWDKDDAYALLVEVPEGLPSDKSPTRHADYRWLGKPDDGMKKLLMEQLKKDPNWKDFK,11.723130870153199
two_stage,1.5,MPATAPAASAAAAPAAPAAAPAPAAAPAAAPAAAAAAAPAAAPAQAPAASHAAAPAAAPAAAPAAAPAAAPAAAPAAAPAAAPAATPAAAPAAAPAAAPAAAPAVAPAAAPAAAPALAPAAAPAAAPAAAPAAAPAAAPAEAPAAAPAEAPA,1.710777140191907
two_stage,1.5,MKNSRSIRTVARIAVTGAVVAAPLAIAAGTASAATDSEWDQVAQCESGGNWSINTGNGYYGGLQFSSSTWAAYGGTAYAATADQATKAQQIEIAEKVLAGQGKGAWPVCGGPLSSSTPRSAPAPAPAPAPAPAPAPAPAPAPAPAPAPAPAS,6.6688886941367045
two_stage,1.5,MTKRRNSLVLAAAAGTLVIAAAAAAAPAAAPAPAAAPAPAAAPAGAPAPAPAAAAAAPAPAAAPAPAAAPAPAAAPAPAPAQAPAPAAAPAAAPAAAPAPAPAPAPAAAPAAAPALAPAPAPAAAPAPAAAPAAAPAAAAAPAPAPAPAPAP,2.168024212614872
two_stage,1.5,MRRHVLAALLVPGLLLAAPAAIAAAQAARAAAPAAAPAAAPAAAPAAAPAAAPAAAPAAAPAAAPAAAPAAAPAAAPAAPAAPAAAPAAPAPAAAPAAPAAAPAAGPAAAPAAAPAAAPAPAAAPAAAPAAAPAAAPAAAPAAAPAAAPAAA,1.5902868656067617
two_stage,1.5,MKPLKTLAAALLLGGAAAAMAADDRTNSSLLADPQYRETWQGMVKKEQLPEWVMNLSGTAEQMNAVTEDGDKYLVGPLCETADTCLNKRLIVAFSLDKEDAYAMLVEVPAGLPADKSPTRHADYRFLGKPDEGMQKLLMETLKKDDPNWYDF,12.562387438522201
two_stage,1.5,MLVRSEGNHDMKNLRRTLVKAAVTGAFVAAPLALSTGTASAAPSPNWDAIAQCESGGNWHANTGNGFYGGLQFKPSTWAANGGVGSPANASREEQIRVAENVLRTQGLKAWPKCGAAGGLPIGWYSHPAQGIKEIINGLIQGAIAGVASLPR,11.66693440595338
two_stage,1.5,MFVKALAAALLLGGSAMAMAANDGQSRANELLSAPEYRTTWAKVVKKEERLPEWVMNLSGTAEQMNAVTEDGDKYLVGPLCETADTCKSKRLIVAFSLDKEDAYAMLVEVPAGLPAADKSPTRHATYRYLGKPDEGMQKLLNEELRKDPNWY,13.229064512781624
two_stage,1.5,MSYRGKHRRPSTAARNIAKVAVTGALVGAPLAISAGTASAASVNWDAIAQCESGGNWSINTGNGYYGGLQFSSSTWAAYGGTAYAATADKATKAQQIAIAEKVLAGQGIGAWPVCGKKGLSSAPTTRSAPAPAPAPAPAPAPAPAPAPAPAG,7.5923147999125
two_stage,1.5,MFKAITTVLLSASATVMAAQPDDLTISSLAKGETTKAAFNQMVQGHKLPAWVMKGGTYTPAQTVTLGDETYQVMSACKPHDCGSQRIAVMWSEKSNQMTGLFSTIDEKTSQEKLTWLNVNDALSIDGKTVLFAALTGSLENHPDAFNFPSGE,12.623634255641281
two_stage,1.5,MKAVLILGLVLLSVTVQGKVFERCELARTLKKLGLDGYRGVSLANWLCLTKWESSYNTKATNYNPGDKSTDYGIFQINSHYWCNDGKTPGAVNACGISCSALLQDDITQAVACAKHIVSEQGITAWVAWKSHCRDHDVSSYVEGCTLGTPSG,15.655100790066466
two_stage,1.5,AARAAAPAPAPAAAPAPAAAPAALAAPAASAARALAPAAAPAAAPAAAFPAAAPAAAPAAAPAAAPAAAPAAAPALAPAAAPAAAPAAAPALAPALAPAAAPAAAPAAAPAAAPSLAPKAAPAAAPAAAPAAAPAAAPAAAPAAAPAAAPAA,1.8388018008460365
two_stage,1.5,MSNSARHRKPTTTTKSRKTRALWVAAVTGALVAAPMAISGTASSAASPNWDAIAQCESGGNWHANTGNGFSGGLQFKPSTWAANGGVGSPANASREQQIAVANNVLATQGLEAWPKCGAAGGLPIGWYSHIAQGIKEIINGLIQAAQPVGFH,12.932977509741017
two_stage,1.5,MNRRRERATGRVRRTLAVAGAWALVLTLPAAAVAQAPRPATAPAPAPAPAPAPAPALAPALAPAPAPAPAPAPAVAAAPAPAPALAPAPAPVPAPAPAPAPALAPAPAPAPAPAPAPAPAPAPAPAPAPAPAPVHAPAPAPAPAPAPAPAPV,2.389281770961486
two_stage,1.5,MSYRGKHRKPSKAYRAIAFAAVTGAVVAAPLAISTATASAASVNWDAIAQCESGGNWSINTGNGYYGGLQFSASTWAAYGGTAYAATANQATKAQQIAIAEKVLAGQGIGAWPVCGGRGLSSAPAAPAAPAAPAAPAAPAAPAAPAAPAAPA,6.899430953030229
two_stage,1.5,MRRLTPALVALPLLAAPAAAQAAAPAPAAAQAPAAAPAQAAPAPAPAQAPAPAPAPAPAQAPAPAAAPAAAPAPAAAPAQAPAVAPAAAPAPAPAAAPAAAPAPAAAPAAAPAPAAAPAAAPAPAPAAAPAAAPAAAPAPAPAPAAAPAPAS,1.8181527380959535
two_stage,1.5,MTNISKTRRILGVAAVTGALVAAPLAVAGSASAATTSEWDQVAQCESGGNWSINTGNGYHGGLQFSPSTWAAHGGTAYASSADQATKAQQIAVAEKVLASQGKGAWPVCGGPLSSSTPRTVPAPAPAPAPAPAPAPAPAPAPAPAPASSSSS,6.569228466428404
two_stage,1.5,MKNTSARRTLRLAAVTGALVAAPLMAAGNASAATTSEWDAVAQCESGGNWSINTGNGYYGGVQFSASTWAAYGGTQYAATADQATKAQQIEIAEKVLAGQGKGAWPVCGGPLSGSTPRDVPAPAPAPAPAPAPAPAPAPAPAPAPAPAPAPA,6.738114747367331
two_stage,1.5,MKNSISKRNIAKIAVTGAVLGAGSIALAGQASAATDSEWDQVARCESGGNWSINTGNGYYGGVQFSSSTWASHGGTQYAATADLATKEQQIAVAEKVLATQGKGAWPVCGGPLSSSTPRNIAPAPAPAPAPAPAPAPAPAPAPAPAPAPAPA,6.723829970586094
two_stage,1.5,MKKAIVTAALLLASTSAIAADDLTINSLAHGEATKASFNQMVKGQANLPAWVTKGGTGTPAQTVKIGTDTYQVLSACKPHDCGSERIAVLWSEKSKQMTGLFSTVDEKTSQEKLTWLNVNDALSIDGKTVLFAALTGSLENHPDAFNYPAAK,11.699563178535174
two_stage,1.5,MLINKSKHRRPSKAVRLIALAGVTGAAVALPLMGATGASAASSVNWDAIAQCESGGNWSINTGNGYYGGLQFKPSTWAANGGVGSPANASREEQIRVAENVLQTQGIKAWPVCGKKGLTPASAAPAPAPAPAPAPAPAPAPAPAPAPAAPSS,7.58532413090132
two_stage,1.5,LTLTLLTLALAGLILAAAAAPAQAAAPAAAPAPAPAAAPAPAPATAAAAPAPAAAPAPAPAPAAPAPAPAPAAAAAPAPSAAPAPAAAAAPAPAPVPAPAAPATAQAPAPAPAPAPVPAAPAAAPAPAAAPAIAPAAVAAPAAAAPAAAPAP,2.710944847534514
two_stage,1.5,AAPAAAPAAPAAPAAPAAAPAAAPAPAAAPAAAPAPALAPAAAPAAAPAAAPAASPAAAPAQAPVAAPAFAPAAAPAPAAAPAAAPAAAPAATPAAAPAAAPAAAPAAAPAAPAAAPAAAPAAAPAAAPAAAPALAPAAAPAAAGAAAPAAA,1.6204150701542333
two_stage,1.5,MKKTLIAASLLLASAPALAQDVTLNDLAGHEPAKRAAFNQMVKGHQLPAWVRKGVGTSTPAQTVKLGSESWQVLSACKPHDCGSERIAVLYSPAKQQMAGVFSTVDEKTSQEKLTWLNVPDALSIDGKTVLFAALTGSLENHPDAFNYPAGK,10.897943266665555
two_stage,1.5,MASYRGKHRKPSTTGRTVAKVAVTGAIVAAPLALATGTASAAPSVNWDAIAQCESGGNWSINTGNGYYGGLQFSASTWAAHGGTQYAATANQASKAQQIAVAEKVLASQGIGAWPVCGGRGLSSASAPAPAPAAPAPAAPAPAPAPAPAPAS,7.243734673885608
two_stage,1.5,MSASRILRVSRRTVQVLAAALLVTGVGLTLAAAPASFAEPAAAVAQAAPAPAPAPAPASADAPALAPAVAPAPAPAPAPAPATAPADAPALAPAPAPAPAQAPAPAGAPAPASVPAPAPAPAPAPAVASAPAPAPAPAPAPAPAPAPAPAPA,3.2549204969258563
two_stage,1.5,MKAVLILGLVLLSVTVQGKVFERCELARTLKRSGMDGYRGVSLANWVCLAKWESGYNTRATNHNTDGSTDYGIFQINSRWWCNDGKTHTKNACNIPCSALLQDDVTVAINCAKRIVREQGITAWVAWRSHCRNRDVSSYVRGCNVRAKRDNV,16.202480380953084
two_stage,1.5,MSGRALLAALLLGGSAAAMAADDTLTTSALPHDAATRAAFDQMVKGEAHVPAWVVKGTGSPAQRVQLGADTYQVLSACKPHDCGSERIAVLWSPAKQQMAGVFSTVDEKTSQERLTWLNVPDALSIDGKTVLFAALSGSLENHPDAFNYPGS,11.49787325214036
two_stage,1.5,MLFSGKGKHRRPSKAVRAIAVAGVTGAAVAAPLMAATGTASAASVNWDAIAQCESGGNWSINTGNGYYGGLQFSSSTWAAYGGTQYASTADRASKAQQIAIAEKVLAGQGIGAWPVCGGKGLSPSGWTPPAPAPAPAPAPAPAPAPAPAPAP,7.398412257188129
two_stage,1.5,MAKHRKPSTTGRTVAKVAVTGAIVAAPLMAAAGSASAATDSEWDQIAQCESGGNWSINTGNGYHGGLQFSPSTWAAHGGTQYASSAELATKEQQIAVAEKVLASQGKGAWPVCGTGGLSSTPREVPAPVPAPAPAPAPAPAPAPAPAPAPAT,7.719388217439563
two_stage,1.5,MTTRSTQVHRRRRRTVALVAAGLAALALAGAPVSAPALAPAPAPAPAPAPAPAPAPAPAPAMAPAAAPAPAPAPAPAAAPAPAPAPVAAPAAPAAAPAPAAAPAPAPAPAAAPAAAPAPAQAPAPAPAPAPAAAAAPAPAPAPAPAPAPAPA,2.368644323052116
two_stage,1.5,MSTTDTRRNRVRWLVAAALFGAITLAVAQASAQAAPAAAPAAAPAPAPAPAPAAPALAPAPAPAPAPAPAPAPAPAPAPAPAPLPAPAPAPAPAPAPAPASAPAPAAAPAPAPAPAPAPAPASAPAPASASASAPAPAAAPAPAPAPAPAPA,2.441043743947296
two_stage,1.5,MSGRHRKPTTTGRTVAKVAVTGAILGGAGIALSTATASADSVNWDAIAQCESGGNWSINTGNGYYGGLQFSQSTWAANGGVGSPANASREEQIRVAENTLQTQGIRAWPVCGPRGLSPSSWSAPAAPPAPPPAPPPPPPDAPPPPPPPPPPP,8.31098443351419
two_stage,1.5,MAIRRGLLLAGVAAAVLAAPAATAAPAAWAAPAPAAPAAPAAPAAPAAPAAPAAPAAPEAPAAPAAPAAPAAPAAPAAPAAPAAPAAPAAPAAPAAPAAPAAPAAPAAPAALAAPAAPAAPAAPAAPAAPAAPAAPAAPAALAAPAAPAAPA,1.6548582651737271
two_stage,1.5,MSSSRHDRPVRPSSVRVRTIAALAGGAALALPLAGAATAPAAPAAPAAPAAPAAPAAPAAPAAPAAPAAPAAPAAPAAPAAPAAPAAPAAPAAPAAPAAPAAPAAPAAPAAPAAPAAPAAPAAPAAPAAPAAPAAPAAPAAPAAPAAPAAPA,1.6004723076989278
two_stage,1.5,MKSIRILWVAAVTGAVVAAPLALAGNASAATTSTWDQLAQCESGGNWSINTGNGYYGGLQFSSSTWAAYGGTAYAATANQASKQQQIAIAEKVLAGQGWGAWPSCSSSLGLSSAPTERSAPAPAPAPAPAPAPAPAPAAPAAPAPAAPAPAA,6.959413893036116
two_stage,1.5,ARAAAPALAPSRALAYAPGAALAPAPAPAPAAARAAPALAHARAAAPAPAAAQAPAAAPAASPAFAPIPAPAPAPASAPAPAPAAAPAAGAAPAPAAAPAAAPAPAPAPAPAPAAAPVAAPALAPAPAPAHAAAPAPAVAPAPAQAAAARAR,3.1496651537290643
two_stage,1.5,MRSVFVFLLLVTVASAKVFERCELARTLKRSGMDGYRGVSLANWLCLTKWESSYNTRATNYNPSDQSTDYGIFQINSRYWCNNGTPTSNACHISCSALLQDDVTVAINCAKHIVREQGITAWVAWRSHCRDHDVSSYVEGCGVPFLSSLSSF,15.793261555616313
two_stage,1.5,MRRVRTLAIAGLVLAAGSAAALAAHAAAPAPAPAPAAAPAAAPAPAAAPAPAPAVAPAAAPAQAPAPAPAPAPAPAAAPAAAPAAAPAAAPAAAPAAAPAVAPAPAAAPAAAPAPAPAAAPAAAPAAAPAAAPAAAPAAAPAAPAAAPAAAA,1.9007437648492058
two_stage,1.5,MSLKTLAAALLLGGSAMAMAANDGQARVNELLSSDPQYRETWQKTVKKEERLPEWVMNLSGSAEQMNAVTEDGDKYLVGQLCEAHDCLNKRLIVAFSLDKEDAYAMLVEVPAGLPADKSPTRHADYRFLGKPDEGMQKLLMEQLKKDPNWYR,12.547512033417345
two_stage,1.5,MKGIITAAALVLSASAMAQGDLTLNSLAHDAATRASFDQMVKGQARLPAWVRKGVGTSTPAQRVAIGGEQWLALSACKPHDCGSERIAVLWSPAKQQMAGLFSTVDEKTSQERLTWLNVPDALSIDGKTVLFAALSGSLENHPDAFNYPAGK,11.834078502228046
two_stage,1.5,MFKAITTVAALLVGSTSAIAQDDLTISSLAKGETTKAAFNQMVKGHKDLPAWVMKGGTYTPAQTVTLGDETYQVMSACKPHDCGSQRIAVMWSEKSNQMTGLFSTIDEKTSQEKLTWLNVNDALSIDGKTVLFAALTGSLENHPDAFNYPSE,12.341416268184814
two_stage,1.5,MRSVFVFLLLLTVASAKVFERCELAREMSKLGVPRDQLARWTCLAEHESSYNTKATNYNPSSKSTDYGIFQINSKYWCEPPGRPSYNECGISCNQLLQDDITKSVACAKKILSQQGWTAWVTWKKHCQGKTLPDISGCFNSRSSNVDLGNFN,15.470290963685246
two_stage,1.5,MKGRTLLAALLLAGGTAALAADDGSWTFNALPADPATRAAFDRMLKGQADVPAWVRKGGTSTPAQRVTLGGDAYLVLSACKPHDCGSERIAVLYAPASRRIAGLFSVVDEKTGQERLTWLNLPDALSIDGKTVLFAALTGSLENHPDAFNYP,9.826732758373888
two_stage,1.5,APAAPAAAPAAAPAAAPAAAPAPAPAAACAQAAACADAPAAAPAPAAAPAAASAAAPAAAPAAAPAAAPAAACAGAPAAAGAAAPAAAPAPAAAAAAPAPAAAPAALPAAAAAAAAAPAPAPAAAPAAAAAPAAAPAAASAGSAAAAPALAP,2.3042371069552763
two_stage,1.5,MARHRKSTSNISVAKIAVTGAVLGGAGIALAGNAAAATDSEWDQVAQCESGGNWSINTGNGYYGGVQFSASTWAAYGGTQYAASADQATKAQQIEIAEKVLAGQGKGAWPVCGGPLSSSTPRTAPAAPAPAAPAAPAPAAPAAPAAPAAPAN,7.881285235318666
two_stage,1.5,MAKHRRPSKAVRVVTLAGVTGAAVAAPLMAAGNASAATASEWDAVAQCESGGDWSINTGNGYYGGLQFSASTWAAYGGTEYAATADQATKAQQIEIAEKVLASQGKGAWPVCGGPLSSSTPRDVPAAPAAPAAPAAPAAPAAPAAPAAPAST,8.110738899012082
two_stage,1.5,MSVSFRTLAAAALLLGGATAVQAADGQSTANSLIQDPATRETWQKTVKKEERLPEWVMNLSGTAEQMNAVTEDGDKYLVGQLCEAHNCLNKRLIVAFSYDKDDAYALLVEVPEGLPADKSPTRHADYRWLGKPDDGMKALLQEQLKKDPNWY,12.667592042461482
two_stage,1.5,MTARNSNSKISVAKIAVTGAVFGTGGIALAGQASAATDSEWDQVAQCESGGNWSINTGNGYQGGLQFSPSTWASHGGTQYAATANQATKEQQIAVAEKVLATQGKGAWPTCGGPLSSSTPRDVAPAPAPAPAPAAPAPAPAPAPAPAPAANS,8.55735913236417
two_stage,1.5,MRRHALLTAAVTVAVLALPAAAAAPAAHAAAPAAPAQVPVVAPAPAVAPAAAPAAAAAPAPAPAAAAAPLPAPAAAPAPAAALVPAPAPAPAPAPAPAAAPAPAPAPAQAPAPAAAPALAPAPAPAAAPAPAPAPAPAPAAAPAPAPVPAPA,2.616971083279746
two_stage,1.5,MTLPNVRKTLIIAAAVAAGLAVALPAVAQPAQAAAPAPAPAPAPAPAPAPAPALAPAPAEAPAPAPAPAPALAPAPEPAPAPAPAGAPAPAPAPAPAPAPAAAPAPAPAPAAAPALAPAPAPAAAPAPAPAPAPAAQAPAAPAPAPAAPAPA,2.394320583842726
