ID,Sequence
sp|Q9D563|TM114_MOUSE,MRVRLGALAGAAALSGALSFVLLAAAIGTDFWYIIDTERLERSSQRMRDQGPANRSQQEPLSSHSGLWRTCRVQSSCTPLMNPFWQENVTVSDSSRQLLTMHGTFVILLPLSLIVMVFGGMTGFLSFLLRAHLLLLLTGILFLFGAMVTLTGISIYIAYSAVAFREAVCLLEERALLDQVDIRFGWSLALGWISFVSELLTGVVFLAAARALSLSQRQDQAI
sp|Q60771|CLD11_MOUSE,MVATCLQVVGFVTSFVGWIGIIVTTSTNDWVVTCSYTIPTCRKMDELGSKGLWADCVMATGLYHCKPLVDILILPGYVQACRALMIAASVLGLPAILLLLTVLPCIRMGHEPGVAKYRRAQLAGVLLILLALCAIVATIWFPVCAHREITIVSFGYSLYAGWIGAVMCLVGGCVIVCCSGDAQSFGENRFYYSSGSSSPTHAKSAHV
tr|A0A8C6DGX5|A0A8C6DGX5_MOSMO,MANSGLQLLGYFLAMGGWVGIIASTALPQWKQSSYAGDAIITAVGLYEGLWMSCASQSTGQVQCKLYDSLLALEGHIQSARALMVVAVLLGFVAMVLSVVGMKCTRVGDSNPIAKGRVAIAGGALFILAGLCTLTAVSWYATLVTQEFFNPSTPVNARYEFGPALFVGWAAAGLALLGGSFLCCTCPEPERANNSPQPYRPGPSAAAREPVVKLSASTKGPLGV
tr|A0A663ERR2|A0A663ERR2_AQUCH,MGGGARELAGYLAGLGGWVAALAAAVLPQWRQSSYAGDAIITAVGLHEGLWMSCAAQSTGQVQCRLHDSLLSLDVHIQTSRALMVISLLLGFFGIIVSVVGMKCTKVGEEDPITKSRIAVAGGILFVLSGLCTLAAVSLYATQVTYEFFRESTVPINARYEFGSALFVGWGAASLTVLGGSLLCCSCPAKERRGQQYYRQSQPSTTREYV
tr|A0A8C6RHR7|A0A8C6RHR7_NANGA,MANSGLQLLGYFLALGGWVGIIASTALPQWKQSSYAGDAIITAVGLYEGLWMSCASQSTGQVQCKLYDSLLALDGHIQSARALMVVAVLLGFVAMVLSVVGMKCTRVGDSNPITKDRVAISGGALFLLAGLCTLTAVSWYATLVTQEFFNPSTPVNARYEFGPALFVGWASAGLAMLGGSFLCCTCPEPERANSSPQPYRPGPSTAAREPVVKLPASIKGPLGV
tr|A0A8D1SRL8|A0A8D1SRL8_PIG,MGSAALEILGLVLCLVGWVGLILACGLPMWQVTAFLDHNIVTAQTTWKGLWMSCVVQSTGHMQCKVYDSVLALSTEVQAARALTVGAVLLALVALFVTLAGAQCTTCVAPGPGKARVALTGGALYALCGLLALVPLCWFANIVVREFYDPTVPMSQKYELGAALYIGWAASALLMCGGGLVCCGAWLCAGRPDLGFPVKYSAPRRPTATGDYDKKNYV
tr|A0A2Y9ECS6|A0A2Y9ECS6_PHYMC,MSMGLEIAGTSLAVLGWLGTIVCCVLPTWRVTAFIGSSIITAQITWEGLWMNCVVQSTGQMQCKVYDSLLALPQDLQAARALIVVAILLAAFGLLVALVGAQCTNCVQDDTAKAKITIVAGVLFLLAALLTLVPVSWSANTIIRDFYNPLVPEAQKREMGSALYVGWAAAALQLLGGALLCCSCPPREKKYTPAKILYSAPRSTGPGTGTGTAYDRKDYV
sp|P62955|CCG7_HUMAN,MSHCSSRALTLLSSVFGACGLLLVGIAVSTDYWLYMEEGTVLPQNQTTEVKMALHAGLWRVCFFAGREKGRCVASEYFLEPEINLVTENTENILKTVRTATPFPMVSLFLVFTAFVISNIGHIRPQRTILAFVSGIFFILSGLSLVVGLVLYISSINDEVMNRPSSSEQYFHYRYGWSFAFAASSFLLKEGAGVMSVYLFTKRYAEEEMYRPHPAFYRPRLSDCSDYSGQFLQPEAWRRGRSPSDISSDVSIQMTQNYPPAIKYPDHLHISTSPC
tr|U3J2B1|U3J2B1_ANAPP,MSMGLEIGGVTLSVLGWLCSIICCALPMWRVSAFIGNNIVTAQIIWEGLWMNCVVQSTGQMQCKVYDSMLALPQDLQAARALLVVAIVLAVLGLMVAIVGAQCTRCVEDETTKAKITIVSGVIFLLSGIMTLIPVSWSANTIIRDFYNPLVLESQKRELGTSLYVGWAAAALLLFGGSLLCCSCPPKDERYAPSKVAYSAPRSAVTSYDKRNYV
sp|O35054|CLD4_MOUSE,MASMGLQVLGISLAVLGWLGIILSCALPMWRVTAFIGSNIVTAQTSWEGLWMNCVVQSTGQMQCKMYDSMLALPQDLQAARALMVISIIVGALGMLLSVVGGKCTNCMEDETVKAKIMITAGAVFIVASMLIMVPVSWTAHNVIRDFYNPMVASGQKREMGASLYVGWAASGLLLLGGGLLCCSCPPRSNDKPYSAKYSAARSVPASNYV
sp|Q9ET38|CLD19_MOUSE,MANSGLQLLGYFLALGGWVGIIASTALPQWKQSSYAGDAIITAVGLYEGLWMSCASQSTGQVQCKLYDSLLALDGHIQSARALMVVAVLLGFVAMVLSVVGMKCTRVGDSNPTAKSRVAISGGALFLLAGLCTLTAVSWYATLVTQEFFNPSTPVNARYEFGPALFVGWASAGLAMLGGSFLCCTCPEPERANSIPQPYRSGPSTAAREPVVKLPASVKGPLGV
tr|A0A9L0IES7|A0A9L0IES7_EQUAS,MANSGLQLLGYFLALGGWVGIIASTALPQWKQSSYAGDAIITAVGLYEGLWMSCASQSTGQVQCKLYDSLLALEGHIQSARALMVVAVLLGFVGMVLSVIGMKCTRVGDSNPIAKGRIAISGGALFLLAGLCTLTAVSWYATLVTQEFFNPSTPVNARYEFGPALFVGWASAGLAMLGGSFLCCTCPEPERSNNSPQPYRPGPSAAAREHPTCTLRPRPRHSERGRMQHPAHRGRTTPGTGAGLSTHQPGCRPSPQPPSHSPGGSRSVYSVLGPGDAAGKMDCGAQCPGEARALHPPPHPGPTGSHSNPIKEAVPG
tr|A0A2K6NMJ0|A0A2K6NMJ0_RHIRO,MASAGLQLLAFILALSGVSGVLTATLLPNWKVNVDVGSNIITAIVQLHGLWMDCTWYSTGMFSCALKHSILSLPIHVQAARATMVLACILSALGICTSTVGMKCTRLGGDRETKSHASFAGGVCFMSAGISSLIPTVWYTKEIIANFLDLTVPESNKHEPGGAIYIGFISAMLLFISGMIFCTSCIKRNPEAWLDPPTQQPISNTQLENNSTHNLKDYV
tr|A0A6P3J316|A0A6P3J316_BISBB,MANSGLQLLGYFLAMGGWVGIIASTALPQWKQSSYAGDAIITAVGLYEGLWMSCASQSTGQVQCKLYDSLLALEGHIQSARALMVVAVLLGFVAMVLSVVGMKCTRVGDSNPIAKGRVAIAGGALFLLAGLCTLTAVSWYATLVTQEFFNPSTPVNARYEFGPALFVGWAAAGLALLGGSFLCCTCPEPERANNSPQPYRPGPSTAAREPVVKLPASTKGPLGV
sp|Q99PA5|NKG7_MOUSE,MEPCRSLALFAGSLGLTSSLIALTTDFWIVATGPHFSAHSGLWPTSQETQVAGYIHVTQSFCILAVLWGLVSVSFLILSCIPALSAPGRGPLVSTVMAFSAALSILVAMAVYTSMRWSQTPFSQVQTFFSWSFYLGWVSFILFLFAGCLSLGAHCRTRRAEYETL
tr|A0A8B9BQP7|A0A8B9BQP7_9AVES,MASMGLQVLGIALSVIGWLASILCCALPMWRETAFVGNNIVVAQIIWEGLWMNCVVQSTGQMQCRVYDSLLALPQDLQAARALVVVAIVLAVLGTLLAVAGGKCTNCVEDETAKAKVMILSGVTFIIAGVLILIPISWSANSIIRDFYNPLVAESQKRDLGSSLYVGWAASALLLLGGGILCCTCPPRGEKPYSAKYTASRSLPASNYV
tr|G3MYT0|G3MYT0_BOVIN,MATAGVQLLAFALALSGVSGVLAATLLPNWKVNMDAGSNIITTIERLEGLWMDCMWYSTGMFSCTLKYSVLALPSHEQAARAAMILACILSAVGICTSTVGMECTRLGGDLETKRHACFAGGVCFLSAGTSGLIPTVWYTKEIIANFLDLTVPQSNKHEPGGAVYLGIISAVLLVISGMIFCTSCLKKNSGALLHPCKQPPVSTAQPEDSSAYSLKDCVKNCVMHVEFLGACCDFCL
sp|P20241|NRG_DROME,MWRQSTILAALLVALLCAGSAESKGNRPPRITKQPAPGELLFKVAQQNKESDNPFIIECEADGQPEPEYSWIKNGKKFDWQAYDNRMLRQPGRGTLVITIPKDEDRGHYQCFASNEFGTATSNSVYVRKAELNAFKDEAAKTLEAVEGEPFMLKCAAPDGFPSPTVNWMIQESIDGSIKSINNSRMTLDPEGNLWFSNVTREDASSDFYYACSATSVFRSEYKIGNKVLLDVKQMGVSASQNKHPPVRQYVSRRQSLALRGKRMELFCIYGGTPLPQTVWSKDGQRIQWSDRITQGHYGKSLVIRQTNFDDAGTYTCDVSNGVGNAQSFSIILNVNSVPYFTKEPEIATAAEDEEVVFECRAAGVPEPKISWIHNGKPIEQSTPNPRRTVTDNTIRIINLVKGDTGNYGCNATNSLGYVYKDVYLNVQAEPPTISEAPAAVSTVDGRNVTIKCRVNGSPKPLVKWLRASNWLTGGRYNVQANGDLEIQDVTFSDAGKYTCYAQNKFGEIQADGSLVVKEHTRITQEPQNYEVAAGQSATFRCNEAHDDTLEIEIDWWKDGQSIDFEAQPRFVKTNDNSLTIAKTMELDSGEYTCVARTRLDEATARANLIVQDVPNAPKLTGITCQADKAEIHWEQQGDNRSPILHYTIQFNTSFTPASWDAAYEKVPNTDSSFVVQMSPWANYTFRVIAFNKIGASPPSAHSDSCTTQPDVPFKNPDNVVGQGTEPNNLVISWTPMPEIEHNAPNFHYYVSWKRDIPAAAWENNNIFDWRQNNIVIADQPTFVKYLIKVVAINDRGESNVAAEEVVGYSGEDRPLDAPTNFTMRQITSSTSGYMAWTPVSEESVRGHFKGYKIQTWTENEGEEGLREIHVKGDTHNALVTQFKPDSKNYARILAYNGRFNGPPSAVIDFDTPEGVPSPVQGLDAYPLGSSAFMLHWKKPLYPNGKLTGYKIYYEEVKESYVGERREYDPHITDPRVTRMKMAGLKPNSKYRISITATTKMGEGSEHYIEKTTLKDAVNVAPATPSFSWEQLPSDNGLAKFRINWLPSTEGHPGTHFFTMHRIKGETQWIRENEEKNSDYQEVGGLDPETAYEFRVVSVDGHFNTESATQEIDTNTVEGPIMVANETVANAGWFIGMMLALAFIIILFIIICIIRRNRGGKYDVHDRELANGRRDYPEEGGFHEYSQPLDNKSAGRQSVSSANKPGVESDTDSMAEYGDGDTGQFTEDGSFIGQYVPGKLQPPVSPQPLNNSAAAHQAAPTAGGSGAAGSAAAAGASGGASSAGGAAASNGGAAAGAVATYV
tr|A0A2I3HKP3|A0A2I3HKP3_NOMLE,MSMGLEITGTALAVLGWLGTIVCCALPMWRVSAFIGSNIITSQNIWEGLWMNCVVQSTGQMQCKVYDSLLALPQDLQAARALIVVAILLAAFGLLVALVGAQCTNCVQDDTAKAKITIVAGVLFLLAALLTLVPVSWSANTIIQDFYNPVVPEAQKREMGAGLYVGWAAAALQLLGGALLCCSCPPREKKYTATKVVYSAPRSTGPGASIGTAYDRKDYV
sp|Q9YH91|CLDY_DANRE,MASVGLQLLATVLAIIGWLGEIVICALPMWKVTAFIGNNIVTAQIFWEGLWMNCVQQSTGQMQCKVYDSMLALPQDLQAARALVVISIIVTFMGVFLTIAGGKCTNCIEDQDAKAKVVVAAGVFFLVGGILCLIPVCWSANSVIKDFYNPTLSDAQKRELGASLFIGWCASGLLLLGGALLCCQCPKNEGRAYSVKYSAPRSAPGAYV
tr|A6J0G4|A6J0G4_RAT,MSMGLEITGTSLAVLGWLCTIVCCALPMWRVSAFIGSSIITAQITWEGLWMNCVVQSTGQMQCKMYDSLLALPQDLQAARALIVVSILLAAFGLLVALVGAQCTNCVQDETAKAKITIVAGVLFLLAAVLTLVPVSWSANTIIRDFYNPLVPEAQKREMGTGLYVGWAAAALQLLGGALLCCSCPPREKYAPTKILYSAPRSTGPGTGTGTAYDRKDYV
tr|H1A3S3|H1A3S3_TAEGU,MGGRAAAMGGGRQLAGYLAALAGWGAALAAAVLPHWRQSSYAGDAIITAVGLHEGLWMNCAAQSTGQVQCRLHDSLLSLEVHFQTSRALMVISLLLGFFGIIVSVMGMKCTKVGEEDPVTKSRIAVAGGVLFILSGKAALAFIHQWYRNPQTPFNTDRGMGEVWYEFGSALFVGWGAASLSMLGGSLLCCSCPAKECRGQQYHQQSQPSAAREYV
sp|Q0IIL2|CLD12_BOVIN,MGCRDVHAATVLSFLCGIASVAGLFAGTLLPNWRKLRLITFNRNEKNLTVYTGLWVKCARYDGGNDCLMYDAAWYSSVDQLDLRVLQFALPLSILIAMGALLLCLIGMCNTAFRSSVPNIKLAKCLVNSAGCHLVAGLLFFLAGTVSLSPSIWVIFYNIHLNRKFEPVFAFDYAVYVTVASAGGLFMTALLLFIWYCACKSLPSPFWQPLYSHPPGMHTYSQPYSARSRLSAIEIDIPVVSHTT
tr|Q5XIT8|Q5XIT8_RAT,MASMGLQVLGISLAVLGWLGVILSCSLPMWRVTAFIGSNIVTAQTSWEGLWMNCVVQSTGQMQCKMYDSMLALPQDLQAARALMVISIIVGALGMLLSVVGGKCTNCMEDETVKAKVMITAGAVFIVASMLIMVPVSWTAHNVIRDFYNPLVASGQKREMGASLYIGWAASGLLLLGGGLLCCNCPPRRNEKPYSAKYSAARSVPASNYV
sp|Q2KIY2|CLD15_BOVIN,MLVAVEIFGFFLTAVGLLMLGVTLAHSSWRVSTVHGNVITTNTIFENLWYSCATDSMGVHNCWEFPSMLALSGYIQACRALMITAILLGFLGLFLGMVGLRCTNIGGLELSRKTKLAATAGALHILAGICGMVAVSWYAFNITRDFFNPLYAGTKYELGPALYLGWSACLLAILGGICLFSNCCCSRDRDPATGVQLPYKAPVIPAASLAARLPAAASDEEGDSSFGKYGKNAYV
sp|Q8WXS5|CCG8_HUMAN,MESLKRWNEERGLWCEKGVQVLLTTVGAFAAFGLMTIAISTDYWLYTRALICNTTNLTAGGDDGTPHRGGGGASEKKDPGGLTHSGLWRICCLEGLKRGVCVKINHFPEDTDYDHDSAEYLLRVVRASSIFPILSAILLLLGGVCVAASRVYKSKRNIILGAGILFVAAGLSNIIGVIVYISANAGEPGPKRDEEKKNHYSYGWSFYFGGLSFILAEVIGVLAVNIYIERSREAHCQSRSDLLKAGGGAGGSGGSGPSAILRLPSYRFRYRRRSRSSSRSSEPSPSRDASPGGPGGPGFASTDISMYTLSRDPSKGSVAAGLAGAGGGGGGAVGAFGGAAGGAGGGGGGGGGAGAERDRGGASGFLTLHNAFPKEAGGGVTVTVTGPPAPPAPAPPAPSAPAPGTLAKEAAASNTNTLNRKTTPV
tr|A0A3Q0SCY4|A0A3Q0SCY4_AMPCI,MANSSLQILGFALALLGVIGLIIGTILPQWKMSAYVGDNIITAVSMYEGLWMSCAFQSTGQMQCKVYDSILQLNSALQATRALMIVSIIVSLAGLGVACMGMKCTNCGGDDKVRKSRIAMTGGIIILIGGMSLVLPSSLPGLVHSWL
sp|Q96B33|CLD23_HUMAN,MRTPVVMTLGMVLAPCGLLLNLTGTLAPGWRLVKGFLNQPVDVELYQGLWDMCREQSSRERECGQTDQWGYFEAQPVLVARALMVTSLAATVLGLLLASLGVRCWQDEPNFVLAGLSGVVLFVAGLLGLIPVSWYNHFLGDRDVLPAPASPVTVQVSYSLVLGYLGSCLLLLGGFSLALSFAPWCDERCRRRRKGPSAGPRRSSVSTIQVEWPEPDLAPAIKYYSDGQHRPPPAQHRKPKPKPKVGFPMPRPRPKAYTNSVDVLDGEGWESQDAPSCSTHPCDSSLPCDSDL
sp|Q66HH2|EMP2_RAT,MLVILAFIIVFHIVSTALLFISTIDNAWWVGDGFSADIWRVCTNSTNCTEINDLSSTEEFSGYSVMQAVQATMILSTILSCISFLIFLLQLFRLKQGERFVLTAIIQLMSCLCVMIGASVYTDRRQDLHHQNSQLYYLLQEGSYGYSFILAWVAFAFTFISGLMYMILRKRK
sp|Q5E9L0|CLD10_BOVIN,MASTASEIIAFMVSISGWVLVSSTLPTDYWKVSTIDGTVITTATYWANLWKTCVTDSTGVSNCKDFPSMLALDGYIQACRGLMIAAVSLGFFGSIFALIGMKCTKVGGSDKAKAKIACLAGIVFILSGLCSMTGCSLYANKITTEFFDPLFVEQKYELGAALFIGWAGASLCLIGGVIFCFSISDNNKAPRMGYTYNGATSVMSSRTKYHGREGDLKTPNPSKQFDKNAYV
tr|F7F3I0|F7F3I0_MONDO,MRDLLQYVACCLAFFSAGFLIVATWTDCWMVNADDSLEVSTKCRGLWWECVTNAFDGIRTCDEYDSILAEHPLKLVVTRALMITANILAALGFLSLLLGLHCVKFLPNEPLIKVRICFVAGILLVIAGVPGIVGSVWYAIDVYVERTSLVLHNIFLGIQYKFGWSCWLGMAGALGCFLAGAVLTCCLYLFKDLGPERSYAYSLRKTYSHAGMSMAKSYVPPRTETAKMYAVDTRV
sp|Q63ZW7|INADL_MOUSE,MPENPAAEKMQVLQVLDRLRGKLQEKGDTTQNEKLSAFYETLKSPLFNQILTLQQSIKQLKGQLSHIPSDCSANFDFSRKGLLVFTDGSITNGNAQRPCSNVTASELLPWTQKSASEDFNSVIQQMAQGRHVEYIDIERPSTGGLGFSVVALRSQSLGLIDIFVKEVHPGSVADRDHRLKENDQILAINDTPLDQNISHQQAIALLQQATGSLRLVVAREVGHTQGRASTSSADTTLPETVCWGHTEEVELINDGSGLGFGIVGGKSSGVVVRTIVPGGLADRDGRLQTGDHILKIGGTNVQGMTSEQVAQVLRNCGNSVRMLVARDPVGEIAVTPPTPVSLPVALPAVATRTLDSDRSPFETYSVELVKKDGQSLGIRIVGYVGTAHPGEASGIYVKSIIPGSAAYHNGQIQVNDKIVAVDGVNIQGFANQDVVEVLRNAGQVVHLTLVRRKTSLSASPFEHSSSRETVAEPPKVPERAGSPKPEANLSVEAEEIGERLDNLKNNTVQALEKPDVYPEKVPGSPENELKSRWENLLGPDYEVMVATLDAQIADDEELQKYSKLLPIHTLRLGMEVDSFDGHHYISSVAPGGPVDTLNLLQPEDELLEVNGMQLYGKSRREAVSFLKEVPPPFTLVCCRRLFDDEASVDEPRTMEPALLEAEVDHSVDVNIEDDDDGELALWSPEVKTVELVKDCKGLGFSILDYQDPLDPTRSVIVIRSLVADGVAERSGELLPGDRLVSVNEFSLDNATLAEAVEVLKAVPPGVVHLGICKPLVEDEKEERFSLHSNNNGDSSEPADAVHEIHSSLILEAPQGFRDEPYLEELVDEPFLDLGKSLQFQQKDVDSSSEAWEMHEFLSPPLDGRGEEREMLVDEEYELYQDHLRAMESNPPPPHIREAAPASPVLELQAGTQWLHANLSGGERLECHDAESMMSAYPQEMQQYSYSTADMMEETFGLDSRAPIPSSEGNGQHGRFDDMGHLHSLTSSSLDLGMMIPSDLQGPGVLVDLPAVAQRREQEDLPLYRLPSARVVTKPSSHMGLVSSRHANAACELPEREEGEGEETPNFSHWGPPRIVEIFREPNVSLGISIVGGQTVIKRLKNGEELKGIFIKQVLEDSPAGKTNALKTGDKILEVSGVDLQNASHAEAVEAIKSAGNPVVFVVQSLSSTPRVIPTVNNKGKTPAPNQDQNTQERKAKRHGTAPPPMKLPPPYRAPSADMEGSEEDCALTDKKIRQRYADLPGELHIIELEKDKNGLGLSLAGNKDRSRMSIFVVGINPEGPAAADGRMRIGDELLEINNQILYGRSHQNASAIIKTAPTRVKLVFIRNEDAVSQMAVAPFPELSHSPSPVEDLGGTELVSSEEESSVDAKHLPEPESSKPEDLSQVVDDNMVAEQQKESESPDSAACQIKQQTYSTQVSSSSQDSPSSPAPLCQSAHADVTGSGNFQAPLPVDPAPLSVDPATCPIVPGQEMIIEISKGRSGLGLSIVGGKDTPLDAIVIHEVYEEGAAARDGRLWAGDQILEVNGVDLRSSSHEEAITALRQTPQKVRLVVYRDEAQYRDEENLEVFLVDLQKKTGRGLGLSIVGKRSGSGVFISDIVKGGAADLDGRLIRGDQILSVNGEDMRHASQETVATILKCVQGLVQLEIGRLRAGSWAASRKTSQNSQGDQHSAHSSCRPSFAPVITSLQNLVGTKRSSDPPQKCTEEEPRTVEIIRELSDALGISIAGGKGSPLGDIPIFIAMIQANGVAARTQKLKVGDRIVSINGQPLDGLSHTDAVNLLKNAFGRIILQVVADTNISAIATQLEIMSAGSQLGSPTADRHPEDTEEQMQRTAD
tr|A0A2K5L0G7|A0A2K5L0G7_CERAT,MSMGLEITGTALAVLGWLGTIVCCALPMWRVTAFIGSNIITSQTIWEGLWMNCVVQSTGQMQCKVYDSLLALPQDLQAARALIVVAILLAAFGLLVALVGAQCTNCVQDDTAKAKITIVAGVLFLLAAVLTLVPVSWSANTIIREFYNPVVPEAQKREMGTSLYVGWAAAALQLLGGALLCCSCPPREKKYMPTKVVYSAPRSTGPGASMGTAYDRKDYV
sp|B2RVY9|TM182_MOUSE,MRLNVAVFFGALFGALGVLLFLVAFGSDYWLLATEVGRCSGEQNIENITFHHEGFFWRCWFSGVVEENNSNIWKFWYTNQPPSKNCTHAYLSPYPFMRGEHNSTSYDSAIIYRGFWAVLLLLGVVAALTASFLIICAAPFSSHFLYKAGGGSYIASGVLFSLVVILYVIWVQAVADMESYRALRMRDCWEFTPSILYGWSFFLAPAGVFFSLLAGLLFLVVGRHIQIHH
tr|A0A1S2ZE67|A0A1S2ZE67_ERIEU,MASMGLQVMGIALAVLGWLGAVLSCALPMWRVTAFIGSNIVTSQTIWEGLWMNCVVQSTGQMQCKVYDSLLALPQDLQAARALTVVCIVAAAFGVLLSVVGGKCTNCVEDETVKAKTMIMAGVVFLLAGLLVLVPVSWTAHNVIRDFYNPLVASGQKREMGASLYIGWAAAGLLLLGGALLCCSCPPRDDRKPYSAKYSAARSAPASNYV
sp|Q71RJ2|CCG2_RAT,MGLFDRGVQMLLTTVGAFAAFSLMTIAVGTDYWLYSRGVCKTKSVSENETSKKNEEVMTHSGLWRTCCLEGNFKGLCKQIDHFPEDADYEADTAEYFLRAVRASSIFPILSVILLFMGGLCIAASEFYKTRHNIILSAGIFFVSAGLSNIIGIIVYISANAGDPSKSDSKKNSYSYGWSFYFGALSFIIAEMVGVLAVHMFIDRHKQLRATARATDYLQASAITRIPSYRYRYQRRSRSSSRSTEPSHSRDASPVGVKGFNTLPSTEISMYTLSRDPLKAATTPTATYNSDRDNSFLQVHNCIQKDSKDSLHANTANRRTTPV
tr|A0A8C0HZL7|A0A8C0HZL7_BALMU,MANAGLQLLGYFLALGGWVGIIASTALPQWKQSSYAGDAIITAVGLYEGLWMSCASQSTGQVQCKLYDSLLALEGHIQSARALMVVAVLLGFVAMVLSVVGMKCTRVGDSNPIAKGRVAIAGGALFLLAGLCTLTAVSWYATLVTQEFFNPSTPVNARYEFGPALFLGWAAAGLAMLGGSFLCCTCQEPERSNSSPQPYRPGPSAAAREPVVKLSASTKGPLGV
tr|A0A672TK05|A0A672TK05_STRHB,MGGGARELAGYLLALGGWVSALAAAVLPQWRQSSYAGDAIITAVGLHEGLWMSCAAQSTGQVQCRLHDSLLSLDVHIQTSRALMVISLLLGFFGIIVSVVGMKCTKVGEEDPITKSRIAVAGGVLFILSGLCTLAAVSLYATRVTYEFFRESSVPINARYEFGSALFIGWGATGLTMLGGSLLCCSCPPKERRGQHCYRQSQPSTAREYV
tr|D4A386|D4A386_RAT,MASLGVQLVGYILGLLGLLGTSIAMLLPNWRTSSYVGASIVTAVGFSKGLWMECATHSTGITQCDIYSTLLGLPADIQAAQAMMVTSSAMSSLACIISVVGMRCTVFCQESRAKDRVAVVGGVFFILGGILGFIPVAWNLHGILRDFYSPLVPDSMKFEIGEALYLGIISALFSLVAGVILCFSCSPQGNRTNYYDGYQAQPLATRSSPRSAQQPKAKSEFNSYSLTGYV
tr|H0XHE2|H0XHE2_OTOGA,MANSGLQLLGYFLALGGWVGIIASTALPQWKQSSYAGDAIITAVGLYEGLWMSCASQSTGQVQCKLYDSLLALDGHIQSARALMVVAVLLGFVAMVLSVVGMKCTRVGDSNPIAKGRVAISGGALFLLAGLCTLTAVSWYATLVTQEFFNPSTPVNARYEFGPALFVGWASAGLAMLGGSFLCCTCPEPERVNSSPQPYRPGPSTAAREPVVKLPASAKGPLGV
tr|A0A6P5LS96|A0A6P5LS96_PHACI,MSMGLEIAGVSLAVLGWMGTILCCALPMWRVTAFIGTSIVTAQTIWEGLWMNCVVQSTGQMQCKVYDSLLALPQDLQAARAMIIVAILLAAFGLLAAMVGAQCTNCVQDDTAKAKITIVAGVVFLLAGLLTLIPVSWSANTIIREFYSSLVPESQKRELGAALYVGWAASVLQLLGGAILCSSCPPKEKKYTPSKILYSAPRSTATTAVGVGSSYDRKDYV
tr|F6REW9|F6REW9_ORNAN,MGSMGLQVMGVALAVLGWLGVMLCCALPMWRVSAFIGSSIVTAQTIWEGLWMNCVVQSTGQMQCKVYDSMLALPQDLQAARALVVICIVVAALAVLLAVVGGKCTNCVEDEAAKAKTTIVAGVVFLLAGVLAIIPVSWTANNIIRDFYNPTVSQGQKREMGASLYIGWAAAGLLLLGGGLLCCNCPPRRDKPYSAKYSAARSAPTTNYV
sp|P29317|EPHA2_HUMAN,MELQAARACFALLWGCALAAAAAAQGKEVVLLDFAAAGGELGWLTHPYGKGWDLMQNIMNDMPIYMYSVCNVMSGDQDNWLRTNWVYRGEAERIFIELKFTVRDCNSFPGGASSCKETFNLYYAESDLDYGTNFQKRLFTKIDTIAPDEITVSSDFEARHVKLNVEERSVGPLTRKGFYLAFQDIGACVALLSVRVYYKKCPELLQGLAHFPETIAGSDAPSLATVAGTCVDHAVVPPGGEEPRMHCAVDGEWLVPIGQCLCQAGYEKVEDACQACSPGFFKFEASESPCLECPEHTLPSPEGATSCECEEGFFRAPQDPASMPCTRPPSAPHYLTAVGMGAKVELRWTPPQDSGGREDIVYSVTCEQCWPESGECGPCEASVRYSEPPHGLTRTSVTVSDLEPHMNYTFTVEARNGVSGLVTSRSFRTASVSINQTEPPKVRLEGRSTTSLSVSWSIPPPQQSRVWKYEVTYRKKGDSNSYNVRRTEGFSVTLDDLAPDTTYLVQVQALTQEGQGAGSKVHEFQTLSPEGSGNLAVIGGVAVGVVLLLVLAGVGFFIHRRRKNQRARQSPEDVYFSKSEQLKPLKTYVDPHTYEDPNQAVLKFTTEIHPSCVTRQKVIGAGEFGEVYKGMLKTSSGKKEVPVAIKTLKAGYTEKQRVDFLGEAGIMGQFSHHNIIRLEGVISKYKPMMIITEYMENGALDKFLREKDGEFSVLQLVGMLRGIAAGMKYLANMNYVHRDLAARNILVNSNLVCKVSDFGLSRVLEDDPEATYTTSGGKIPIRWTAPEAISYRKFTSASDVWSFGIVMWEVMTYGERPYWELSNHEVMKAINDGFRLPTPMDCPSAIYQLMMQCWQQERARRPKFADIVSILDKLIRAPDSLKTLADFDPRVSIRLPSTSGSEGVPFRTVSEWLESIKMQQYTEHFMAAGYTAIEKVVQMTNDDIKRIGVRLPGHQKRIAYSLLGLKDQVNTVGIPI
sp|Q9BXT2|CCG6_HUMAN,MMWSNFFLQEENRRRGAAGRRRAHGQGRSGLTPEREGKVKLALLLAAVGATLAVLSVGTEFWVELNTYKANGSAVCEAAHLGLWKACTKRLWQADVPVDRDTCGPAELPGEANCTYFKFFTTGENARIFQRTTKKEVNLAAAVIAVLGLAVMALGCLCIIMVLSKGAEFLLRVGAVCFGLSGLLLLVSLEVFRHSVRALLQRVSPEPPPAPRLTYEYSWSLGCGVGAGLILLLGAGCFLLLTLPSWPWGSLCPKRGHRAT
sp|A0A1D5NY17|TM182_CHICK,MKLSVGIFFGGLFAALGVLLFLVAFGTDYWLLATEIGRCSKAPEDAGTEKATFHHEGFFWRCWFSGNVREHNTSMWKFWYTNQSPSKNCTHAYLSPFPHIRDEHNSTSYDSAVIYRGFWTVLMLLGVITIVMASFLIICAAPFASHILYKAGGGFYILAGVLFSLVVVMYVIWVQAMADLENYTNMKKMDCPDFAVYVRYGWSFMLAPIGVFFALLAGMLFLLVGRAIYLNSD
sp|O54942|CLD5_MOUSE,MGSAALEILGLVLCLVGWVGLILACGLPMWQVTAFLDHNIVTAQTTWKGLWMSCVVQSTGHMQCKVYESVLALSAEVQAARALTVGAVLLALVALFVTLTGAQCTTCVAPGPVKARVALTGGALYAVCGLLALVPLCWFANIVVREFYDPTVPVSQKYELGAALYIGWAASALLMCGGGLVCCGAWVCTGRPEFSFPVKYSAPRRPTANGDYDKKNYV
tr|A0A1S3GIM8|A0A1S3GIM8_DIPOR,MASMGLQMLGIALAVLGWLGAILSCALPMWRVTAFIGSNIVTAQTSWEGLWMNCVVQSTGQMQCKVYDSLLALPQDLQAARALIVISIIVAALALLLSIVGGKCTNCVEDETTKAKIMIVSGVVFLLACLLVIVPISWTAHNIIRDFYNPLVASGQKREMGASLYIGWAASGLLLLGGALLCCSCPPRQDKPYSAKYSAARSAPASNYV
tr|A0A5N4CXF8|A0A5N4CXF8_CAMDR,MSMGLEIAGTSLAVMGWLSTIVCCALPMWRVTAFIGSSIITAQITWEGLWMNCVVQSTGQMQCKVYDSLLALPQDLQAARALIVVAILLAAFGLLVALVGAQCTNCVQDDTAKAKITIVAGVLFLLAALLTLVPVSWSANTIIRDFYNPLVPEAQKREMGSGLYVGWAAAALQLLGGALLCCSCPPRENKYAPAKVLYSAPRSTGLGTVTGTGTAYDRKDYV
sp|Q8NHS1|CLDN2_HUMAN,MGVKRSLQSGGILLSLVANVLMVLSTATNYWTRQQEGHSGLWQECNHGICSSIPCQTTLAVTVACMVLAVGVGVVGMVMGLRIRCDEGESLRGQTTSAFLFLGGLLLLTALIGYTVKNAWKNNVFFSWSYFSGWLALPFSILAGFCFLLADMIMQSTDAISGFPVCL
tr|A0A2R8ZI08|A0A2R8ZI08_PANPA,MASAGLQLLAFILALSGVSGVLTATLLPNWKVNVDVDSNIITAIVQLHGLWMDCTWYSTGMFSCALKHSILSLPIHVQAARATMVLACVLSALGICTSTVGMKCTRLGGDRETKSHASFAGGVCFMSAGISSLISTVWYTKEIIANFLDLTVPESNKHEPGGAIYIGFISAMLLFISGMIFCTSCIKRNPEARLDPPTQQPISNTQLENNSTHNLKDYV
tr|A5JSJ9|A5JSJ9_HUMAN,MANAGLQLLGFILAFLGWIGAIVSTALPQWRIYSYAGDNIVTAQAMYEGLWMSCVSQSTGQIQCKVFDSLLNLSSTLQATRALMVVGILLGVIAIFVATVGMKCMKCLEDDEVQKMRMAVIGGAIFLLAGLAILVATAWYGNRIVQEFYDPMTPVNARYEFGQALFTGWAAASLCLLGGALLCCSCPRKTTSYPTPRPYPKPAPSSGKDYV
tr|G1S0C5|G1S0C5_NOMLE,MASAGLQLLAFILALSGVSGVLTATLLPNWKVNVDVGSNIITAIVQLHGLWMDCTWYSTGMFSCALKHSILSLPIHVQAARATMVLACVLSALGICASTVGMKCTRLGGDRETKSHASFAGGVCFMSAGISSLIPTVWYTKEIIANFLDLTVPESNKHEPGGAIYIGFISAMLLFISGMIFCTSCIKRNPEARLDPPTQQPISNTQLENNSTHNLKDYV
tr|A0A8C6H8K2|A0A8C6H8K2_MUSSI,MASLGVQLVGYILGLLGLLGTSIAMLLPNWRTSSYVGASIVTAVGFSKGLWMECATHSTGITQCDIYSTLLGLPADIQAAQAMMVTSSAMSSLACIISVVGMRCTVFCQESRAKDRVAVVGGVFFILGGILGFIPVAWNLHGILRDFYSPLVPDSMKFEIGEALYLGIISALFSLVAGVILCFSCSPQGNRTNYYDGYQAQPLATRSSPRSAQQPKAKSEFNSYSLTGYV
sp|Q9Y698|CCG2_HUMAN,MGLFDRGVQMLLTTVGAFAAFSLMTIAVGTDYWLYSRGVCKTKSVSENETSKKNEEVMTHSGLWRTCCLEGNFKGLCKQIDHFPEDADYEADTAEYFLRAVRASSIFPILSVILLFMGGLCIAASEFYKTRHNIILSAGIFFVSAGLSNIIGIIVYISANAGDPSKSDSKKNSYSYGWSFYFGALSFIIAEMVGVLAVHMFIDRHKQLRATARATDYLQASAITRIPSYRYRYQRRSRSSSRSTEPSHSRDASPVGIKGFNTLPSTEISMYTLSRDPLKAATTPTATYNSDRDNSFLQVHNCIQKENKDSLHSNTANRRTTPV
sp|O88602|CCG2_MOUSE,MGLFDRGVQMLLTTVGAFAAFSLMTIAVGTDYWLYSRGVCKTKSVSENETSKKNEEVMTHSGLWRTCCLEGNFKGLCKQIDHFPEDADYEADTAEYFLRAVRASSIFPILSVILLFMGGLCIAASEFYKTRHNIILSAGIFFVSAGLSNIIGIIVYISANAGDPSKSDSKKNSYSYGWSFYFGALSFIIAEMVGVLAVHMFIDRHKQLRATARATDYLQASAITRIPSYRYRYQRRSRSSSRSTEPSHSRDASPVGVKGFNTLPSTEISMYTLSRDPLKAATTPTATYNSDRDNSFLQVHNCIQKDSKDSLHANTANRRTTPV
tr|A0A3B4GU28|A0A3B4GU28_9CICH,MANSGLQILGFALALLGVIGLVVGTIMPQWKMSAYVGDNIITAISMYEGLWMSCAFQSTGQMQCKVYDSILQLNSALQATRALMIVSIIVTLAGLGVACMGMKCTNCGGDDKVRKSRTAMGGGIIILIGALCAIVACSWYANDIIRAFYNPFTPVNTKYEFGAAIFIAWAGAFLTVVGGGILAASCSKSKGRQSGPKYPIKDYV
tr|A0A8B9I9R7|A0A8B9I9R7_9AVES,MASTSAEIVAFLLTISGWVLVSSTLPTDYWKVSSIDGTVITTATFWANLWKTCVTDSTGVSNCKDFPSMLALDGYIQACRGLMISAVCLGFFGSVFGLIGMKCTKIGGSDQTKAKIACLAGLIFILSGLCSMTGCSLYANRITSEFFDPSYIAQKYELGAALFIGWAGASLCIIGGSIFCFSIAENSKSSRRGYAYNGATSVMSSRTKVHSSVPDKTPPKHFDKNAYV
sp|Q5R9K1|CLD12_PONAB,MGCRDVHAATVLSFLCGIASVAGLFAGTLLPNWRKLRLITFNRNEKNLTVYTGLWVKCARYDGSSDCLMYDTTWYSSVDQLDLRVLQFALPLSMLIAMGALLLCLIGMCNTAFRSSVPNIKLAKCLVNSAGCHLVAGLLFFLAGTVSLSPSIWVIFYNIHLNKKFEPVFSFDYAVYVTIASAGGLFMTSLILFIWYCTCKSLPSPFWQPLYSHPPSMHTYSQPYSARSRLSAIEIDIPVVSHTT
tr|A0A4X2K506|A0A4X2K506_VOMUR,MGSMGLQIMGIALAVLGWLASMLSCALPMWRVTAFIGSNIVTAQTIWEGLWMNCVVQSTGQMQCKVYDSLLALPQDLQAARALVVICIIVAALGVLLALVGGKCTNCVEDETSKAKTMIVAGVVFILAGILIIIPTSWTAHNVIRDFYNPLVASGQKREMGASLYIGWAASGLLMLGGALLCCNCPPRSEKSYSAKYTAARSAPTSNYV
tr|A0A8C2SVD3|A0A8C2SVD3_COTJA,MSMGLEIGGVALSVLGWLCSIICCALPMWRVTAFIGNNIVVAQTIWEGLWMNCVVQSTGQMQCKVYDSMLALPQDLQAARALLVVAIVLAVLGLMVAIVGAQCTRCVEDETTKAKITIVSGVIFLLSGIMTLIPVSWSANTIIRDFYNPLVIDAQKRELGTSLYVGWAASALLLFGGALLCCSCPPKDERYAPSKVAYSAPRSAVTSYDKRNYV
tr|A0A5F4W442|A0A5F4W442_CALJA,MASAGLQLLAFILALSGVSGVLTATLLPNWKVNVDVGSNIVTAIVQLHGLWMDCTWYSTGMFSCALKPSILSLPIHVQAARATMVLACVLSALGICTSTVGMKCTHLGGDRETKSHASFAGGVCFMSAGISSLIPTVWYTKEIIANFLDLTVPESNKHEPGGAIYIGFISAMLLFISGMIFCTSCIKRNPEAWLNPPTEQPISTTQPENNSTHNLKDYV
sp|P54003|SUR7_YEAST,MVKVWNIVLRLVVLLFLAGNTLLLILMIISGATDHYPVNRFYWVQGNTTGIPNAGDETRWTFWGACLQDKDGSDTCTSNLAPAYPISPVDNFNTHINVPHQFISKRDAFYYLTRFSFCFFWIALAFVGVSFILYVLTWCSKMLSEMVLILMSFGFVFNTAAVVLQTAASAMAKNAFHDDHRSAQLGASMMGMAWASVFLCIVEFILLVFWSVRARLASTYSIDNSRYRTSSRWNPFHREKEQATDPILTATGPEDMQQSASIVGPSSNANPVTATAATENQPKGINFFTIRKSHERPDDVSV
tr|G1SAN1|G1SAN1_NOMLE,MASMGLQVMGIALAVLGWLAVMLCCALPMWRVTAFIGSNIVTSQTIWEGLWMNCVVQSTGQMQCKVYDSLLALPQDLQAARALVIISIIVAALGVLLSVVGGKCTNCLEDESAKAKTMIVAGVVFLLAGLMVIVPVSWTAHNIIQDFYNPLVASGQKREMGASLYVGWAASGLLLLGGGLLCCNCPPRTDKPYSAKYSAARSAAASNYV
tr|A0A8B7F7P7|A0A8B7F7P7_MICMU,MANSGLQLLGYFLALGGWVGIIASTALPQWKQSSYAGDAIITAVGLYEGLWMSCASQSTGQVQCKLYDSLLALDGHIQSARALMVVAVLLGFVAMVLSVVGMKCTRVGDSNPIAKGRVAISGGALFLLAGLCTLTAVSWYATLVTQEFFNPSTPVNARYEFGPALFVGWASAGLAMLGGSFLCCTCPEPERVNSSPQPYRPGPSAAAREPVVKLPASAKGPLGV
tr|F7FSX7|F7FSX7_ORNAN,MSMGLELTGVALAVLGWLGTILCCSLPMWKVTAFIGSSIVTAQTIWEGLWMNCVVQSTGQMQCKVYDSLLALPQDLQAARALLVVAIILGVLGLLVSLVGAQCTNCVQDETAKAKITIVSGVVFLLTGVLTLIPVSWSANTIIRDFYNPLVVEAQKREMGAGIYIGWAAAALLLLGGGLLCCSCPPKDKKYVPAKVMYSAARSSGPSYDRKDYV
tr|A0A2R9BYC0|A0A2R9BYC0_PANPA,MANSGLQLLGYFLALGGWVGIIASTALPQWKQSSYAGDAIITAVGLYEGLWMSCASQSTGQVQCKLYDSLLALDGHIQSARALMVVAVLLGFVAMVLSVVGMKCTRVGDSNPIAKGRVAIAGGALFILAGLCTLTAVSWYATLVTQEFFNPSTPVNARYEFGPALFVGWASAGLAVLGGSFLCCTCPEPERPNSSPQPYRPGPSAAAREPVVKLPASAKGPLGV
tr|A0A7N4V4A5|A0A7N4V4A5_SARHA,MGSMGLQVMGIALAVLGWLASMLACALPMWRVTAFIGSNIVTAQTIWEGLWMSCVVQSTGQMQCKMYDSLLALPQDLQAARALVIICIIVAALGVLLALVGGKCTNCVEDETSKAKTMIVAGVVFILAGLLIIIPTSWTAHNVIRDFYNPLVASGQKREMGASLYIGWAASGLLLLGGALLCCNCPPRSEKPYSAKYTAARSAPTSNYV
sp|Q5QT56|CLD19_RAT,MANSGLQLLGYFLALGGWVGIIASTALPQWKQSSYAGDAIITAVGLYEGLWMSCASQSTGQVQCKLYDSLLALDGHIQSARALMVVAVLLGFVAMVLSVVGMKCTRVGDSNPTAKGRVAISGGALFLLAGLCTLTAVSWYATLVTQEFFNPSTPVNARYEFGPALFVGWASAGLAILGGSFLCCTCPEPERANSIPQPYRSGPSTAAREPVVKLSTSVKGPLGV
sp|Q2HJ22|CLD5_BOVIN,MGSAALEILGLVLCLVGWVGLILACGLPMWQVTAFLDHNIVTAQTTWKGLWMSCVVQSTGHMQCKVYDSVLALSPEVQAARALTVGAVLLALVALFVTLAGAQCTTCVAPGPAKARVALTGGALYALCGLLALVPLCWFANIVVREFYDPTVPMSQKYELGAALYIGWAASALLMCGGGLVCCGAWVCTGRPDFSFPVKYSASRRPTATGDYDKKNYV
tr|A0A8C9MLU1|A0A8C9MLU1_SERCA,MSMGLEIGGVALSVLGWLCSIICCALPMWKVSAFIGNNIVTAQILWEGLWMNCVVQSTGQMQCKVYDSMLALPQDLQAARALLVVAIILAVLGLMVAIVGAQCTRCVEDESTKAKITIVSGVIFLLSGVMTLIPVCWSANTIIRDFYNPLVIEAQKRELGTSLYVGWAASALLLLGGGLLCCSCPPKDDRYPTGKVAYSAPRSAVTSYDKRNYV
sp|Q9Z0S3|CLD14_MOUSE,MASTAVQLLGFLLSFLGMVGTLITTILPHWRRTAHVGTNILTAVSYLKGLWMECVWHSTGIYQCQIYRSLLALPRDLQAARALMVISCLLSGMACACAVVGMKCTRCAKGTPAKTTFAVLGGALFLLAGLLCMVAVSWTTNDVVQNFYNPLLPSGMKFEIGQALYLGFISSSLSLIGGTLLCLSCQDEAPYRPYPPQSRAGATTTATAPAYRPPAAYKDNRAPSVTSAAHSGYRLNDYV
tr|A0A1U7QYS7|A0A1U7QYS7_MESAU,MANSGLQLLGYFLALGGWIGIIASTALPQWKQSSYAGDAIITAVGLYEGLWMSCASQSTGQVQCKLYDSLLALDGHIQAARALMVTAVLLGFLAMVLSVVGMKCTRVGDSNPIAKGRVAISGGALFLLAGLCTLTAVSWYATLVTQEFFNPSTPVNARYEFGPALFVGWASAGLAMLGGSFLCCTCPEPERANSIPQPYRSGPSTAAREPVVKMPASIKGPLGV
sp|Q8VHW8|CCG5_RAT,MSTCGRKALTLLSSVFAVCGLGLLGIAVSTDYWLYLEEGIILPQNQSTEVKMSLHSGLWRVCFLAGEERGRCFTIEYVMPMNSQMTSESTVNVLKMIRSATPFPLVSLFFMFIGFILSNIGHIRPHRTILAFVSGIFFILSGLSLVVGLVLYISSINDEMLNRTKDAETYFNYKYGWSFAFAAISFLLTESAGVMSVYLFMKRYTAEDMYRPHPGFYRPRLSNCSDYSGQFLHPDAWIRGRSPSDISSDASLQMNSNYPALLKCPDYDQMSSSPC
sp|Q5I0E5|CLD18_RAT,MATTTCQVVGLLLSLLGLAGCIAATGMDMWSTQDLYDNPVTSVFQYEGLWRSCVQQSSGFTECRPYFTILGLPAMLQAVRALMIVGIVLGVIGILVSIFALKCIRIGSMDDSAKAKMTLTSGIMFIISGVCAIIGVSVFANMLVTNFWMSTANMYSGMGGMVQTVQTRYTFGAALFVGWIAGGLTLIGGVMMCIACRGLTPDDRNFKAVSYHASGQNVAYKPGGFKASTGFGSNARNKKIYDGGARTEDDEQSHPTKYDYV
sp|H7C241|CLD34_HUMAN,MVWFCNSADCQFSVFALTTIGWILSSTSTGLVEWRIWYMKDTSLYPPGIACVGIFRVCIYRRRTNSTTTKFCYRYSYQDTFLPFEISMAQRFLLTASIFGFFGRAFNMFALRNMSMRMFEEDTYNSFVVSGILNIAAGVFNLIAVLQNYDAVINSQGITFLPSLQMPFKPDVQEVGTAIQVAGIGVLPMLLTGMFSLFYKCPPYGQVHPGISEM
tr|D2HMA0|D2HMA0_AILME,MSMGLEIAGTSLAVMGWLSTIVCCALPMWRVTAFIGSSIITAQITWEGLWMNCVVQSTGQMQCKVYDSLLALPQDLQAARALIVVSILLAAFGLLVALVGAQCTNCVQDDTAKAKITIVAGVLFLLAALLTLVPVSWSANTIIRDFYNPLVPDAQKREMGAGLYVGWAAAALQLLGGALLCCSCPPREKKYAPTKILYSAPRSAGPGTSTGYDRKDYV
tr|A0A8C9AY52|A0A8C9AY52_PHOSS,MANSGLQLLGYFLALGGWVGIIASTALPQWKQSSYAGDAIITAVGLYEGLWMSCASQSTGQVQCKLYDSLLALEGHIQSARALMVVAVLLGFVAMVLSVIGMKCTRVGDSNPIAKGRVAIAGGALFLLAGLCTLTAVSWYATLVTQEFFNPSTPVNARYEFGPALFLGWAAAGLAMLGGSFLCCTCQEPERSNSSPQPYRPGPSAAAREPVVKLSASTKGPLGV
sp|Q6ZP80|TM182_HUMAN,MRLNIAIFFGALFGALGVLLFLVAFGSDYWLLATEVGRCSGEKNIENVTFHHEGFFWRCWFNGIVEENDSNIWKFWYTNQPPSKNCTHAYLSPYPFMRGEHNSTSYDSAVIYRGFWAVLMLLGVVAVVIASFLIICAAPFASHFLYKAGGGSYIAAGILFSLVVMLYVIWVQAVADMESYRNMKMKDCLDFTPSVLYGWSFFLAPAGIFFSLLAGLLFLVVGWHIQIHH
sp|Q7KRY7|SCRIB_DROME,MFKCIPIFKGCNRQVEFVDKRHCSLPQVPEEILRYSRTLEELFLDANHIRDLPKNFFRLHRLRKLGLSDNEIGRLPPDIQNFENLVELDVSRNDIPDIPDDIKHLQSLQVADFSSNPIPKLPSGFSQLKNLTVLGLNDMSLTTLPADFGSLTQLESLELRENLLKHLPETISQLTKLKRLDLGDNEIEDLPPYLGYLPGLHELWLDHNQLQRLPPELGLLTKLTYLDVSENRLEELPNEISGLVSLTDLDLAQNLLEALPDGIAKLSRLTILKLDQNRLQRLNDTLGNCENMQELILTENFLSELPASIGQMTKLNNLNVDRNALEYLPLEIGQCANLGVLSLRDNKLKKLPPELGNCTVLHVLDVSGNQLLYLPYSLVNLQLKAVWLSENQSQPLLTFQPDTDAETGEQVLSCYLLPQQEYQPITPARDLESDSEPFEEREPSRTVVKFSEEATQEKETPFVRQNTPHPKDLKAKAQKLKVERSRNEEHANLVTLPEENGTKLAETPTETRTIANNHQQQPHPVQQPIVGVNSKQPVVVGVVTPTTTTVAPTGVQGGSEGASSTANNVKAATAAVVAELAATVGGSDEVQDDDEQEDEFESDRRVGFQVEGEDDDFYKRPPKLHRRDTPHHLKNKRVQHLTDKQASEILANALASQERNDTTPQHSLSGKVTSPIEEEEQLEVEQEQQQQQQQHPFDSSLSPISAGKTAEASTDPDNLDGVTELRLEQYEIHIERTAAGLGLSIAGGKGSTPFKGDDDGIFISRVTEAGPADLAGLKVGDKVIKVNGIVVVDADHYQAVQVLKACGAVLVLVVQREVTRLIGHPVFSEDGSVSQISVETRPLVADAPPAASISHERYIPAPIEIVPQQQHLQQQQQQPIQQVAPTHSYSGNVFATPTAAQTVQPAVSAAPNGLLLNGREAPLSYIQLHTTLIRDQIGQGLGFSIAGGKGSPPFKDDCDGIFISRITEGGLAYRDGKIMVGDRVMAINGNDMTEAHHDAAVACLTEPQRFVRLVLQREYRGPLEPPTSPRSPAVLNSLSPSGYLANRPANFSRSVVEVEQPYKYNTLATTTPTPKPTVPASISNNNNTLPSSKTNGFATAAAATIDSSTGQPVPAPRRTNSVPMGDGDIGAGSTTSGDSGEAQPSSLRPLTSDDFQAMIPAHFLSGGSQHQVHVARPNEVGVSAVTVNVNKPQPDLPMFPAAPTELGRVTETITKSTFTETVMTRITDNQLAEPLISEEVVLPKNQGSLGFSIIGGTDHSCVPFGTREPGIFISHIVPGGIASKCGKLRMGDRILKVNEADVSKATHQDAVLELLKPGDEIKLTIQHDPLPPGFQEVLLSKAEGERLGMHIKGGLNGQRGNPADPSDEGVFVSKINSVGAARRDGRLKVGMRLLEVNGHSLLGASHQDAVNVLRNAGNEIQLVVCKGYDKSNLIHSIGQAGGMSTGFNSSASCSGGSRQGSRASETGSELSQSQSVSSLDHEEDERLRQDFDVFASQKPDAQQPTGPSVLAAAAAMVHGASSPTPPAATSNITPLPTAAAVASADLTAPDTPATQTVALIHAEQQAHQQQQQTQLAPLGQEKSTQEKVLEIVRAADAFTTVPPKSPSEHHEQDKIQKTTTVVISKHTLDTNPTTPTTPAAPLSIAGAESANSAGAPSPAVPASTPGSAPVLPAVAVQTQTQTTSTEKDEEEESQLQSTPASRDGAEEQQEEVRAKPTPTKVPKSVSDKKRFFESAMEDQHKPTQKTDKVFSFLSKDEVEKLRQEEERKIATLRRDKNSRLLDAANDNIDKDAAQQRTKSNSNSSSGDDNDDSDQEEGIARGDSVDNAALGHFDDAEDMRNPLDEIEAVFRS
tr|M3W054|M3W054_FELCA,MRDLLQYAACFFAFFSTGFLVVATWTDCWMVNADDSLEVSTKCRGLWWECVTNVFDGIRTCDEYDSILAEHPLKLVVTRALMITADILAGFGFITLLLGLHCVKFLPDEPYIKVRICFVAGTILLIAGAPGIIGSVWYAVDVYVERSSLVLHNIFLGIQYKFGWSCWLGMAGSLGCFLAGAVLTCCLYLFKDVGPERNYPYSMRKAYSNAAISMAKSYVAPRTETAKMYAVDTRV
sp|Q9Z0S7|CLD9_MOUSE,MASTGLELLGMTLAVLGWLGTLVSCALPLWKVTAFIGNSIVVAQVVWEGLWMSCVVQSTGQMQCKVYDSLLALPQDLQAARALCVVALLLALLGLLVAITGAQCTTCVEDEGAKARIVLTAGVLLLLSGILVLIPVCWTAHAIIQDFYNPLVAEALKRELGASLYLGWAAAALLMLGGGLLCCTCPPSHFERPRGPRLGYSIPSRSGASGLDKRDYV
sp|Q99P82|CLD11_RAT,MVATCLQVVGFVTSFVGWIGIIVTTSTNDWVVTCSYTIPTCRKMDELGSKGLWADCVMATGLHHCKPLVDILILPGYAQACRALMIAASVLGLPGILLLLTVLPCIRMGHEPGVAKYRRAQLAGVLLILLALCAIVATIWFPVCAHREITIVSFGYSLYAGWIGAVMCLVGGCVIVCCSGDAQSFGENRFYYSSGSSSPTHAKSAHV
tr|A0A1S3GK86|A0A1S3GK86_DIPOR,MSMGLELAGTALAALGWLGAIVSCALPMWRVSAFIGSSIITAQITWEGLWMNCVVQSTGQMQCKVYDSLLALPQDLQAARALIIVAILLDAFGLLVALVGAQCTNCVEDDTAKAKITIVAGVLFLLAALLTLVPVSWSANTIVRDFYNPLVPESQKRELGAGLYVGWAAAALQLLGGALLCCSCPPRDKYAPTKVLYSAPRSTAPAAGPAYDRKDYV
tr|Q75L79|Q75L79_HUMAN,MSMGLEITGTALAVLGWLGTIVCCALPMWRVSAFIGSNIITSQNIWEGLWMNCVVQSTGQMQCKVYDSLLALPQDLQAARALIVVAILLAAFGLLVALVGAQCTNCVQDDTAKAKITIVAGVLFLLAALLTLVPVSWSANTIIRDFYNPVVPEAQKREMGAGLYVGWAAAALQLLGGALLCCSCPPREKKYTATKVVYSAPRSTGPGASLGTGYDRKDYV
sp|P54825|LMIP_RAT,MYSFMGGGLFCAWVGTILLVVATATDHWMQYRLSGSFAHQGLWRYCLGNKCFLQTESIAYWNATRAFMILSALCATSGIIMGVLAFAQQSTFTRLSRPFSAGIMFFASTLFVLLALAIYTGVTVSFLGRRFGDWRFSWSYILGWVALLMTFFAGIFYMCAYRMHECRRLSTPR
sp|Q9Z260|CLD8_MOUSE,MATYALQMAALVLGGVGMVGTVAVTIMPQWRVSAFIESNIVVFENRWEGLWMNCMRHANIRMQCKVYDSLLALSPDLQASRGLMCAASVLAFLAFMTAILGMKCTRCTGDDENVKSRILLTAGIIFFITGLVVLIPVSWVANSIIRDFYNPLVDVALKRELGEALYIGWTTALVLIAGGALFCCVFCCTERSNSYRYSVPSHRTTQRSFHAEKRSPSIYSKSQYV
tr|A0A2K5R8V1|A0A2K5R8V1_CEBIM,MVATCLQVVGFVTSFVGWIGVIVTTSTNDWVVTCGYTIPTCRKLDELGSKGLWADCVMATGLYHCKPLVDILILPGYVQACRALMIAASVLGLPAILLLLTVLPCIRMGHEPGVAKYRRAQLAGVLLILLALCAIVATIWFPVCAHRETTIVSFGYSLYAGWIGAVLCLVGGCVILCCAGDAQAFGENPFYYSSGSSSPTHAKSAHV
tr|A0A9L0J629|A0A9L0J629_EQUAS,MASMGLQVMGIALAVLGWLGAILSCALPMWRVSAFIGSNIVTSQTIWEGLWMNCVVQSTGQMQCKVYDSLLALPQDLQAARALMVICIILAVLGVLLAVVGGKCTNCVEDESSKAKIMIVAGVVFLLAGLLSIVPVSWTAHNVIRDFYNPLVASGQKREMGASLYVGWAASGLLILGGALLCCNCPPRTDKPYSAKYSAARSGPASNYV
tr|A0A096ML45|A0A096ML45_PAPAN,MSMGLEITGTALAVLGWLGTIVCCALPMWRVTAFIGSNIITSQTIWEGLWMNCVVQSTGQMQCKVYDSLLALPQDLQAARALIVVAILLAAFGLLVALVGAQCTNCVQDDTAKAKITIVAGVLFLLAALLTLVPVSWSANTIIREFYNPVVPEAQKREMGTSLYVGWAAAALQLLGGALLCCSCPPREKKYMPTKVVYSAPRSTGPGASMGTAYDRKDYV
tr|C3VML1|C3VML1_PIG,MGSAALEILGLVLCLVGWVGLILACGLPMWQVTAFLDHNIVTAQTTWKGLWMSCVVQSTGHMQCKVYDSVLALSTEVQAARALTVGAVLLALVALFVTLAGAQCTTCVAPGPGKARVALTGGALYALCGLLALVPLCWFANIVVREFYDPTVPMSQKYELGAALYIGWAASALLMCGGGLVCCGAWLCAGRPDLGFPVKYSAPRRPTATGDYDKKNYV
sp|A6NM45|CLD24_HUMAN,MALIFRTAMQSVGLLLSLLGWILSIITTYLPHWKNLNLDLNEMENWTMGLWQTCVIQEEVGMQCKDFDSFLALPAELRVSRILMFLSNGLGFLGLLVSGFGLDCLRIGESQRDLKRRLLILGGILSWASGITALVPVSWVAHKTVQEFWDENVPDFVPRWEFGEALFLGWFAGLSLLLGGCLLNCAACSSHAPLALGHYAVAQMQTQCPYLEDGTADPQV
sp|Q8R366|IGSF8_MOUSE,MGVPSPTPLSSLLLLLLILGTRCYARQVHVPRGPLYRVAGTAVSISCNVSDYEGPAQQDFEWFMYRPEAPATSLGIVSTKDSQFSYAVFGPRVASGDLQVQRLKGDSVVLKIARLQAQDSGFYECYTPSTDTQYLGNYSAKVELRVLPDELQVSAAPPGPRGRQAATSPSRLTVHEGQELALGCLAQTKTKKHTHLSVSFGRAIPEAPVGRATLQEVVGLRSDMAVEAGAPYAERLASGELRLSKEGTDRYRMVVGGAQAGDSGTYHCTAAEWIQDPDGSWVQVAEKRAVLAHVDVQTLSSQLAVTVGPGERRIGPGEPLELLCNVSGALPPPGRHAAYSVGWEMAPAGAPGPGRLVAQLDTEGIGSLGPGYEDRHIAMEKVASRTYRLRLEAARPADAGTYRCLAKAYVRGSGTRLREAASARSRPLPVHVREEGVVLEAVAWLAGGTVYRGETASLLCNISVRGGPPGLRLAASWWVERPEEGELSSGPAQLVGGVGQDGVAELGVRPGGGPVSVELVGPRSHRLRLHGLGPEDEGIYHCAPSAWVQHADYSWYQAGSARSGPVTVYPYTHAVDTLFVPLLVGTGVALVTGASVLATITCCFMKRMRKR
sp|Q63400|CLD3_RAT,MSMGLEITGTSLAVLGWLCTIVCCALPMWRVSAFIGSSIITAQITWEGLWMNCVVQSTGQMQCKMYDSLLALPQDLQAARALIVVSILLAAFGLLVALVGAQCTNCVQDETAKAKITIVAGVLFLLAAVLTLVPVSWSANTIIRDFYNPLVPEAQKREMGTGLYVGWAAAALQLLGGALLCCSCPPREKYAPTKILYSAPRSTGPGTGTGTAYDRKDYV
sp|Q9D7U6|CLD22_MOUSE,MGLVFRTATQAAALLLSLLGWVLSCLTNYLPHWKNLNLELNEMENWTMGLWKSCVIQEEVGRQCKDFDSFLALPAELQVSRVLMSLCNGLGLLGLLASGCGLDCLRLGETQEGLKKRLLTLGGTLLWTSGVMVLVPVSWVAHKTVREFWDETMPEIVPRWEFGEALFLGWFAGFCLVLGGCVLHCAACWSPAPAASSHYAVAGPRDHQQHLELKQANPEI
sp|O75508|CLD11_HUMAN,MVATCLQVVGFVTSFVGWIGVIVTTSTNDWVVTCGYTIPTCRKLDELGSKGLWADCVMATGLYHCKPLVDILILPGYVQACRALMIAASVLGLPAILLLLTVLPCIRMGQEPGVAKYRRAQLAGVLLILLALCALVATIWFPVCAHRETTIVSFGYSLYAGWIGAVLCLVGGCVILCCAGDAQAFGENRFYYTAGSSSPTHAKSAHV
tr|A0A8C9DRJ5|A0A8C9DRJ5_PROSS,MANSGLQLLGYFLALGGWVGIIASTALPQWKQSSYAGDAIITAVGLYEGLWMSCASQSTGQVQCKLYDSLLALDGHIQSARALMVVAVLLGFVAMVLSVVGMKCTRVGDSNPTAKSRVAIAGGALFLLAGLCTLTAVSWYATLVTQEFFNPSTPVNARYEFGPALFVGWASAGLAMLGGSFLCCTCPEPERVNNSPQPYRPGPSAAAREPVVKLPASAKGPMGV
tr|A0A4W3I561|A0A4W3I561_CALMI,MTATCLQFLSFVVSALGWVGILIATSTNSWVQTCSHGAASCRRFDELGSYGLWTECFTSFGIYHCKNLADILEIPAYVQISRALMITASILGLPAIFLVLTALPCMHLGSETESVKHKRSLLGAILLLCVALCTAVATIWFPVGVHHEKHLYNFGYSLFAGWIGTALCFFGGAVISCCTGSAADRTENRYYYSSQGSSSTTSPTHAKSVHI
sp|O88662|EMP2_MOUSE,MLVILAFIIVFHIVSTALLFISTIDNAWWVGDSFSADLWRVCTNSTNCTEINELTGPEAFEGYSVMQAVQATMILSTILSCISFLIFLLQLFRLKQGERFVLTSIIQLMSCLCVMIGASIYTDRRQDLHQQNRKLYYLLQEGSYGYSFILAWVAFAFTFISGLMYMILRKRK
sp|Q9Z262|CLD6_MOUSE,MASTGLQILGIVLTLLGWVNALVSCALPMWKVTAFIGNSIVVAQMVWEGLWMSCVVQSTGQMQCKVYDSLLALPQDLQAARALCVVTLLIVLLGLLVYLAGAKCTTCVEDRNSKSRLVLISGIIFVISGVLTLIPVCWTAHSIIQDFYNPLVADAQKRELGASLYLGWAASGLLLLGGGLLCCACSSGGTQGPRHYMACYSTSVPHSRGPSEYPTKNYV
tr|A0A140VKA2|A0A140VKA2_HUMAN,MASAGLQLLAFILALSGVSGVLTATLLPNWKVNVDVDSNIITAIVQLHGLWMDCTWYSTGMFSCALKHSILSLPIHVQAARATMVLACVLSALGICTSTVGMKCTRLGGDRETKSHASFAGGVCFMSAGISSLISTVWYTKEIIANFLDLTVPESNKHEPGGAIYIGFISAMLLFISGMIFCTSCIKRNPEARLDPPTQQPISNTQLENNSTHNLKDYV
