ID,sequence
sp|Q3U2U7|MET17_MOUSE,MATARTPRFLLLFCRSCRSLRGPQSRAYAALVPGVSQVDNGSDFLGKKPHRKHPGILHLPHVQLPQALADAAQLMLFERPMRSVEKQVQALTNYLWSRHLPVEPEELQRRAAYLEKKFLEKQDSAPTEEKLREAVLHALRKTTYHWQELSYSEELSLIYMAARLDGGFAAVFRAFHEIQARIPEFRPQTLMDFGSGTGSVAWAAHRTWGQSLREYVCVDSSAAMLGLAEKLLKGGSESGKPCIPGVFFRQFLPVSPKVQFDVVVSAYALSELPSRADRIEVIQNLWRKTSHFLVLVENGTKAGHRLLMDARNLVLGEKEKSPLDLRPSFVFAPCPHELPCPQLNASKSLACSFSQAYHPIPFNWNKKPKEEIFSMVILARGSPKEANRWPRITQPVLKRPRHVHCHLCCPDGHMQHAVVTARRHGRDLYRCARVSSWGDLLPVIAPSEFPPSSPDEEPPEN
sp|P0A7R1|RL9_ECOLI,MQVILLDKVANLGSLGDQVNVKAGYARNFLVPQGKAVPATKKNIEFFEARRAELEAKLAEVLAAANARAEKINALETVTIASKAGDEGKLFGSIGTRDIADAVTAAGVEVAKSEVRLPNGVLRTTGEHEVSFQVHSEVFAKVIVNVVAE
sp|Q7KN79|LTV1_DROME,MVKGKKPYIDRKKAVTFHLVHRSQHDPLVTDENAPQRVLLEAAARQQKPKDPEPPTDPAQRQEELKKFGIHFDDDYDYMQHLKKRENDVVWEFMENPNQARKQKVQDSEKPGPAPKLMLPSSVFASEFEESEGMLNKAAPQTLRLDWDPDVVAALDSDCENEELEDDFVIQAMAEGDSDDEEWDDEDGEEQSDMDFDSDDLNEDENEDELMDRLAPLMRERRFDDEEVKSRFTEYSMSSSVIRRNEQLSLLDDRFEKFYATYDDPELGDLALEDIEGNWHQKHPVVMQCFQEFKKKDKGIEYNKEWDRERIEKYRNVVEGEEDPTEELVEYEVDDPKQKKWDCESILSTYSNIYNHPKVIDEPRRSRRSSASTNPAPIQIDPKTGLPTNVLRGGVDGQLTAKALANLADESPAATGPKSLCAKSVLSTLSVLSIRPKDETHEEKKERKRLLKDYRNERRIEKKANTEAFKEEKKRQTHVKINQRTNQQGASIV
sp|P21499|RNR_ECOLI,MSQDPFQEREAEKYANPIPSREFILEHLTKREKPASRDELAVELHIEGEEQLEGLRRRLRAMERDGQLVFTRRQCYALPERLDLVKGTVIGHRDGYGFLRVEGRKDDLYLSSEQMKTCIHGDQVLAQPLGADRKGRREARIVRVLVPKTSQIVGRYFTEAGVGFVVPDDSRLSFDILIPPDQIMGARMGFVVVVELTQRPTRRTKAVGKIVEVLGDNMGTGMAVDIALRTHEIPYIWPQAVEQQVAGLKEEVPEEAKAGRVDLRDLPLVTIDGEDARDFDDAVYCEKKRGGGWRLWVAIADVSYYVRPSTPLDREARNRGTSVYFPSQVIPMLPEVLSNGLCSLNPQVDRLCMVCEMTVSSKGRLTGYKFYEAVMSSHARLTYTKVWHILQGDQDLREQYAPLVKHLEELHNLYKVLDKAREERGGISFESEEAKFIFNAERRIERIEQTQRNDAHKLIEECMILANISAARFVEKAKEPALFRIHDKPSTEAITSFRSVLAELGLELPGGNKPEPRDYAELLESVADRPDAEMLQTMLLRSMKQAIYDPENRGHFGLALQSYAHFTSPIRRYPDLTLHRAIKYLLAKEQGHQGNTTETGGYHYSMEEMLQLGQHCSMAERRADEATRDVADWLKCDFMLDQVGNVFKGVISSVTGFGFFVRLDDLFIDGLVHVSSLDNDYYRFDQVGQRLMGESSGQTYRLGDRVEVRVEAVNMDERKIDFSLISSERAPRNVGKTAREKAKKGDAGKKGGKRRQVGKKVNFEPDSAFRGEKKTKPKAAKKDARKAKKPSAKTQKIAAATKAKRAAKKKVAE
sp|P0AG63|RS17_ECOLI,MTDKIRTLQGRVVSDKMEKSIVVAIERFVKHPIYGKFIKRTTKLHVHDENNECGIGDVVEIRECRPLSKTKSWTLVRVVEKAVL
sp|Q92616|GCN1_HUMAN,MAADTQVSETLKRFAGKVTTASVKERREILSELGKCVAGKDLPEGAVKGLCKLFCLTLHRYRDAASRRALQAAIQQLAEAQPEATAKNLLHSLQSSGIGSKAGVPSKSSGSAALLALTWTCLLVRIVFPSRAKRQGDIWNKLVEVQCLLLLEVLGGSHKHAVDGAVKKLTKLWKENPGLVEQYLSAILSLEPNQNYAGMLGLLVQFCTSHKEMDVVSQHKSALLDFYMKNILMSKVKPPKYLLDSCAPLLRYLSHSEFKDLILPTIQKSLLRSPENVIETISSLLASVTLDLSQYAMDIVKGLAGHLKSNSPRLMDEAVLALRNLARQCSDSSAMESLTKHLFAILGGSEGKLTVVAQKMSVLSGIGSVSHHVVSGPSSQVLNGIVAELFIPFLQQEVHEGTLVHAVSVLALWCNRFTMEVPKKLTEWFKKAFSLKTSTSAVRHAYLQCMLASYRGDTLLQALDLLPLLIQTVEKAASQSTQVPTITEGVAAALLLLKLSVADSQAEAKLSSFWQLIVDEKKQVFTSEKFLVMASEDALCTVLHLTERLFLDHPHRLTGNKVQQYHRALVAVLLSRTWHVRRQAQQTVRKLLSSLGGFKLAHGLLEELKTVLSSHKVLPLEALVTDAGEVTEAGKAYVPPRVLQEALCVISGVPGLKGDVTDTEQLAQEMLIISHHPSLVAVQSGLWPALLARMKIDPEAFITRHLDQIIPRMTTQSPLNQSSMNAMGSLSVLSPDRVLPQLISTITASVQNPALRLVTREEFAIMQTPAGELYDKSIIQSAQQDSIKKANMKRENKAYSFKEQIIELELKEEIKKKKGIKEEVQLTSKQKEMLQAQLDREAQVRRRLQELDGELEAALGLLDIILAKNPSGLTQYIPVLVDSFLPLLKSPLAAPRIKNPFLSLAACVMPSRLKALGTLVSHVTLRLLKPECVLDKSWCQEELSVAVKRAVMLLHTHTITSRVGKGEPGAAPLSAPAFSLVFPFLKMVLTEMPHHSEEEEEWMAQILQILTVQAQLRASPNTPPGRVDENGPELLPRVAMLRLLTWVIGTGSPRLQVLASDTLTTLCASSSGDDGCAFAEQEEVDVLLCALQSPCASVRETVLRGLMELHMVLPAPDTDEKNGLNLLRRLWVVKFDKEEEIRKLAERLWSMMGLDLQPDLCSLLIDDVIYHEAAVRQAGAEALSQAVARYQRQAAEVMGRLMEIYQEKLYRPPPVLDALGRVISESPPDQWEARCGLALALNKLSQYLDSSQVKPLFQFFVPDALNDRHPDVRKCMLDAALATLNTHGKENVNSLLPVFEEFLKNAPNDASYDAVRQSVVVLMGSLAKHLDKSDPKVKPIVAKLIAALSTPSQQVQESVASCLPPLVPAIKEDAGGMIQRLMQQLLESDKYAERKGAAYGLAGLVKGLGILSLKQQEMMAALTDAIQDKKNFRRREGALFAFEMLCTMLGKLFEPYVVHVLPHLLLCFGDGNQYVREAADDCAKAVMSNLSAHGVKLVLPSLLAALEEESWRTKAGSVELLGAMAYCAPKQLSSCLPNIVPKLTEVLTDSHVKVQKAGQQALRQIGSVIRNPEILAIAPVLLDALTDPSRKTQKCLQTLLDTKFVHFIDAPSLALIMPIVQRAFQDRSTDTRKMAAQIIGNMYSLTDQKDLAPYLPSVTPGLKASLLDPVPEVRTVSAKALGAMVKGMGESCFEDLLPWLMETLTYEQSSVDRSGAAQGLAEVMAGLGVEKLEKLMPEIVATASKVDIAPHVRDGYIMMFNYLPITFGDKFTPYVGPIIPCILKALADENEFVRDTALRAGQRVISMYAETAIALLLPQLEQGLFDDLWRIRFSSVQLLGDLLFHISGVTGKMTTETASEDDNFGTAQSNKAIITALGVERRNRVLAGLYMGRSDTQLVVRQASLHVWKIVVSNTPRTLREILPTLFGLLLGFLASTCADKRTIAARTLGDLVRKLGEKILPEIIPILEEGLRSQKSDERQGVCIGLSEIMKSTSRDAVLYFSESLVPTARKALCDPLEEVREAAAKTFEQLHSTIGHQALEDILPFLLKQLDDEEVSEFALDGLKQVMAIKSRVVLPYLVPKLTTPPVNTRVLAFLSSVAGDALTRHLGVILPAVMLALKEKLGTPDEQLEMANCQAVILSVEDDTGHRIIIEDLLEATRSPEVGMRQAAAIILNIYCSRSKADYTSHLRSLVSGLIRLFNDSSPVVLEESWDALNAITKKLDAGNQLALIEELHKEIRLIGNESKGEHVPGFCLPKKGVTSILPVLREGVLTGSPEQKEEAAKALGLVIRLTSADALRPSVVSITGPLIRILGDRFSWNVKAALLETLSLLLAKVGIALKPFLPQLQTTFTKALQDSNRGVRLKAADALGKLISIHIKVDPLFTELLNGIRAMEDPGVRDTMLQALRFVIQGAGAKVDAVIRKNIVSLLLSMLGHDEDNTRISSAGCLGELCAFLTEEELSAVLQQCLLADVSGIDWMVRHGRSLALSVAVNVAPGRLCAGRYSSDVQEMILSSATADRIPIAVSGVRGMGFLMRHHIETGGGQLPAKLSSLFVKCLQNPSSDIRLVAEKMIWWANKDPLPPLDPQAIKPILKALLDNTKDKNTVVRAYSDQAIVNLLKMRQGEEVFQSLSKILDVASLEVLNEVNRRSLKKLASQADSTEQVDDTILT
sp|Q8BK35|NOP53_MOUSE,MAAGGNRDGEKRGSRSQADSGFLGLRPTSVDPALRRRRRGPRNKKRGWRRLAEEPLGLEVDQFLEDVRLQERTTGGLLAEAPNEKLFFVDTGFKRKEPRKKRTLVQKKSQRLQKPLRVDLALENHSKIPAPKDILAHQVPNAKKLRRKEELWEKLAKQGELPRDVRKAQARLLSPPTPKAKPGPQDIIERPFYDLWNPDNPLDTPLIGQDAFFLEQTKKKGVRRPQRLHIKPSQVPAVEVIPAGASYNPTFEDHQALLREAHEVELQREKEAEKLERQLALPTSEQAATQESVFREMCEGLLEESDGEDEHEAGRAGQPEAGDGTTEISPTGAAGPEKRMEKKTEQQRRREKAARKLRVQQAALRAARLQHQELFRLRGIKAQVARRLAELARRREQRRIRRLAEADKPRRLGRLKYQAPDIDVQLSSELSGSLRTLKPEGHILRDRFKSFQKRNMIEPRERAKFKRKYKVKLVEKRAYREIQL
sp|P0CX43|RL1A_YEAST,MSKITSSQVREHVKELLKYSNETKKRNFLETVELQVGLKNYDPQRDKRFSGSLKLPNCPRPNMSICIFGDAFDVDRAKSCGVDAMSVDDLKKLNKNKKLIKKLSKKYNAFIASEVLIKQVPRLLGPQLSKAGKFPTPVSHNDDLYGKVTDVRSTIKFQLKKVLCLAVAVGNVEMEEDVLVNQILMSVNFFVSLLKKNWQNVGSLVVKSSMGPAFRLY
sp|P0A7M2|RL28_ECOLI,MSRVCQVTGKRPVTGNNRSHALNATKRRFLPNLHSHRFWVESEKRFVTLRVSAKGMRVIDKKGIDTVLAELRARGEKY
sp|Q9NV31|IMP3_HUMAN,MVRKLKFHEQKLLKQVDFLNWEVTDHNLHELRVLRRYRLQRREDYTRYNQLSRAVRELARRLRDLPERDQFRVRASAALLDKLYALGLVPTRGSLELCDFVTASSFCRRRLPTVLLKLRMAQHLQAAVAFVEQGHVRVGPDVVTDPAFLVTRSMEDFVTWVDSSKIKRHVLEYNEERDDFDLEA
sp|G1TZ76|RS27_RABIT,MPLAKDLLHPSPEEEKRKHKKKRLVQSPNSYFMDVKCPGCYKITTVFSHAQTVVLCVGCSTVLCQPTGGKARLTEGCSFRRKQH
sp|P37547|RNM5_BACSU,MKIKEIIVVEGRDDTARIKLAVDADTIETNGSAIDDHVIDQIRLAQKTRGVIILTDPDFPGEKIRKTISEAVPGCKHAFLPKHLAKPKNKRGIGVEHASVESIRACLENVHEEMEAQPSDISAEDLIHAGLIGGPAAKCRRERLGDLLKIGYTNGKQLQKRLQMFQIKKSDFMSALDTVMREEQNE
sp|Q96G21|IMP4_HUMAN,MLRREARLRREYLYRKAREEAQRSAQERKERLRRALEENRLIPTELRREALALQGSLEFDDAGGEGVTSHVDDEYRWAGVEDPKVMITTSRDPSSRLKMFAKELKLVFPGAQRMNRGRHEVGALVRACKANGVTDLLVVHEHRGTPVGLIVSHLPFGPTAYFTLCNVVMRHDIPDLGTMSEAKPHLITHGFSSRLGKRVSDILRYLFPVPKDDSHRVITFANQDDYISFRHHVYKKTDHRNVELTEVGPRFELKLYMIRLGTLEQEATADVEWRWHPYTNTARKRVFLSTE
sp|P0A7V8|RS4_ECOLI,MARYLGPKLKLSRREGTDLFLKSGVRAIDTKCKIEQAPGQHGARKPRLSDYGVQLREKQKVRRIYGVLERQFRNYYKEAARLKGNTGENLLALLEGRLDNVVYRMGFGATRAEARQLVSHKAIMVNGRVVNIASYQVSPNDVVSIREKAKKQSRVKAALELAEQREKPTWLEVDAGKMEGTFKRKPERSDLSADINEHLIVELYSK
sp|Q6ZWV3|RL10_MOUSE,MGRRPARCYRYCKNKPYPKSRFCRGVPDAKIRIFDLGRKKAKVDEFPLCGHMVSDEYEQLSSEALEAARICANKYMVKSCGKDGFHIRVRLHPFHVIRINKMLSCAGADRLQTGMRGAFGKPQGTVARVHIGQVIMSIRTKLQNKEHVIEALRRAKFKFPGRQKIHISKKWGFTKFNADEFEDMVAEKRLIPDGCGVKYIPNRGPLDKWRALHS
sp|Q8NB90|AFG2A_HUMAN,MSSKKNRKRLNQSAENGSSLPSAASSCAEARAPSAGSDFAATSGTLTVTNLLEKVDDKIPKTFQNSLIHLGLNTMKSANICIGRPVLLTSLNGKQEVYTAWPMAGFPGGKVGLSEMAQKNVGVRPGDAIQVQPLVGAVLQAEEMDVALSDKDMEINEEELTGCILRKLDGKIVLPGNFLYCTFYGRPYKLQVLRVKGADGMILGGPQSDSDTDAQRMAFEQSSMETSSLELSLQLSQLDLEDTQIPTSRSTPYKPIDDRITNKASDVLLDVTQSPGDGSGLMLEEVTGLKCNFESAREGNEQLTEEERLLKFSIGAKCNTDTFYFISSTTRVNFTEIDKNSKEQDNQFKVTYDMIGGLSSQLKAIREIIELPLKQPELFKSYGIPAPRGVLLYGPPGTGKTMIARAVANEVGAYVSVINGPEIISKFYGETEAKLRQIFAEATLRHPSIIFIDELDALCPKREGAQNEVEKRVVASLLTLMDGIGSEVSEGQVLVLGATNRPHALDAALRRPGRFDKEIEIGVPNAQDRLDILQKLLRRVPHLLTEAELLQLANSAHGYVGADLKVLCNEAGLCALRRILKKQPNLPDVKVAGLVKITLKDFLQAMNDIRPSAMREIAIDVPNVSWSDIGGLESIKLKLEQAVEWPLKHPESFIRMGIQPPKGVLLYGPPGCSKTMIAKALANESGLNFLAIKGPELMNKYVGESERAVRETFRKARAVAPSIIFFDELDALAVERGSSLGAGNVADRVLAQLLTEMDGIEQLKDVTILAATNRPDRIDKALMRPGRIDRIIYVPLPDAATRREIFKLQFHSMPVSNEVDLDELILQTDAYSGAEIVAVCREAALLALEEDIQANLIMKRHFTQALSTVTPRIPESLRRFYEDYQEKSGLHTL
sp|Q9CYH6|RRS1_MOUSE,MEGQRVEELLAKAEQEEAEKLQRITVHKELELEFDLGNLLASDRNPPTVLRQAGPSPEAELRALARDNTQLLINQLWRLPTERVEEAVVARLPEPATRLPREKPLPRPRPLTRWQQFARLKGIRPKKKTNLVWDEASGQWRRRWGYKRARDDTKEWLIEVPGSADPMEDQFAKRTQAKKERVAKNELNRLRNLARAHKMQMPSSAGLHPTGHQSKEELGRAMQVAKVSTASVGRFQERLPKEKAPRGSGKKRKFQPLFGDFAAEKKNQLELLRVMNSKKPRLDVTRATNKQMREEDQEEAAKRRKMSQKGKRKGGRQGPSGKRKGGPPGQGEKRKGGLGSKKHSWPSALAGKKKGVPPQGGKRRK
sp|O76927|RS21_DROME,MENDAGENVDLYVPRKCSASNRIIHAKDHASVQLSIVDVDPETGRQTDGSKTYAICGEIRRMGESDDCIVRLAKKDGIITKNF
sp|P84853|RIPL1_PHYDI,INTITYDAGNTTINKYATFMESLRNEAKDPSLQCYGIPMLPNNSSTIKYLLVKLQGASQKTITLMLRRNNLYVMGYSDPFNGNCRYHIFNDITGTERTNVENTLCSSSSSRDAKPINYNSLYSTLEKKAEVNSRSQVQLGIQILSSDIGKISGQSSFTDKTEAKFLLVAIQMVSEAARFKYIENQVKTNFNRDFSPNDKILDLEENWGKISTAIHDATNGALPKPLELKNADGTKWIVLRVDEIKPDMGLLNYVNGTCQTT
sp|Q96HR8|NAF1_HUMAN,MEVVEAAAAQLETLKFNGTDFGVGEGPAAPSPGSAPVPGTQPPLQSFEGSPDAGQTVEVKPAGEQPLQPVLNAVAAGTPAPQPQPPAESPACGDCVTSPGAAEPARAPDSLETSDSDSDSDSETDSDSSSSSSSSSSSSSSSSSSCISLPPVLSDGDDDLQIEKENKNFPLKTKDELLLNELPSVEELTIILPEDIELKPLGMVSSIIEQLVIIESMTNLPPVNEETVIFKSDRQAAGKIFEIFGPVAHPFYVLRFNSSDHIESKGIKIKETMYFAPSMKDFTQYIFTEKLKQDKGSDASWKNDQEPPPEALDFSDDEKEKEAKQRKKSQIQGRKKLKSEFNEPGEDFTEVHQNWNAHSSASEHAKGYRNREFTRGFSRARYPRSCHGRPPPQHFYNSEHMVSQETSGFPSQRQNNPIMPQYPFPLPVFDMHNFPLRPPPPPPPPPVNMGWATPNMAAHPLLNLPYSLPPPPPPPPLPPPPSSGDSNSHFGPYY
sp|Q12153|SSF2_YEAST,MAKRRQKKRTHAQITPEQERDIPKSMVIRVGQTSLANHSLNQLVKDFRQIMQPHTAVKLKERKSNKLKDFVVMCGPLGVTHLFMFTQSEKTGNVSLKIARTPQGPTVTFQVLDYSLGRDIKKFLKRPKSLNNDDVLNPPLLVLNGFSTSKRSDEDDQDVNVEKVIVSMFQNIFPPLNPARTSLNSIKRIFMINKDRETGEISMRHYFIDIREVEISRNLKRLYKAKNNLSKTVPNLHRKEDISSLILDHDLGAYTSESEIEDDAIVRVVDNQDVKAKHSQTSLSQKTPVKMTDNEEREKGIEEEDVEMEEPKPSENSQPTPRKKAIKLTELGPRLTLKLVKIEDGICSGKVLHHEFVQKSSEEIKALEKRHAAKMRLKEQRRKEQEENIAKKKAVKDAKKQRKLERRKARAEEQGEGQGKDGAMSDDGSSSSEDEHYSDVPEDLDSDLFSEVE
sp|Q28298|RRBP1_CANLF,MDIYDTQTLGVMVFGGFMVVSAIGIFLVSTFSMKETSYEEALANQRKEMAKTHHQKVEKKKKEKTVEKKGKTKKKEEKPNGKIPDHEPAPNVTILLKDPVRAPAVPVAPTPVQPPVVIAPVATVPAMPQEKLAPSPKDKKKKEKKVAKVEPAVSSVVNSVQVLASKAAILETAPKEVPMVVVPPVGAKAGTPATSTAQGKKAEGAQNQSRKAEGAPNQGKKAEGALNQGKKAEGAQNQGKKVEVAPNQGKKAEGGQNQGKKVEGAQNQGKKAEGTPNQGKKAEGAPNQGKKTDGAPNQGKKSEGAPNQGKKAEGAQNQGKKVEVAPNQGKKAEGGQNQGKKVEGAQNQGKKAEGTPNQGKKAEGAPNQGKKTDGAPNQGKKSEGAPNQGKKVEGAQNQGKKVEGVQNQGKKAEGAQNQGKKAEGTSSQGRKEEGTPNLGKKAEGSPNQGKKVEVVQNQSKKVEGAPNQGKKAEGSQNQGKKTEGASNQGKKVDGAQNQGKKAEGAPNQGKKVEGAQNQGKKAEGTPNQGKKAEGAQNQGKKAEGAPNQGKKAEGAPNQGKKAEGAPNQGKKAEGAPNQGKKAEAAPNQGKKAEGAPNQGKKAEGAPNQGKKAEAAPNQGKKAEGAPNQGKKAEGAPNQGKKAEGAPNQGKKAEGAQNQGKKAEGAPNQGKKADLVANQGTKAEGVAGQGKKAEGAPNQGKKGEGTPNQGKKSEGSPNQGKKVDASANQSKRAESAPIQGKNADMVQSQEAPKQEAPAKKKSGSKKKGEPGPPDSDSPLYLPYKTLVSTVGSMVFNEGEAQRLIEILSEKAGVIQDTWHKATQKGDPVAILKRQLEEKEKLLATEQEDAAVAKSKLREVNKELAAEKAKAAAGEAKVKKQLVAREQEITAVQARIEASYREHVKEVQQLQGKIRTLQEQLENGPNTQLARLQQENSILRDALNQATSQVESKQNTELAKLRQELSKVSKELVEKSEAARQEEQQRKALETKTAALEKQVLQLQASHKESEEALQKRLDEVSRELCRSQTSHASLRADAEKAQEQQQQMAELHSKLQSSEAEVKSKSEELSGLHGQLKEARAENSQLMERIRSIEALLEAGQARDTQDAQASRAEHQARLKELESQVWCLEKEATELKEAVEQQKVKNNDLREKNWKAMEALASAERACEEKLRSLTQAKEESEKQLSLTEAQTKEALLALLPALSSSAPQSYTEWLQELREKGPELLKQRPADTDPSSDLASKLREAEETQNNLQAECDQYRTILAETEGMLKDLQKSVEEEEQVWKAKVSATEEELQKSRVTVKHLEDIVEKLKGELESSEQVREHTSHLEAELEKHMAAASAECQSYAKEVAGLRQLLLESQSQLDAAKSEAQKQSNELALVRQQLSEMKSHVEDGDVAGSPAAPPAEQDPVELKAQLERTEATLEDEQALRRKLTAEFQEAQSSACRLQAELEKLRSTGPLESSAAEEATQLKERLEKEKKLTSDLGHAATKLQELLKTTQEQLAKERDTVKKLQEQLDKTDDSSSKEGTSV
sp|P62754|RS6_MOUSE,MKLNISFPATGCQKLIEVDDERKLRTFYEKRMATEVAADALGEEWKGYVVRISGGNDKQGFPMKQGVLTHGRVRLLLSKGHSCYRPRRTGERKRKSVRGCIVDANLSVLNLVIVKKGEKDIPGLTDTTVPRRLGPKRASRIRKLFNLSKEDDVRQYVVRKPLNKEGKKPRTKAPKIQRLVTPRVLQHKRRRIALKKQRTKKNKEEAAEYAKLLAKRMKEAKEKRQEQIAKRRRLSSLRASTSKSESSQK
sp|Q15070|OXA1L_HUMAN,MAMGLMCGRRELLRLLQSGRRVHSVAGPSQWLGKPLTTRLLFPAAPCCCRPHYLFLAASGPRSLSTSAISFAEVQVQAPPVVAATPSPTAVPEVASGETADVVQTAAEQSFAELGLGSYTPVGLIQNLLEFMHVDLGLPWWGAIAACTVFARCLIFPLIVTGQREAARIHNHLPEIQKFSSRIREAKLAGDHIEYYKASSEMALYQKKHGIKLYKPLILPVTQAPIFISFFIALREMANLPVPSLQTGGLWWFQDLTVSDPIYILPLAVTATMWAVLELGAETGVQSSDLQWMRNVIRMMPLITLPITMHFPTAVFMYWLSSNLFSLVQVSCLRIPAVRTVLKIPQRVVHDLDKLPPREGFLESFKKGWKNAEMTRQLREREQRMRNQLELAARGPLRQTFTHNPLLQPGKDNPPNIPSSSSKPKSKYPWHDTLG
sp|P0A7S3|RS12_ECOLI,MATVNQLVRKPRARKVAKSNVPALEACPQKRGVCTRVYTTTPKKPNSALRKVCRVRLTNGFEVTSYIGGEGHNLQEHSVILIRGGRVKDLPGVRYHTVRGALDCSGVKDRKQARSKYGVKRPKA
sp|Q9SA73|OLA1_ARATH,MPPKAKAKDAGPVERPILGRFSSHLKIGIVGLPNVGKSTLFNTLTKLSIPAENFPFCTIEPNEARVNIPDERFDWLCQTYKPKSEIPAFLEIHDIAGLVRGAHEGQGLGNNFLSHIRAVDGIFHVLRAFEDADIIHVDDIVDPVRDLETITEELRLKDIEFVGKKIDDVEKSMKRSNDKQLKIELELLQKVKAWLEDGKDVRFGDWKTADIEILNTFQLLSAKPVVYLINLNERDYQRKKNKFLPKIHAWVQEHGGDTMIPFSGVFERSLADMAPDEAAKYCEENKLQSALPRIIKTGFSAINLIYFFTAGPDEVKCWQIRRQSKAPQAAGAIHTDFERGFICAEVMKFEDLKELGNEPAVKAAGKYRQEGKTYVVQDGDIIFFKFNVSGGGKK
sp|Q9M1X0|RRFC_ARATH,MAASFSSTAPTTPVLRFRANYSKPLLSLPDSCLRIISSAISPSTRLIACSFKTDKLPLGAGVNLSGGPVVKRSLQKRLVIRSATIEEIEAEKSAIETDVKSKMEKTIETLRTSFNSIRTGRSNAAMLDKIEVEYYGSPVSLKSIAQISTPDGSSLLLQPYDKSSLKAIEKAIVNSDLGVTPNNDGDVIRLSLPPLTSDRRKELSKVVAKQSEEGKVALRNIRRDALKSYDKLEKEKKLSEDNVKDLSSDLQKLIDVYMKKIEELYKQKEKELMKV
sp|P40078|NSA2_YEAST,MPQNDYIERHIKQHGKRLDHEERKRKREARESHKISERAQKLTGWKGKQFAKKRYAEKVSMRKKIKAHEQSKVKGSSKPLDTDGDALPTYLLDREQNNTAKAISSSIKQKRLEKADKFSVPLPKVRGISEEEMFKVIKTGKSRSKSWKRMITKHTFVGEGFTRRPVKMERIIRPSALRQKKANVTHPELGVTVFLPILAVKKNPQSPMYTQLGVLTKGTIIEVNVSELGMVTAGGKVVWGKYAQVTNEPDRDGCVNAVLLV
sp|P0AFX0|HPF_ECOLI,MQLNITGNNVEITEALREFVTAKFAKLEQYFDRINQVYVVLKVEKVTHTSDATLHVNGGEIHASAEGQDMYAAIDGLIDKLARQLTKHKDKLKQH
sp|Q08235|BRX1_YEAST,MSSIYKALAGKSKDNKSEKKQGNVKQFMNKQRTLLISSRGVNYRHRHLIQDLSGLLPHSRKEPKLDTKKDLQQLNEIAELYNCNNVLFFEARKHQDLYLWLSKPPNGPTIKFYIQNLHTMDELNFTGNCLKGSRPVLSFDQRFESSPHYQLIKELLVHNFGVPPNARKSKPFIDHVMSFSIVDDKIWVRTYEISHSTKNKEEYEDGEEDISLVEIGPRFVMTVILILEGSFGGPKIYENKQYVSPNVVRAQIKQQAAEEAKSRAEAAVERKIKRRENVLAADPLSNDALFK
sp|Q9Y6X1|SERP1_HUMAN,MVAKQRIRMANEKHSKNITQRGNVAKTSRNAPEEKASVGPWLLALFIFVVCGSAIFQIIQSIRMGM
sp|Q08962|NIP7_YEAST,MRQLTEEETKVVFEKLAGYIGRNISFLVDNKELPHVFRLQKDRVYYVPDHVAKLATSVARPNLMSLGICLGKFTKTGKFRLHITSLTVLAKHAKYKIWIKPNGEMPFLYGNHVLKAHVGKMSDDIPEHAGVIVFAMNDVPLGFGVSAKSTSESRNMQPTGIVAFRQADIGEYLRDEDTLFT
sp|Q9H583|HEAT1_HUMAN,MTSLAQQLQRLALPQSDASLLSRDEVASLLFDPKEAATIDRDTAFAIGCTGLEELLGIDPSFEQFEAPLFSQLAKTLERSVQTKAVNKQLDENISLFLIHLSPYFLLKPAQKCLEWLIHRFHIHLYNQDSLIACVLPYHETRIFVRVIQLLKINNSKHRWFWLLPVKQSGVPLAKGTLITHCYKDLGFMDFICSLVTKSVKVFAEYPGSSAQLRVLLAFYASTIVSALVAAEDVSDNIIAKLFPYIQKGLKSSLPDYRAATYMIICQISVKVTMENTFVNSLASQIIKTLTKIPSLIKDGLSCLIVLLQRQKPESLGKKPFPHLCNVPDLITILHGISETYDVSPLLHYMLPHLVVSIIHHVTGEETEGMDGQIYKRHLEAILTKISLKNNLDHLLASLLFEEYISYSSQEEMDSNKVSLLNEQFLPLIRLLESKYPRTLDVVLEEHLKEIADLKKQELFHQFVSLSTSGGKYQFLADSDTSLMLSLNHPLAPVRILAMNHLKKIMKTSKEGVDESFIKEAVLARLGDDNIDVVLSAISAFEIFKEHFSSEVTISNLLNLFQRAELSKNGEWYEVLKIAADILIKEEILSENDQLSNQVVVCLLPFMVINNDDTESAEMKIAIYLSKSGICSLHPLLRGWEEALENVIKSTKPGKLIGVANQKMIELLADNINLGDPSSMLKMVEDLISVGEEESFNLKQKVTFHVILSVLVSCCSSLKETHFPFAIRVFSLLQKKIKKLESVITAVEIPSEWHIELMLDRGIPVELWAHYVEELNSTQRVAVEDSVFLVFSLKKFIYALKAPKSFPKGDIWWNPEQLKEDSRDYLHLLIGLFEMMLNGADAVHFRVLMKLFIKVHLEDVFQLFKFCSVLWTYGSSLSNPLNCSVKTVLQTQALYVGCAMLSSQKTQCKHQLASISSPVVTSLLINLGSPVKEVRRAAIQCLQALSGVASPFYLIIDHLISKAEEITSDAAYVIQDLATLFEELQREKKLKSHQKLSETLKNLLSCVYSCPSYIAKDLMKVLQGVNGEMVLSQLLPMAEQLLEKIQKEPTAVLKDEAMVLHLTLGKYNEFSVSLLNEDPKSLDIFIKAVHTTKELYAGMPTIQITALEKITKPFFAAISDEKVQQKLLRMLFDLLVNCKNSHCAQTVSSVFKGISVNAEQVRIELEPPDKAKPLGTVQQKRRQKMQQKKSQDLESVQEVGGSYWQRVTLILELLQHKKKLRSPQILVPTLFNLLSRCLEPLPQEQGNMEYTKQLILSCLLNICQKLSPDGGKIPKDILDEEKFNVELIVQCIRLSEMPQTHHHALLLLGTVAGIFPDKVLHNIMSIFTFMGANVMRLDDTYSFQVINKTVKMVIPALIQSDSGDSIEVSRNVEEIVVKIISVFVDALPHVPEHRRLPILVQLVDTLGAEKFLWILLILLFEQYVTKTVLAAAYGEKDAILEADTEFWFSVCCEFSVQHQIQSLMNILQYLLKLPEEKEETIPKAVSFNKSESQEEMLQVFNVETHTSKQLRHFKFLSVSFMSQLLSSNNFLKKVVESGGPEILKGLEERLLETVLGYISAVAQSMERNADKLTVKFWRALLSKAYDLLDKVNALLPTETFIPVIRGLVGNPLPSVRRKALDLLNNKLQQNISWKKTIVTRFLKLVPDLLAIVQRKKKEGEEEQAINRQTALYTLKLLCKNFGAENPDPFVPVLNTAVKLIAPERKEEKNVLGSALLCIAEVTSTLEALAIPQLPSLMPSLLTTMKNTSELVSSEVYLLSALAALQKVVETLPHFISPYLEGILSQVIHLEKITSEMGSASQANIRLTSLKKTLATTLAPRVLLPAIKKTYKQIEKNWKNHMGPFMSILQEHIGVMKKEELTSHQSQLTAFFLEALDFRAQHSENDLEEVGKTENCIIDCLVAMVVKLSEVTFRPLFFKLFDWAKTEDAPKDRLLTFYNLADCIAEKLKGLFTLFAGHLVKPFADTLNQVNISKTDEAFFDSENDPEKCCLLLQFILNCLYKIFLFDTQHFISKERAEALMMPLVDQLENRLGGEEKFQERVTKHLIPCIAQFSVAMADDSLWKPLNYQILLKTRDSSPKVRFAALITVLALAEKLKENYIVLLPESIPFLAELMEDECEEVEHQCQKTIQQLETVLGEPLQSYF
sp|P32324|EF2_YEAST,MVAFTVDQMRSLMDKVTNVRNMSVIAHVDHGKSTLTDSLVQRAGIISAAKAGEARFTDTRKDEQERGITIKSTAISLYSEMSDEDVKEIKQKTDGNSFLINLIDSPGHVDFSSEVTAALRVTDGALVVVDTIEGVCVQTETVLRQALGERIKPVVVINKVDRALLELQVSKEDLYQTFARTVESVNVIVSTYADEVLGDVQVYPARGTVAFGSGLHGWAFTIRQFATRYAKKFGVDKAKMMDRLWGDSFFNPKTKKWTNKDTDAEGKPLERAFNMFILDPIFRLFTAIMNFKKDEIPVLLEKLEIVLKGDEKDLEGKALLKVVMRKFLPAADALLEMIVLHLPSPVTAQAYRAEQLYEGPADDANCIAIKNCDPKADLMLYVSKMVPTSDKGRFYAFGRVFAGTVKSGQKVRIQGPNYVPGKKDDLFIKAIQRVVLMMGRFVEPIDDCPAGNIIGLVGIDQFLLKTGTLTTSETAHNMKVMKFSVSPVVQVAVEVKNANDLPKLVEGLKRLSKSDPCVLTYMSESGEHIVAGTGELHLEICLQDLEHDHAGVPLKISPPVVAYRETVESESSQTALSKSPNKHNRIYLKAEPIDEEVSLAIENGIINPRDDFKARARIMADDYGWDVTDARKIWCFGPDGNGPNLVIDQTKAVQYLHEIKDSVVAAFQWATKEGPIFGEEMRSVRVNILDVTLHADAIHRGGGQIIPTMRRATYAGFLLADPKIQEPVFLVEIQCPEQAVGGIYSVLNKKRGQVVSEEQRPGTPLFTVKAYLPVNESFGFTGELRQATGGQAFPQMVFDHWSTLGSDPLDPTSKAGEIVLAARKRHGMKEEVPGWQEYYDKL
sp|B8GYI7|OBG_CAUVN,MKFLDQCKIYIRSGNGGGGSVSFRREKYIEYGGPDGGDGGRGGDVWIEAVEGLNTLIDYRYQQHFKAGTGVHGMGRARHGAAGEDVVLKVPVGTEVLEEDKETLIADLDHAGMRLLLAKGGNGGWGNLHFKGPVNQAPKYANPGQEGEERWIWLRLKLIADVGLVGLPNAGKSTFLAAASAAKPKIADYPFTTLTPNLGVVDLSSSERFVLADIPGLIEGASEGAGLGTRFLGHVERSATLIHLIDATQDDVAGAYETIRGELEAYGDELADKAEILALNKIDALDEETLAEKVAELEAVSGIKPRLVSGVSGQGVTELLRAAYKQVRIRRGDLEEEIDDDEDHVDETPGGWTP
sp|Q07953|SDO1_YEAST,MPINQPSGQIKLTNVSLVRLKKARKRFEVACYQNKVQDYRKGIEKDLDEVLQIHQVFMNVSKGLVANKEDLQKCFGTTNVDDVIEEIMHKGEIQLSEKERQLMLNKVNNEMLTIVSAKCINPVSKKRYPPTMIHKALQELKFSPVINKPAKLQALEAIKLLVSKQIIPIVRAKMKVKVAISEPSRQPELIEKISKLIASSPGESTKPELDPWTCTGLIDPVNYRDLMTLCDKKGTVQVLDMAVIDNTTHN
sp|Q96HY6|DDRGK_HUMAN,MVAPVWYLVAAALLVGFILFLTRSRGRAASAGQEPLHNEELAGAGRVAQPGPLEPEEPRAGGRPRRRRDLGSRLQAQRRAQRVAWAEADENEEEAVILAQEEEGVEKPAETHLSGKIGAKKLRKLEEKQARKAQREAEEAEREERKRLESQREAEWKKEEERLRLEEEQKEEEERKAREEQAQREHEEYLKLKEAFVVEEEGVGETMTEEQSQSFLTEFINYIKQSKVVLLEDLASQVGLRTQDTINRIQDLLAEGTITGVIDDRGKFIYITPEELAAVANFIRQRGRVSIAELAQASNSLIAWGRESPAQAPA
sp|P0A7M9|RL31_ECOLI,MKKDIHPKYEEITASCSCGNVMKIRSTVGHDLNLDVCSKCHPFFTGKQRDVATGGRVDRFNKRFNIPGSK
sp|P39729|RBG1_YEAST,MSTTVEKIKAIEDEMARTQKNKATSFHLGQLKAKLAKLRRELLTSASSGSGGGAGIGFDVARTGVASVGFVGFPSVGKSTLLSKLTGTESEAAEYEFTTLVTVPGVIRYKGAKIQMLDLPGIIDGAKDGRGRGKQVIAVARTCNLLFIILDVNKPLHHKQIIEKELEGVGIRLNKTPPDILIKKKEKGGISITNTVPLTHLGNDEIRAVMSEYRINSAEIAFRCDATVDDLIDVLEASSRRYMPAIYVLNKIDSLSIEELELLYRIPNAVPISSGQDWNLDELLQVMWDRLNLVRIYTKPKGQIPDFTDPVVLRSDRCSVKDFCNQIHKSLVDDFRNALVYGSSVKHQPQYVGLSHILEDEDVVTILKK
sp|P0A7J7|RL11_ECOLI,MAKKVQAYVKLQVAAGMANPSPPVGPALGQQGVNIMEFCKAFNAKTDSIEKGLPIPVVITVYADRSFTFVTKTPPAAVLLKKAAGIKSGSGKPNKDKVGKISRAQLQEIAQTKAADMTGADIEAMTRSIEGTARSMGLVVED
sp|Q8N0V3|RBFA_HUMAN,MWAAAGGLWRSRAGLRALFRSRDAALFPGCERGLHCSAVSCKNWLKKFASKTKKKVWYESPSLGSHSTYKPSKLEFLMRSTSKKTRKEDHARLRALNGLLYKALTDLLCTPEVSQELYDLNVELSKVSLTPDFSACRAYWKTTLSAEQNAHMEAVLQRSAAHMRHLLMSQQTLRNVPPIVFVQDKGNAALAELDQLLAVADFGPRDERDNFVQNDFRDPDAPQPCGTTEPTTSSSLCGIDHEALNKQIMEYKRRKDKGLGGLVWQGQVAELTTQMKKGRKRAKPRLEQDSSLKSYLSGEEVEDDLDLVGAPEYECYAPDTEELEAERGGGRTEDGHSCGASRE
sp|P0AA10|RL13_ECOLI,MKTFTAKPETVKRDWYVVDATGKTLGRLATELARRLRGKHKAEYTPHVDTGDYIIVLNADKVAVTGNKRTDKVYYHHTGHIGGIKQATFEEMIARRPERVIEIAVKGMLPKGPLGRAMFRKLKVYAGNEHNHAAQQPQVLDI
sp|P46350|RXL7_BACSU,MSYDKVSQAKSIIIGTKQTVKALKRGSVKEVVVAKDADPILTSSVVSLAEDQGISVSMVESMKKLGKACGIEVGAAAVAIIL
sp|P34241|URB1_YEAST,MSNHSEAYGSRDQRREKYTQGKEFEDGTLETLESIISAVEDETLSKDYQPLIVFFQRGFGAQLVQTWSYYAQVNNHGKFSKTTSLLTKTLRVLSSDTSTVTIGSGLIRLILTDYTKVLYRGLNNMRAQLTNPILRLLKQIVNFNNGQHIEELVSYFDFSLPILPRLLVPSKSELANGNSSADSSKHDSLRFTFIKFWLTLISNASPFVRKELLTENFKIMSNLFKFMNKADSDKLSEHILSVFINDILKEKSFKRTTKTKILNELAASKIHHFYYSSNKNLVKKANEFFLTFGASRDFSVAFPDNCVWFKNSVADGASHGAPITVNQVEFQIHNKLLFNTLRLFKPWEDTLQLGTLIKILENVPELVAPYSIFLTTNGNYDPKMTSYWFGITLLINKIINLKIPQFMEKVDSNIPPATSLVIENILPSLLTKSSLVKSLQFETPIIRQLACQSIVLALKKLEKVSTFYDQKGWRNEKTILLNEFHTRIPDLPIFVSTLSNSLASNKDNRILPLSISIIFNYYSKMFPNLFSINLPSSNIYTDIMQKSKISGIEFAILDNYLQFQEFNSTQTRWWNPSSGGNSLFTLLLKLASSKNASNVITTRISNLLDELTRTNVIFNISLISPVMALVNSLQGLSLQVSEIDNMEQVWKWFDETISRVVKTPYKYVDMAKEYNYISPFIMCLSEQWKYVDKSGNPEFLIKWLILFLRNMIFIGEDHIGIDKLVKNVFPEVSDHDVNIYLKLDSFEENIKKTNSSNSLISSMKSSSFFQYISALPSKNLMNISRLPVNKLDAAGILFRVQLLVEDDSVVYDNWFEATACELTGKIASYMVTDTEFPIIKVLERYINFALPKLAIEKRNALLMKKSRFMCNLIGAVCFETGHQLVEFREIIQKVVFSGENVEEYANYNELYQKEDVNAFLTSVSEYLSTSALTSLLMCSTKLESTRNILQKLFNEGKTIKISLVKNILNKAANEDPASIKEVNISLAKFFEENKVCVDASSDPMGKLSLSETTSLINSFVSSDLNYLVLKAFYRWEHFSFPSFIPSIWRIKDSPLLSIVTTAALFKHMQDKDFSAFAHETISKYGNEIAKSTYTTSKSEIFDEILNMITTYIDFYDETKRNEILKCVLSQSDHKYHAATVRYIAAHNNFTYPGVETWLHKTLLYLTKYLSERKVISNSFFELLRAMAELLKLEEVPNKLNVKIINSQLEAILGSEWIKQIKVLEYVIVLIFCVSKKSIQSQRMVQLLLSNDSYSSIMIKDNDEDSSYRKFLSTMILFSLFSIDPVVNSTPIVQEKLLTFYSGTISSNDKLILKILETIESHTATSWTNMIFSWEFIKDEEEEILEAIGDTRLITKEREGLILTLQKNMIKKSIDRYVLERPQVPELYTDSNTNNYDATTRCDLVKKYYDDTERSGVDMYDPLFLLLLIIHNKELVKMVKDDEGNVTYRYEFENFLDCKIFQFIICSLSDCHTVANISYEHLSNLASSLEKKTAQMNLEKQITSKDNERKESDSDLIKYNSIYQVLIKRILYQRQQNQDPINPLIWFSISRIVDLLGSPTAPLHEKAYRWVLSNSTIRSWDIPMVSDVMMSYNKRQQDDNKKEIDMEIYYGELSWVLTTICKGIKTDEDYKMLEKKGVFEWLLNLINMPYLKERLRELIYFIFYKVQRVADDGGLNLISRNGIVSFFEVLNNNIKSRLPQDDILNNIGTLRNENRGTLNTTLRLAQEQNGIEKLLLGYNELVKSQKRLILWTEGDSDNVVKRLRK
sp|O94874|UFL1_HUMAN,MADAWEEIRRLAADFQRAQFAEATQRLSERNCIEIVNKLIAQKQLEVVHTLDGKEYITPAQISKEMRDELHVRGGRVNIVDLQQVINVDLIHIENRIGDIIKSEKHVQLVLGQLIDENYLDRLAEEVNDKLQESGQVTISELCKTYDLPGNFLTQALTQRLGRIISGHIDLDNRGVIFTEAFVARHKARIRGLFSAITRPTAVNSLISKYGFQEQLLYSVLEELVNSGRLRGTVVGGRQDKAVFVPDIYSRTQSTWVDSFFRQNGYLEFDALSRLGIPDAVSYIKKRYKTTQLLFLKAACVGQGLVDQVEASVEEAISSGTWVDIAPLLPTSLSVEDAAILLQQVMRAFSKQASTVVFSDTVVVSEKFINDCTELFRELMHQKAEKEMKNNPVHLITEEDLKQISTLESVSTSKKDKKDERRRKATEGSGSMRGGGGGNAREYKIKKVKKKGRKDDDSDDESQSSHTGKKKPEISFMFQDEIEDFLRKHIQDAPEEFISELAEYLIKPLNKTYLEVVRSVFMSSTTSASGTGRKRTIKDLQEEVSNLYNNIRLFEKGMKFFADDTQAALTKHLLKSVCTDITNLIFNFLASDLMMAVDDPAAITSEIRKKILSKLSEETKVALTKLHNSLNEKSIEDFISCLDSAAEACDIMVKRGDKKRERQILFQHRQALAEQLKVTEDPALILHLTSVLLFQFSTHSMLHAPGRCVPQIIAFLNSKIPEDQHALLVKYQGLVVKQLVSQSKKTGQGDYPLNNELDKEQEDVASTTRKELQELSSSIKDLVLKSRKSSVTEE
sp|P0A7S9|RS13_ECOLI,MARIAGINIPDHKHAVIALTSIYGVGKTRSKAILAAAGIAEDVKISELSEGQIDTLRDEVAKFVVEGDLRREISMSIKRLMDLGCYRGLRHRRGLPVRGQRTKTNARTRKGPRKPIKK
sp|A4D1E9|GTPBA_HUMAN,MVHCSCVLFRKYGNFIDKLRLFTRGGSGGMGYPRLGGEGGKGGDVWVVAQNRMTLKQLKDRYPRKRFVAGVGANSKISALKGSKGKDCEIPVPVGISVTDENGKIIGELNKENDRILVAQGGLGGKLLTNFLPLKGQKRIIHLDLKLIADVGLVGFPNAGKSSLLSCVSHAKPAIADYAFTTLKPELGKIMYSDFKQISVADLPGLIEGAHMNKGMGHKFLKHIERTRQLLFVVDISGFQLSSHTQYRTAFETIILLTKELELYKEELQTKPALLAVNKMDLPDAQDKFHELMSQLQNPKDFLHLFEKNMIPERTVEFQHIIPISAVTGEGIEELKNCIRKSLDEQANQENDALHKKQLLNLWISDTMSSTEPPSKHAVTTSKMDII
sp|L0R8F8|MIDUO_HUMAN,MAPWSREAVLSLYRALLRQGRQLRYTDRDFYFASIRREFRKNQKLEDAEARERQLEKGLVFLNGKLGRII
sp|Q99PL5|RRBP1_MOUSE,MDIYDTQTLGVVVFGGFMVVSAIGIFLVSTFSMKETSYEEALANQRKEMAKTHHQKGEKKKKEKTVEKKGKTKKKEEKPNGKIPEHDLDPNVTIILKEPVRVSAVAVAPTSVHSSVGHTPIATVPAMPQEKLASSPKDRKKKEKKVAKVEPAVSSIVNSIQVLASKSAILEATPKEVPMVAVPPVGSKASSPATSSQGKKGQGAQNQAKKGEGAQNQGKKGEGAQNQAKKGEGAQNQAKKGEGAQNQGKKGEGAQNQAKKGEGGQNQAKKGEGAQNQGKKGEGAQNQGKKGEGAQNQAKKGEGAQNQAKKGEGAQNQGKKGEGAQNQSKKGEGAQNQAKKGEGGQNQAKKGEGAQNQAKKGEGAQNQAKKGEGVQNQAKKGVEGAQNQGKKGEANQNQAKKGEGGQNQTKKGEGPQNQGKKGEAAQKQDKKIEGAQNQGKKPEGTSNQGKKGEGAQNQGKKGEGAQNQSKKGEGAQNQAKKGEGGQNQAKKGEGAQNQAKKGEGAQNQAKKGEGVQNQAKKGVEGAQNQGKKGEANQNQAKKGEGGQNQTKKGEGPQNQGKKGEAAQKQDKKIEGAQNQGKKPEGTSNQGKKGEGAQNQGKKGEGAQNQGKKGEGAQNQGKKGEGAQNQGKKGEGAQNQGKKGEGAQNQGKKGEGAQNQGKKGEGPQNQAKKGEGAQNQGKKGEGAQNQGKKGEGAQNQGKKAEGVQSQSKKGEGTQNQGKKGDGNPNQGKKGEGASNQNRKTDTVANQGTKQEGVSNQVKKSEGSPNQGKKAEGAPNQGKKKDGSPSQAKKVDAAANQGKKSEMAPAQGQKASMVQSQEAPKQDAPAKKKSGSRKKGEPGPPDCDGPLFLPYKTLVSTVGSMVFSEGEAQRLIEILSEKTGVIQDTWHKATQKGDPVAILKRQLQEKEKLLATEQEDAAVAKSKLRELNKEMASEKAKAAAGEAKVKKQLVAREQEIAAVQARMQASYRDHVKEVQQLQGKIRTLQEQLENGPNTQLARLQQENSILRDALNQATSQVESKQNTELAKLRQELSKVNKELVEKSEASRQEEQQRKALEAKAATFEKQVLQLQASHKESEEALQKRLEEVTRELCRAQTSHANLRADAEKAQEQQQRVAELHSKLQSSEVEVKSKCEELSSLHGQLKEARAENSQLTERIRSIEALLEAGQAQDTQASHAEANQQQTRLKELESQVSCLEKETSELKEAMEQQKGKNNDLREKNWKAMEALALAERACEEKLRSLTQAKEESEKQLHLAEAQTKETLLALLPGLSISAHQNYAEWLQEFKEKGSELLKKPPTLEPSMDIVLKLREAEETQNSLQAECDQYRTILAETEGMLKDLQKSVEEEERVWKAKVGAAEEELHKSRVTVKHLEDIVEKLKGELESSDQVREHTSHLEAELEKHMAAASAECQNYAKEVAGLRQLLLESQSQLDEAKSEAQKQSDELALVRQQLSDMRSHVEDGDVAGSPAVPPAEQDPMKLKTQLERTEATLEAEQTRRQKLTAEFEEAQRTACRIQEELEKLRAAGPLESSGKEEITQLKERLEKEKRLTSDLGRAAIKLQELLKTTQEQLTKEKDTVKKLQEQLGKAEDGSSSKEGTSV
sp|O35130|NEP1_MOUSE,MSAASGGFQPRERRFSVQEQDWETTPPKKLRLGAGSKCGGRRLIVVLEGASLETVKVGKTYELLNCDRHKSMLLKNGRDPGEVRPDITHQSLLMLMDSPLNRAGLLQVYIHTQKNVLIEVNPQTRIPRTFDRFCGLMVQLLHKLSVRAADGPQKLLKVIKNPVSDHFPVGCMKIGTSFSVEDISDIRELVPSSDPVVFVVGAFAHGKVSVEYTEKMVSISNYPLSAALTCAKVTTAFEEVWGVI
sp|P0A7N9|RL33_ECOLI,MAKGIREKIKLVSSAGTGHFYTTTKNKRTKPEKLELKKFDPVVRQHVIYKEAKIK
sp|P33442|RS3A1_YEAST,MAVGKNKRLSKGKKGQKKRVVDPFTRKEWFDIKAPSTFENRNVGKTLVNKSTGLKSASDALKGRVVEVCLADLQGSEDHSFRKIKLRVDEVQGKNLLTNFHGMDFTTDKLRSMVRKWQTLIEANVTVKTSDDYVLRIFAIAFTRKQANQVKRHSYAQSSHIRAIRKVISEILTKEVQGSTLAQLTSKLIPEVINKEIENATKDIFPLQNIHVRKVKLLKQPKFDVGALMALHGEGSGEEKGKKVTGFKDEVLETV
sp|P0DTT0|BIPA_ECOLI,MIEKLRNIAIIAHVDHGKTTLVDKLLQQSGTFDSRAETQERVMDSNDLEKERGITILAKNTAIKWNDYRINIVDTPGHADFGGEVERVMSMVDSVLLVVDAFDGPMPQTRFVTKKAFAYGLKPIVVINKVDRPGARPDWVVDQVFDLFVNLDATDEQLDFPIVYASALNGIAGLDHEDMAEDMTPLYQAIVDHVPAPDVDLDGPFQMQISQLDYNSYVGVIGIGRIKRGKVKPNQQVTIIDSEGKTRNAKVGKVLGHLGLERIETDLAEAGDIVAITGLGELNISDTVCDTQNVEALPALSVDEPTVSMFFCVNTSPFCGKEGKFVTSRQILDRLNKELVHNVALRVEETEDADAFRVSGRGELHLSVLIENMRREGFELAVSRPKVIFREIDGRKQEPYENVTLDVEEQHQGSVMQALGERKGDLKNMNPDGKGRVRLDYVIPSRGLIGFRSEFMTMTSGTGLLYSTFSHYDDVRPGEVGQRQNGVLISNGQGKAVAFALFGLQDRGKLFLGHGAEVYEGQIIGIHSRSNDLTVNCLTGKKLTNMRASGTDEAVVLVPPIRMTLEQALEFIDDDELVEVTPTSIRIRKRHLTENDRRRANRAPKDD
sp|Q96I51|RCC1L_HUMAN,MALVALVAGARLGRRLSGPGLGRGHWTAAGRSRSRREAAEAEAEVPVVQYVGERAARADRVFVWGFSFSGALGVPSFVVPSSGPGPRAGARPRRRIQPVPYRLELDQKISSAACGYGFTLLSSKTADVTKVWGMGLNKDSQLGFHRSRKDKTRGYEYVLEPSPVSLPLDRPQETRVLQVSCGRAHSLVLTDREGVFSMGNNSYGQCGRKVVENEIYSESHRVHRMQDFDGQVVQVACGQDHSLFLTDKGEVYSCGWGADGQTGLGHYNITSSPTKLGGDLAGVNVIQVATYGDCCLAVSADGGLFGWGNSEYLQLASVTDSTQVNVPRCLHFSGVGKVRQAACGGTGCAVLNGEGHVFVWGYGILGKGPNLVESAVPEMIPPTLFGLTEFNPEIQVSRIRCGLSHFAALTNKGELFVWGKNIRGCLGIGRLEDQYFPWRVTMPGEPVDVACGVDHMVTLAKSFI
sp|P37108|SRP14_HUMAN,MVLLESEQFLTELTRLFQKCRTSGSVYITLKKYDGRTKPIPKKGTVEGFEPADNKCLLRATDGKKKISTVVSSKEVNKFQMAYSNLLRANMDGLKKRDKKNKTKKTKAAAAAAAAAPAAAATAPTTAATTAATAAQ
sp|P07012|RF2_ECOLI,MFEINPVNNRIQDLTERSDVLRGYLDYDAKKERLEEVNAELEQPDVWNEPERAQALGKERSSLEAVVDTLDQMKQGLEDVSGLLELAVEADDEETFNEAVAELDALEEKLAQLEFRRMFSGEYDSADCYLDIQAGSGGTEAQDWASMLERMYLRWAESRGFKTEIIEESEGEVAGIKSVTIKISGDYAYGWLRTETGVHRLVRKSPFDSGGRRHTSFSSAFVYPEVDDDIDIEINPADLRIDVYRTSGAGGQHVNRTESAVRITHIPTGIVTQCQNDRSQHKNKDQAMKQMKAKLYELEMQKKNAEKQAMEDNKSDIGWGSQIRSYVLDDSRIKDLRTGVETRNTQAVLDGSLDQFIEASLKAGL
sp|P15357|RS27A_DROME,MQIFVKTLTGKTITLEVEPSDTIENVKAKIQDKEGIPPDQQRLIFAGKQLEDGRTLSDYNIQKESTLHLVLRLRGGAKKRKKKNYSTPKKIKHKRKKVKLAVLKYYKVDENGKIHRLRRECPGENCGAGVFMAAHEDRHYCGKCNLTFVFSKPEEK
sp|O15381|NVL_HUMAN,MKPRPAGFVDNKLKQRVIQYLTSNKCGKYVDIGVLASDLQRVYSIDYGRRKRNAFRIQVEKVFSIISSEKELKNLTELEDEHLAKRARQGEEDNEYTESYSDDDSSMEDYPDPQSANHMNSSLLSLYRKGNPDSVSNTPEMEQRETTSSTPRISSKTGSIPLKTPAKDSEGGWFIDKTPSVKKDSFFLDLSCEKSNPKKPITEIQDSKDSSLLESDMKRKGKLKNKGSKRKKEDLQEVDGEIEAVLQKKAKARGLEFQISNVKFEDVGGNDMTLKEVCKMLIHMRHPEVYHHLGVVPPRGVLLHGPPGCGKTLLAHAIAGELDLPILKVAAPEIVSGVSGESEQKLRELFEQAVSNAPCIIFIDEIDAITPKREVASKDMERRIVAQLLTCMDDLNNVAATARVLVIGATNRPDSLDPALRRAGRFDREICLGIPDEASRERILQTLCRKLRLPQAFDFCHLAHLTPGFVGADLMALCREAAMCAVNRVLMKLQEQQKKNPEMEDLPSKGVQEERLGTEPTSETQDELQRLLGLLRDQDPLSEEQMQGLCIELNDFIVALSSVQPSAKREGFVTVPNVTWADIGALEDIREELTMAILAPVRNPDQFKALGLVTPAGVLLAGPPGCGKTLLAKAVANESGLNFISVKGPELLNMYVGESERAVRQVFQRAKNSAPCVIFFDEVDALCPRRSDRETGASVRVVNQLLTEMDGLEARQQVFIMAATNRPDIIDPAILRPGRLDKTLFVGLPPPADRLAILKTITKNGTKPPLDADVNLEAIAGDLRCDCYTGADLSALVREASICALRQEMARQKSGNEKGELKVSHKHFEEAFKKVRSSISKKDQIMYERLQESLSR
sp|P39015|STM1_YEAST,MSNPFDLLGNDVEDADVVVLPPKEIVKSNTSSKKADVPPPSADPSKARKNRPRPSGNEGAIRDKTAGRRNNRSKDVTDSATTKKSNTRRATDRHSRTGKTDTKKKVNQGWGDDKKELSAEKEAQADAAAEIAEDAAEAEDAGKPKTAQLSLQDYLNQQANNQFNKVPEAKKVELDAERIETAEKEAYVPATKVKNVKSKQLKTKEYLEFDATFVESNTRKNFGDRNNNSRNNFNNRRGGRGARKGNNTANATNSANTVQKNRNIDVSNLPSLA
sp|P0A7T3|RS16_ECOLI,MVTIRLARHGAKKRPFYQVVVADSRNARNGRFIERVGFFNPIASEKEEGTRLDLDRIAHWVGQGATISDRVAALIKEVNKAA
sp|Q8TDN6|BRX1_HUMAN,MAATKRKRRGGFAVQAKKPKRNEIDAEPPAKRHATAEEVEEEERDRIPGPVCKGKWKNKERILIFSSRGINFRTRHLMQDLRMLMPHSKADTKMDRKDKLFVINEVCEMKNCNKCIYFEAKKKQDLYMWLSNSPHGPSAKFLVQNIHTLAELKMTGNCLKGSRPLLSFDPAFDELPHYALLKELLIQIFSTPRYHPKSQPFVDHVFTFTILDNRIWFRNFQIIEEDAALVEIGPRFVLNLIKIFQGSFGGPTLYENPHYQSPNMHRRVIRSITAAKYREKQQVKDVQKLRKKEPKTLLPHDPTADVFVTPAEEKPIEIQWVKPEPKVDLKARKKRIYKRQRKMKQRMDSGKTK
sp|P62244|RS15A_HUMAN,MVRMNVLADALKSINNAEKRGKRQVLIRPCSKVIVRFLTVMMKHGYIGEFEIIDDHRAGKIVVNLTGRLNKCGVISPRFDVQLKDLEKWQNNLLPSRQFGFIVLTTSAGIMDHEEARRKHTGGKILGFFF
sp|Q02326|RL6A_YEAST,MSAQKAPKWYPSEDVAALKKTRKAARPQKLRASLVPGTVLILLAGRFRGKRVVYLKHLEDNTLLISGPFKVNGVPLRRVNARYVIATSTKVSVEGVNVEKFNVEYFAKEKLTKKEKKEANLFPEQQNKEIKAERVEDQKVVDKALIAEIKKTPLLKQYLSASFSLKNGDKPHMLKF
sp|P35184|SQT1_YEAST,MEPQEEFITTEEVEQEIVPTVEVEQDVPVDIEGENDDDDEMMNDDEEALEVDMSNNSLTYFDKHTDSVFAIGHHPNLPLVCTGGGDNLAHLWTSHSQPPKFAGTLTGYGESVISCSFTSEGGFLVTADMSGKVLVHMGQKGGAQWKLASQMQEVEEIVWLKTHPTIARTFAFGATDGSVWCYQINEQDGSLEQLMSGFVHQQDCSMGEFINTDKGENTLELVTCSLDSTIVAWNCFTGQQLFKITQAEIKGLEAPWISLSLAPETLTKGNSGVVACGSNNGLLAVINCNNGGAILHLSTVIELKPEQDELDASIESISWSSKFSLMAIGLVCGEILLYDTSAWRVRHKFVLEDSVTKLMFDNDDLFASCINGKVYQFNARTGQEKFVCVGHNMGVLDFILLHPVANTGTEQKRKVITAGDEGVSLVFEVPN
sp|P0A7T7|RS18_ECOLI,MARYFRRRKFCRFTAEGVQEIDYKDIATLKNYITESGKIVPSRITGTRAKYQRQLARAIKRARYLSLLPYTDRHQ
sp|P04449|RL24A_YEAST,MKVEIDSFSGAKIYPGRGTLFVRGDSKIFRFQNSKSASLFKQRKNPRRIAWTVLFRKHHKKGITEEVAKKRSRKTVKAQRPITGASLDLIKERRSLKPEVRKANREEKLKANKEKKKAEKAARKAEKAKSAGTQSSKFSKQQAKGAFQKVAATSR
sp|Q9NVN8|GNL3L_HUMAN,MMKLRHKNKKPGEGSKGHKKISWPYPQPAKQNGKKATSKVPSAPHFVHPNDHANREAELKKKWVEEMREKQQAAREQERQKRRTIESYCQDVLRRQEEFEHKEEVLQELNMFPQLDDEATRKAYYKEFRKVVEYSDVILEVLDARDPLGCRCFQMEEAVLRAQGNKKLVLVLNKIDLVPKEVVEKWLDYLRNELPTVAFKASTQHQVKNLNRCSVPVDQASESLLKSKACFGAENLMRVLGNYCRLGEVRTHIRVGVVGLPNVGKSSLINSLKRSRACSVGAVPGITKFMQEVYLDKFIRLLDAPGIVPGPNSEVGTILRNCVHVQKLADPVTPVETILQRCNLEEISNYYGVSGFQTTEHFLTAVAHRLGKKKKGGLYSQEQAAKAVLADWVSGKISFYIPPPATHTLPTHLSAEIVKEMTEVFDIEDTEQANEDTMECLATGESDELLGDTDPLEMEIKLLHSPMTKIADAIENKTTVYKIGDLTGYCTNPNRHQMGWAKRNVDHRPKSNSMVDVCSVDRRSVLQRIMETDPLQQGQALASALKNKKKMQKRADKIASKLSDSMMSALDLSGNADDGVGD
sp|P05744|RL33A_YEAST,MAESHRLYVKGKHLSYQRSKRVNNPNVSLIKIEGVATPQDAQFYLGKRIAYVYRASKEVRGSKIRVMWGKVTRTHGNSGVVRATFRNNLPAKTFGASVRIFLYPSNI
sp|P53927|NOP15_YEAST,MVKSTSKTSTKETVTKQPTEEKPIQEKEELALETSSSSSDEEDEKDEDEIEGLAASDDEQSGTHKIKRLNPKKQANEKKSKDKKTLEEYSGIIYVSRLPHGFHEKELSKYFAQFGDLKEVRLARNKKTGNSRHYGFLEFVNKEDAMIAQESMNNYLLMGHLLQVRVLPKGAKIEKLYKYKKRVLVEKGITKPVKQLKDNMKQKHEERIKKLAKSGIEFKW
sp|Q8R3L2|TCF25_MOUSE,MSRRALRRLRGEQRGQEPLGPDALKFVLLDDDDAEEEGPKPGLGGRRPGGAGKEGVRVNNRFELINTEDLEDDLVVNGERSDCTLPDSVSSGNKGRAKHGNAETKQDGGATKAGSSEQSNASGKLRKKKKKQKNKKSCTGESSENGLEDIDRILERIEDSSGFSHPGPPPLSSRKHVLYVEHRHLNPDTELKRYFGARAVLGEQRPRQRQRVYPKCTWLTTPKSTWPRYSKPGLSMRLLESKKGLSFFAFDHNEEYQQAQHKFLVAVESMEPNNIVVLLQTSPYHVDSLLQLSDACRFQEDQEMARDLIERALYSMECAFHPLFSLTSGTCRLDYRRPENRSFYLTLYKQMSFLEKRGCPRTALEYCKLILSLEPDEDPLCMLLLIDHLALRARNYEYLIRLFQEWEAHRNLSQLPNFAFSVPLAYFLLSQQTDLPEHELSSARQQASLLIQQALTMFPGVLMPLLEYCSVRPDATVSNHRFFGPDAEISQPPALGQLVSLYLGRSHFLWKEPAIMSWLEENVHEVLQAVDAGDPAVEACENRRKVLYQRAPRNIHRHVILSEIKEAVAALPSDVTTQSVMGFDPLPPLDTIYSYVRPERLSPVSHGNTIALFFRSLLPNYTTEGERLEEGVAGGPNRNQGLNRLMLAVRDMMANFHFNDLEVPREDNPEGEGDWD
sp|Q14331|FRG1_HUMAN,MAEYSYVKSTKLVLKGTKTKSKKKKSKDKKRKREEDEETQLDIVGIWWTVTNFGEISGTIAIEMDKGTYIHALDNGLFTLGAPHKEVDEGPSPPEQFTAVKLSDSRIALKSGYGKYLGINSDGLVVGRSDAIGPREQWEPVFQNGKMALLASNSCFIRCNEAGDIEAKSKTAGEEEMIKIRSCAERETKKKDDIPEEDKGNVKQCEINYVKKFQSFQDHKLKISKEDSKILKKARKDGFLHETLLDRRAKLKADRYCK
sp|Q12080|NOP53_YEAST,MAPTNLTKKPSQYKQSSRKGKKAWRKNIDLSDVEQYMEKKIDHEITHGTSDITSLQNDALFHVDVEGDEILKNKLIKRKQIKKVLKSKEILDAVKTNSKIAALNHHKNSSGNPNKIQGVSKHELKKLMALAGRVHGESKIKNRVAKDGLVKTTAGDLWGEESNSKKQKVKLPSGIKLDVEKKDQIPEELLKKSTTSWSTASVRPSTLDIEPIAVKEFTEIPHAGKSYNPNNKAWSELINKEYKEEKAREDERIALEKYKERIRHLMETLDDNEEEESSSNEEEEEEEEENENENESTQCSGSDKEIKLSINKPVKNKKKTKYQRNKAKRHEEKVKLQQELKELRQRVKDLEEVINSEETEILSAIESDSNKVKKSKKNKKHKLGTKYSVIDERLEIKFSDELSDSLRKLKPEGNLLYDTVRKLQSSGKVETRVPVRKGRKYKQKITEKWTHKDFK
sp|P62750|RL23A_HUMAN,MAPKAKKEAPAPPKAEAKAKALKAKKAVLKGVHSHKKKKIRTSPTFRRPKTLRLRRQPKYPRKSAPRRNKLDHYAIIKFPLTTESAMKKIEDNNTLVFIVDVKANKHQIKQAVKKLYDIDVAKVNTLIRPDGEKKAYVRLAPDYDALDVANKIGII
sp|P62861|RS30_HUMAN,MQLFVRAQELHTFEVTGQETVAQIKAHVASLEGIAPEDQVVLLAGAPLEDEATLGQCGVEALTTLEVAGRMLGGKVHGSLARAGKVRGQTPKVAKQEKKKKKTGRAKRRMQYNRRFVNVVPTFGKKKGPNANS
sp|P86048|RL10L_MOUSE,MGRRPARCYRYCKNKPYPKSRFCRGVPDAKIRIFDLGRKKAKVDEFPLCGHMVSDEYEQLSSEALEAARICANKYMVKSCGKDGFHIRVRLHPFHVIRINKMLSCAGADRLQTGMRGAFGKPQGTVARVHIGQVIMSIRTKLQNKEHVIEALRRAKFKFPGRQKIHISKKWGFTKFNADEFEDKVAAKRLIPDGCGVKYIPERGPLDKWRALHS
sp|P68040|RACK1_MOUSE,MTEQMTLRGTLKGHNGWVTQIATTPQFPDMILSASRDKTIIMWKLTRDETNYGIPQRALRGHSHFVSDVVISSDGQFALSGSWDGTLRLWDLTTGTTTRRFVGHTKDVLSVAFSSDNRQIVSGSRDKTIKLWNTLGVCKYTVQDESHSEWVSCVRFSPNSSNPIIVSCGWDKLVKVWNLANCKLKTNHIGHTGYLNTVTVSPDGSLCASGGKDGQAMLWDLNEGKHLYTLDGGDIINALCFSPNRYWLCAATGPSIKIWDLEGKIIVDELKQEVISTSSKAEPPQCTSLAWSADGQTLFAGYTDNLVRVWQVTIGTR
sp|P62269|RS18_HUMAN,MSLVIPEKFQHILRVLNTNIDGRRKIAFAITAIKGVGRRYAHVVLRKADIDLTKRAGELTEDEVERVITIMQNPRQYKIPDWFLNRQKDVKDGKYSQVLANGLDNKLREDLERLKKIRAHRGLRHFWGLRVRGQHTKTTGRRGRTVGVSKKK
sp|P0A7M6|RL29_ECOLI,MKAKELREKSVEELNTELLNLLREQFNLRMQAASGQLQQSHLLKQVRRDVARVKTLLNEKAGA
sp|Q9NY12|GAR1_HUMAN,MSFRGGGRGGFNRGGGGGGFNRGGSSNHFRGGGGGGGGGNFRGGGRGGFGRGGGRGGFNKGQDQGPPERVVLLGEFLHPCEDDIVCKCTTDENKVPYFNAPVYLENKEQIGKVDEIFGQLRDFYFSVKLSENMKASSFKKLQKFYIDPYKLLPLQRFLPRPPGEKGPPRGGGRGGRGGGRGGGGRGGGRGGGFRGGRGGGGGGFRGGRGGGFRGRGH
sp|Q9UPY3|DICER_HUMAN,MKSPALQPLSMAGLQLMTPASSPMGPFFGLPWQQEAIHDNIYTPRKYQVELLEAALDHNTIVCLNTGSGKTFIAVLLTKELSYQIRGDFSRNGKRTVFLVNSANQVAQQVSAVRTHSDLKVGEYSNLEVNASWTKERWNQEFTKHQVLIMTCYVALNVLKNGYLSLSDINLLVFDECHLAILDHPYREIMKLCENCPSCPRILGLTASILNGKCDPEELEEKIQKLEKILKSNAETATDLVVLDRYTSQPCEIVVDCGPFTDRSGLYERLLMELEEALNFINDCNISVHSKERDSTLISKQILSDCRAVLVVLGPWCADKVAGMMVRELQKYIKHEQEELHRKFLLFTDTFLRKIHALCEEHFSPASLDLKFVTPKVIKLLEILRKYKPYERQQFESVEWYNNRNQDNYVSWSDSEDDDEDEEIEEKEKPETNFPSPFTNILCGIIFVERRYTAVVLNRLIKEAGKQDPELAYISSNFITGHGIGKNQPRNKQMEAEFRKQEEVLRKFRAHETNLLIATSIVEEGVDIPKCNLVVRFDLPTEYRSYVQSKGRARAPISNYIMLADTDKIKSFEEDLKTYKAIEKILRNKCSKSVDTGETDIDPVMDDDDVFPPYVLRPDDGGPRVTINTAIGHINRYCARLPSDPFTHLAPKCRTRELPDGTFYSTLYLPINSPLRASIVGPPMSCVRLAERVVALICCEKLHKIGELDDHLMPVGKETVKYEEELDLHDEEETSVPGRPGSTKRRQCYPKAIPECLRDSYPRPDQPCYLYVIGMVLTTPLPDELNFRRRKLYPPEDTTRCFGILTAKPIPQIPHFPVYTRSGEVTISIELKKSGFMLSLQMLELITRLHQYIFSHILRLEKPALEFKPTDADSAYCVLPLNVVNDSSTLDIDFKFMEDIEKSEARIGIPSTKYTKETPFVFKLEDYQDAVIIPRYRNFDQPHRFYVADVYTDLTPLSKFPSPEYETFAEYYKTKYNLDLTNLNQPLLDVDHTSSRLNLLTPRHLNQKGKALPLSSAEKRKAKWESLQNKQILVPELCAIHPIPASLWRKAVCLPSILYRLHCLLTAEELRAQTASDAGVGVRSLPADFRYPNLDFGWKKSIDSKSFISISNSSSAENDNYCKHSTIVPENAAHQGANRTSSLENHDQMSVNCRTLLSESPGKLHVEVSADLTAINGLSYNQNLANGSYDLANRDFCQGNQLNYYKQEIPVQPTTSYSIQNLYSYENQPQPSDECTLLSNKYLDGNANKSTSDGSPVMAVMPGTTDTIQVLKGRMDSEQSPSIGYSSRTLGPNPGLILQALTLSNASDGFNLERLEMLGDSFLKHAITTYLFCTYPDAHEGRLSYMRSKKVSNCNLYRLGKKKGLPSRMVVSIFDPPVNWLPPGYVVNQDKSNTDKWEKDEMTKDCMLANGKLDEDYEEEDEEEESLMWRAPKEEADYEDDFLEYDQEHIRFIDNMLMGSGAFVKKISLSPFSTTDSAYEWKMPKKSSLGSMPFSSDFEDFDYSSWDAMCYLDPSKAVEEDDFVVGFWNPSEENCGVDTGKQSISYDLHTEQCIADKSIADCVEALLGCYLTSCGERAAQLFLCSLGLKVLPVIKRTDREKALCPTRENFNSQQKNLSVSCAAASVASSRSSVLKDSEYGCLKIPPRCMFDHPDADKTLNHLISGFENFEKKINYRFKNKAYLLQAFTHASYHYNTITDCYQRLEFLGDAILDYLITKHLYEDPRQHSPGVLTDLRSALVNNTIFASLAVKYDYHKYFKAVSPELFHVIDDFVQFQLEKNEMQGMDSELRRSEEDEEKEEDIEVPKAMGDIFESLAGAIYMDSGMSLETVWQVYYPMMRPLIEKFSANVPRSPVRELLEMEPETAKFSPAERTYDGKVRVTVEVVGKGKFKGVGRSYRIAKSAAARRALRSLKANQPQVPNS
sp|P19954|PRSP1_SPIOL,MATLCTSAINMNPNLTNSLSNSINLSSTPTNLSSLRSTFTNSCSLGLNVAVKSVQISRNKPNVVCMSWDGPLSSVKLILQGRNLEVSDNVRSHVEDKVGKSVAKHSHLVREVDVRLSARGGDLSKGPKLRRCEVTLFTKRHGVIRAEEDAESLYSSIDLVSSIIQRKLRKIKDKVSDHGRHMKGFNRSKVRDPEPVRITREEVLEEVESAPAPVSVEDDDFIEEVVRTKYFDMPPLTITEAVEQLENVDHDFYAFRNEETGDINILYKRKEGGYGLIIPKDGKTEKLESLPVQTDKQPSFAE
sp|P0A7V0|RS2_ECOLI,MATVSMRDMLKAGVHFGHQTRYWNPKMKPFIFGARNKVHIINLEKTVPMFNEALAELNKIASRKGKILFVGTKRAASEAVKDAALSCDQFFVNHRWLGGMLTNWKTVRQSIKRLKDLETQSQDGTFDKLTKKEALMRTRELEKLENSLGGIKDMGGLPDALFVIDADHEHIAIKEANNLGIPVFAIVDTNSDPDGVDFVIPGNDDAIRAVTLYLGAVAATVREGRSQDLASQAEESFVEAE
sp|A0A1D8PK71|STM1_CANAL,MSFQNKNLYDLLGNDVEEDAAPSAPSREVVKKNTSSKKSDAAPASADPAKAKKKKSPTGNEAALKNKNFNKDVAPPQSTATKHSKKPFDRHSRTGKTDSKKKLQQGWGQSDKRELEGEVEGTEDAEAELEAEAEENDESANAIPKKSLQEYLAELELSKQELEGSKKLRQANEGAEQKWTAEEKIEKQQEVFFASTHTKKAKSKAQKEKVFLDIDANFGDEQPQTTRGGFRGGKRGGARGGSRGGAKRGGARGAAKPEVNDKNFPSL
sp|P31009|RS2_DROME,MADEAPARSGFRGGFGSRGGRGGRGRGRGRWARGRGKEDSKEWVPVTKLGRLVREGKIKSLEEIYLYSLPIKEFEIIDFFLGSSLKDEVLKIMPVQKQTRAGQRTRFKAFVAIGDNNGHIGLGVKCSKEVATAIRGAIILAKLSVVPVRRGYWGNKIGKPHTVPCKVTGKCGSVSVRLIPAPRGTGIVSAPVPKKLLTMAGIEDCYTSARGSTGTLGNFAKATYAAIAKTYAYLTPDLWKEMPLGSTPYQAYSDFLSKPTPRLHADA
sp|P97461|RS5_MOUSE,MTEWEAATPAVAETPDIKLFGKWSTDDVQINDISLQDYIAVKEKYAKYLPHSAGRYAAKRFRKAQCPIVERLTNSMMMHGRNNGKKLMTVRIVKHAFEIIHLLTGENPLQVLVNAIINSGPREDSTRIGRAGTVRRQAVDVSPLRRVNQAIWLLCTGAREAAFRNIKTIAECLADELINAAKGSSNSYAIKKKDELERVAKSNR
sp|P0A8B2|SMRB_ECOLI,MKKKTTLSEEDQALFRQLMAGTRKIKQDTIVHRPQRKKISEVPVKRLIQEQADASHYFSDEFQPLLNTEGPVKYVRPDVSHFEAKKLRRGDYSPELFLDLHGLTQLQAKQELGALIAACRREHVFCACVMHGHGKHILKQQTPLWLAQHPHVMAFHQAPKEYGGDAALLVLIEVEEWLPPELP
sp|P33201|MRT4_YEAST,MPRSKRSKLVTLAQTDKKGRENKERIFDEVREALDTYRYVWVLHLDDVRTPVLQEIRTSWAGSKLIMGKRKVLQKALGEKREEEYKENLYQLSKLCSGVTGLLFTDEDVNTVKEYFKSYVRSDYSRPNTKAPLTFTIPEGIVYSRGGQIPAEEDVPMIHSLEPTMRNKFEIPTKIKAGKITIDSPYLVCTEGEKLDVRQALILKQFGIAASEFKVKVSAYYDNDSSTVESTNINME
sp|Q99848|EBP2_HUMAN,MDTPPLSDSESESDESLVTDRELQDAFSRGLLKPGLNVVLEGPKKAVNDVNGLKQCLAEFKRDLEWVERLDVTLGPVPEIGGSEAPAPQNKDQKAVDPEDDFQREMSFYRQAQAAVLAVLPRLHQLKVPTKRPTDYFAEMAKSDLQMQKIRQKLQTKQAAMERSEKAKQLRALRKYGKKVQTEVLQKRQQEKAHMMNAIKKYQKGFSDKLDFLEGDQKPLAQRKKAGAKGQQMRKGPSAKRRYKNQKFGFGGKKKGSKWNTRESYDDVSSFRAKTAHGRGLKRPGKKGSNKRPGKRTREKMKNRTH
sp|P80373|RS4_THET8,MGRYIGPVCRLCRREGVKLYLKGERCYSPKCAMERRPYPPGQHGQKRARRPSDYAVRLREKQKLRRIYGISERQFRNLFEEASKKKGVTGSVFLGLLESRLDNVVYRLGFAVSRRQARQLVRHGHITVNGRRVDLPSYRVRPGDEIAVAEKSRNLELIRQNLEAMKGRKVGPWLSLDVEGMKGKFLRLPDREDLALPVNEQLVIEFYSR
sp|P62751|RL23A_MOUSE,MAPKAKKEAPAPPKAEAKAKALKAKKAVLKGVHSHKKKKIRTSPTFRRPKTLRLRRQPKYPRKSAPRRNKLDHYAIIKFPLTTESAMKKIEDNNTLVFIVDVKANKHQIKQAVKKLYDIDVAKVNTLIRPDGEKKAYVRLAPDYDALDVANKIGII
sp|Q8IVS2|FABD_HUMAN,MSVRVARVAWVRGLGASYRRGASSFPVPPPGAQGVAELLRDATGAEEEAPWAATERRMPGQCSVLLFPGQGSQVVGMGRGLLNYPRVRELYAAARRVLGYDLLELSLHGPQETLDRTVHCQPAIFVASLAAVEKLHHLQPSVIENCVAAAGFSVGEFAALVFAGAMEFAEGLYAVKIRAEAMQEASEAVPSGMLSVLGQPQSKFNFACLEAREHCKSLGIENPVCEVSNYLFPDCRVISGHQEALRFLQKNSSKFHFRRTRMLPVSGAFHTRLMEPAVEPLTQALKAVDIKKPLVSVYSNVHAHRYRHPGHIHKLLAQQLVSPVKWEQTMHAIYERKKGRGFPQTFEVGPGRQLGAILKSCNMQAWKSYSAVDVLQTLEHVDLDPQEPPR
sp|Q9Y450|HBS1L_HUMAN,MARHRNVRGYNYDEDFEDDDLYGQSVEDDYCISPSTAAQFIYSRRDKPSVEPVEEYDYEDLKESSNSVSNHQLSGFDQARLYSCLDHMREVLGDAVPDEILIEAVLKNKFDVQKALSGVLEQDRVQSLKDKNEATVSTGKIAKGKPVDSQTSRSESEIVPKVAKMTVSGKKQTMGFEVPGVSSEENGHSFHTPQKGPPIEDAIASSDVLETASKSANPPHTIQASEEQSSTPAPVKKSGKLRQQIDVKAELEKRQGGKQLLNLVVIGHVDAGKSTLMGHMLYLLGNINKRTMHKYEQESKKAGKASFAYAWVLDETGEERERGVTMDVGMTKFETTTKVITLMDAPGHKDFIPNMITGAAQADVAVLVVDASRGEFEAGFETGGQTREHGLLVRSLGVTQLAVAVNKMDQVNWQQERFQEITGKLGHFLKQAGFKESDVGFIPTSGLSGENLITRSQSSELTKWYKGLCLLEQIDSFKPPQRSIDKPFRLCVSDVFKDQGSGFCITGKIEAGYIQTGDRLLAMPPNETCTVKGITLHDEPVDWAAAGDHVSLTLVGMDIIKINVGCIFCGPKVPIKACTRFRARILIFNIEIPITKGFPVLLHYQTVSEPAVIKRLISVLNKSTGEVTKKKPKFLTKGQNALVELQTQRPIALELYKDFKELGRFMLRYGGSTIAAGVVTEIKE
sp|Q3UMC0|AFG2A_MOUSE,MSSKKNRKRQKEGAEGASPSLSAAPSRSGTSTPFAQPSPAAPGMLVVTNFLEKVDGKVPKTFQNSLVHLGLNTMKSANICIGRPVLLTSLDGKQEVYTAWPVAGFPGGKVGLSEMAQKNVGVRAGETIQVQPLLGAVLQAQEMDLALSDKDKEINEEELTGCILRKLDGKIVLPGNFLYCTFYGRLCKLQVLQVKGTDGTTLGKLQSASGTDAQGMASEHSSMESSDVDLSFQLSQLDLKEPQSPSSQSTPCKPTNDRTVNKAGEVLLDVTQSPRDGSGLGLEESTGLKCSFDSSKEGNTQPVSEEKLLKPASAGTKSNTDTFYFISSTTRINLRKICTNSKEQDSQFKVTYDMIGGLNSQLKAIREIIELPLKQPELFKSYGIPAPRGLLLYGPPGTGKTMIARAVANEVGAYVSVINGPEIISKFYGETEARLRQIFAEATLRHPSIIFIDELDALCPKREGAQSEVEKRVVASLLTLMDGIGSEGSEGRVLVLGATNRPQALDAALRRPGRFDKEIEIGIPNAQDRLDILQKLLRRVPHLLTKAELLRLANNAHGYVGADLKALCNEAGLHALRRVLRKQPNLPDSKVAGMVKITLNDFLQGMNDIRPSAMREVAIDVPNVSWSDIGGLENIKLKLKQAVEWPLKHPKSFNRMGIQPPKGVLLYGPPGCSKTMIAKALANESGLNFLAIKGPELMNKYVGESERAVREIFRKARAVAPSIIFFDELDALAVERGSSSGAGNVADRVLAQLLTEMDGIEQLKNVTVLAATNRPDRIDKALMRPGRIDRIIYVPLPDAATRREILNLQFHSMPISNEVDLDELVLQTDTYSGAEIIAVCKEAALLALEENIKADCIMKRHFTQALSIVTPRIPESLRRFYEDYQEKSGLHTV
sp|Q02878|RL6_HUMAN,MAGEKVEKPDTKEKKPEAKKVDAGGKVKKGNLKAKKPKKGKPHCSRNPVLVRGIGRYSRSAMYSRKAMYKRKYSAAKSKVEKKKKEKVLATVTKPVGGDKNGGTRVVKLRKMPRYYPTEDVPRKLLSHGKKPFSQHVRKLRASITPGTILIILTGRHRGKRVVFLKQLASGLLLVTGPLVLNRVPLRRTHQKFVIATSTKIDISNVKIPKHLTDAYFKKKKLRKPRHQEGEIFDTEKEKYEITEQRKIDQKAVDSQILPKIKAIPQLQGYLRSVFALTNGIYPHKLVF
sp|Q9CY58|SERB1_MOUSE,MPGHLQEGFGCVVTNRFDQLFDDESDPFEVLKAAENKKKEAGGGGVGGPGAKSAAQAAAQTNSNAAGKQLRKESQKDRKNPLPPSVGVADKKEETQPPVALKKEGIRRVGRRPDQQLQGDGKLIDRRAERRPPRERRFEKPLEEKGEGGEFSVDRPIIERPIRGRGGLGRGRGGRGRGMGRGDGFDSRGKREFDRHSGSDRSSFSHYSGLKHEDKRGGSGSHNWGTVKDELTESPKYIQKQISYNCSDLDQSNVTEETPEGEEHPVADTENKENEVEEVKEEGPKEMTLDEWKAIQNKDRAKVEFNIRKPNEGADGQWKKGFVLHKSKSEEAHAEDSVMDHHFRKPANDITSQLEINFGDLGRPGRGGRGGRGGRGRGGRPNRGSRTDKSSASAPDVDDPEAFPALA
sp|Q13610|PWP1_HUMAN,MNRSRQVTCVAWVRCGVAKETPDKVELSKEEVKRLIAEAKEKLQEEGGGSDEEETGSPSEDGMQSARTQARPREPLEDGDPEDDRTLDDDELAEYDLDKYDEEGDPDAETLGESLLGLTVYGSNDQDPYVTLKDTEQYEREDFLIKPSDNLIVCGRAEQDQCNLEVHVYNQEEDSFYVHHDILLSAYPLSVEWLNFDPSPDDSTGNYIAVGNMTPVIEVWDLDIVDSLEPVFTLGSKLSKKKKKKGKKSSSAEGHTDAVLDLSWNKLIRNVLASASADNTVILWDMSLGKPAASLAVHTDKVQTLQFHPFEAQTLISGSYDKSVALYDCRSPDESHRMWRFSGQIERVTWNHFSPCHFLASTDDGFVYNLDARSDKPIFTLNAHNDEISGLDLSSQIKGCLVTASADKYVKIWDILGDRPSLVHSRDMKMGVLFCSSCCPDLPFIYAFGGQKEGLRVWDISTVSSVNEAFGRRERLVLGSARNSSISGPFGSRSSDTPMES
sp|P0A7W7|RS8_ECOLI,MSMQDPIADMLTRIRNGQAANKAAVTMPSSKLKVAIANVLKEEGFIEDFKVEGDTKPELELTLKYFQGKAVVESIQRVSRPGLRIYKRKDELPKVMAGLGIAVVSTSKGVMTDRAARQAGLGGEIICYVA
sp|P0A7R9|RS11_ECOLI,MAKAPIRARKRVRKQVSDGVAHIHASFNNTIVTITDRQGNALGWATAGGSGFRGSRKSTPFAAQVAAERCADAVKEYGIKNLEVMVKGPGPGRESTIRALNAAGFRITNITDVTPIPHNGCRPPKKRRV
sp|Q9GZL7|WDR12_HUMAN,MAQLQTRFYTDNKKYAVDDVPFSIPAASEIADLSNIINKLLKDKNEFHKHVEFDFLIKGQFLRMPLDKHMEMENISSEEVVEIEYVEKYTAPQPEQCMFHDDWISSIKGAEEWILTGSYDKTSRIWSLEGKSIMTIVGHTDVVKDVAWVKKDSLSCLLLSASMDQTILLWEWNVERNKVKALHCCRGHAGSVDSIAVDGSGTKFCSGSWDKMLKIWSTVPTDEEDEMEESTNRPRKKQKTEQLGLTRTPIVTLSGHMEAVSSVLWSDAEEICSASWDHTIRVWDVESGSLKSTLTGNKVFNCISYSPLCKRLASGSTDRHIRLWDPRTKDGSLVSLSLTSHTGWVTSVKWSPTHEQQLISGSLDNIVKLWDTRSCKAPLYDLAAHEDKVLSVDWTDTGLLLSGGADNKLYSYRYSPTTSHVGA
sp|O00571|DDX3X_HUMAN,MSHVAVENALGLDQQFAGLDLNSSDNQSGGSTASKGRYIPPHLRNREATKGFYDKDSSGWSSSKDKDAYSSFGSRSDSRGKSSFFSDRGSGSRGRFDDRGRSDYDGIGSRGDRSGFGKFERGGNSRWCDKSDEDDWSKPLPPSERLEQELFSGGNTGINFEKYDDIPVEATGNNCPPHIESFSDVEMGEIIMGNIELTRYTRPTPVQKHAIPIIKEKRDLMACAQTGSGKTAAFLLPILSQIYSDGPGEALRAMKENGRYGRRKQYPISLVLAPTRELAVQIYEEARKFSYRSRVRPCVVYGGADIGQQIRDLERGCHLLVATPGRLVDMMERGKIGLDFCKYLVLDEADRMLDMGFEPQIRRIVEQDTMPPKGVRHTMMFSATFPKEIQMLARDFLDEYIFLAVGRVGSTSENITQKVVWVEESDKRSFLLDLLNATGKDSLTLVFVETKKGADSLEDFLYHEGYACTSIHGDRSQRDREEALHQFRSGKSPILVATAVAARGLDISNVKHVINFDLPSDIEEYVHRIGRTGRVGNLGLATSFFNERNINITKDLLDLLVEAKQEVPSWLENMAYEHHYKGSSRGRSKSSRFSGGFGARDYRQSSGASSSSFSSSRASSSRSGGGGHGSSRGFGGGGYGGFYNSDGYGGNYNSQGVDWWGN
